pr_id,filename,agent,html_url,fname_match,category,content_k6,any_match
3062241477,cmd/tools/benchmark/job/doc.go,Devin,https://github.com/vdaas/vald/pull/2964,True,generic_perf,False,True
3062241477,cmd/tools/benchmark/job/main.go,Devin,https://github.com/vdaas/vald/pull/2964,True,generic_perf,False,True
3062241477,cmd/tools/benchmark/operator/doc.go,Devin,https://github.com/vdaas/vald/pull/2964,True,generic_perf,False,True
3062241477,cmd/tools/benchmark/operator/main.go,Devin,https://github.com/vdaas/vald/pull/2964,True,generic_perf,False,True
3062241477,cmd/tools/cli/benchmark/core/doc.go,Devin,https://github.com/vdaas/vald/pull/2964,True,generic_perf,False,True
3062241477,cmd/tools/cli/benchmark/core/main.go,Devin,https://github.com/vdaas/vald/pull/2964,True,generic_perf,False,True
3062241477,hack/benchmark/assets/x1b/doc.go,Devin,https://github.com/vdaas/vald/pull/2964,True,generic_perf,False,True
3062241477,hack/benchmark/core/benchmark/benchmark.go,Devin,https://github.com/vdaas/vald/pull/2964,True,generic_perf,False,True
3062241477,hack/benchmark/core/benchmark/benchmark_test.go,Devin,https://github.com/vdaas/vald/pull/2964,True,generic_perf,False,True
3062241477,hack/benchmark/core/benchmark/doc.go,Devin,https://github.com/vdaas/vald/pull/2964,True,generic_perf,False,True
3062241477,hack/benchmark/core/benchmark/option.go,Devin,https://github.com/vdaas/vald/pull/2964,True,generic_perf,False,True
3062241477,hack/benchmark/core/benchmark/option_test.go,Devin,https://github.com/vdaas/vald/pull/2964,True,generic_perf,False,True
3062241477,hack/benchmark/core/benchmark/strategy.go,Devin,https://github.com/vdaas/vald/pull/2964,True,generic_perf,False,True
3062241477,hack/benchmark/core/benchmark/strategy/bulk_insert.go,Devin,https://github.com/vdaas/vald/pull/2964,True,generic_perf,False,True
3062241477,hack/benchmark/core/benchmark/strategy/bulk_insert_commit.go,Devin,https://github.com/vdaas/vald/pull/2964,True,generic_perf,False,True
3062241477,hack/benchmark/core/benchmark/strategy/bulk_insert_commit_test.go,Devin,https://github.com/vdaas/vald/pull/2964,True,generic_perf,False,True
3062241477,hack/benchmark/core/benchmark/strategy/bulk_insert_test.go,Devin,https://github.com/vdaas/vald/pull/2964,True,generic_perf,False,True
3062241477,hack/benchmark/core/benchmark/strategy/doc.go,Devin,https://github.com/vdaas/vald/pull/2964,True,generic_perf,False,True
3062241477,hack/benchmark/core/benchmark/strategy/get_vector.go,Devin,https://github.com/vdaas/vald/pull/2964,True,generic_perf,False,True
3062241477,hack/benchmark/core/benchmark/strategy/get_vector_test.go,Devin,https://github.com/vdaas/vald/pull/2964,True,generic_perf,False,True
3062241477,hack/benchmark/core/benchmark/strategy/insert.go,Devin,https://github.com/vdaas/vald/pull/2964,True,generic_perf,False,True
3062241477,hack/benchmark/core/benchmark/strategy/insert_commit.go,Devin,https://github.com/vdaas/vald/pull/2964,True,generic_perf,False,True
3062241477,hack/benchmark/core/benchmark/strategy/insert_commit_test.go,Devin,https://github.com/vdaas/vald/pull/2964,True,generic_perf,False,True
3062241477,hack/benchmark/core/benchmark/strategy/insert_test.go,Devin,https://github.com/vdaas/vald/pull/2964,True,generic_perf,False,True
3062241477,hack/benchmark/core/benchmark/strategy/remove.go,Devin,https://github.com/vdaas/vald/pull/2964,True,generic_perf,False,True
3062241477,hack/benchmark/core/benchmark/strategy/remove_test.go,Devin,https://github.com/vdaas/vald/pull/2964,True,generic_perf,False,True
3062241477,hack/benchmark/core/benchmark/strategy/search.go,Devin,https://github.com/vdaas/vald/pull/2964,True,generic_perf,False,True
3062241477,hack/benchmark/core/benchmark/strategy/search_test.go,Devin,https://github.com/vdaas/vald/pull/2964,True,generic_perf,False,True
3062241477,hack/benchmark/core/benchmark/strategy/strategy.go,Devin,https://github.com/vdaas/vald/pull/2964,True,generic_perf,False,True
3062241477,hack/benchmark/core/benchmark/strategy/strategy_option.go,Devin,https://github.com/vdaas/vald/pull/2964,True,generic_perf,False,True
3062241477,hack/benchmark/core/benchmark/strategy/strategy_option_test.go,Devin,https://github.com/vdaas/vald/pull/2964,True,generic_perf,False,True
3062241477,hack/benchmark/core/benchmark/strategy/strategy_test.go,Devin,https://github.com/vdaas/vald/pull/2964,True,generic_perf,False,True
3062241477,hack/benchmark/core/benchmark/strategy/util.go,Devin,https://github.com/vdaas/vald/pull/2964,True,generic_perf,False,True
3062241477,hack/benchmark/core/benchmark/strategy/util_test.go,Devin,https://github.com/vdaas/vald/pull/2964,True,generic_perf,False,True
3062241477,hack/benchmark/core/ngt/doc.go,Devin,https://github.com/vdaas/vald/pull/2964,True,generic_perf,False,True
3062241477,hack/benchmark/core/ngt/ngt_bench_test.go,Devin,https://github.com/vdaas/vald/pull/2964,True,generic_perf,False,True
3062241477,hack/benchmark/e2e/agent/core/ngt/doc.go,Devin,https://github.com/vdaas/vald/pull/2964,True,generic_perf,False,True
3062241477,hack/benchmark/internal/assets/doc.go,Devin,https://github.com/vdaas/vald/pull/2964,True,generic_perf,False,True
3062241477,hack/benchmark/internal/core/algorithm/algorithm.go,Devin,https://github.com/vdaas/vald/pull/2964,True,generic_perf,False,True
3062241477,hack/benchmark/internal/core/algorithm/doc.go,Devin,https://github.com/vdaas/vald/pull/2964,True,generic_perf,False,True
3062241477,hack/benchmark/internal/core/algorithm/ngt/doc.go,Devin,https://github.com/vdaas/vald/pull/2964,True,generic_perf,False,True
3062241477,hack/benchmark/internal/core/algorithm/ngt/ngt.go,Devin,https://github.com/vdaas/vald/pull/2964,True,generic_perf,False,True
3062241477,hack/benchmark/internal/core/algorithm/ngt/ngt_test.go,Devin,https://github.com/vdaas/vald/pull/2964,True,generic_perf,False,True
3062241477,hack/benchmark/internal/core/algorithm/ngt/option.go,Devin,https://github.com/vdaas/vald/pull/2964,True,generic_perf,False,True
3062241477,hack/benchmark/internal/core/algorithm/ngt/option_test.go,Devin,https://github.com/vdaas/vald/pull/2964,True,generic_perf,False,True
3062241477,hack/benchmark/internal/db/nosql/cassandra/doc.go,Devin,https://github.com/vdaas/vald/pull/2964,True,generic_perf,False,True
3062241477,hack/benchmark/internal/operation/doc.go,Devin,https://github.com/vdaas/vald/pull/2964,True,generic_perf,False,True
3062241477,hack/benchmark/internal/starter/agent/core/ngt/doc.go,Devin,https://github.com/vdaas/vald/pull/2964,True,generic_perf,False,True
3062241477,hack/benchmark/internal/starter/agent/core/ngt/ngt.go,Devin,https://github.com/vdaas/vald/pull/2964,True,generic_perf,False,True
3062241477,hack/benchmark/internal/starter/agent/core/ngt/ngt_test.go,Devin,https://github.com/vdaas/vald/pull/2964,True,generic_perf,False,True
3062241477,hack/benchmark/internal/starter/agent/core/ngt/option.go,Devin,https://github.com/vdaas/vald/pull/2964,True,generic_perf,False,True
3062241477,hack/benchmark/internal/starter/agent/core/ngt/option_test.go,Devin,https://github.com/vdaas/vald/pull/2964,True,generic_perf,False,True
3062241477,hack/benchmark/internal/starter/doc.go,Devin,https://github.com/vdaas/vald/pull/2964,True,generic_perf,False,True
3062241477,hack/benchmark/internal/starter/gateway/vald/doc.go,Devin,https://github.com/vdaas/vald/pull/2964,True,generic_perf,False,True
3062241477,hack/benchmark/internal/starter/gateway/vald/option.go,Devin,https://github.com/vdaas/vald/pull/2964,True,generic_perf,False,True
3062241477,hack/benchmark/internal/starter/gateway/vald/vald.go,Devin,https://github.com/vdaas/vald/pull/2964,True,generic_perf,False,True
3062241477,hack/benchmark/internal/starter/gateway/vald/vald_test.go,Devin,https://github.com/vdaas/vald/pull/2964,True,generic_perf,False,True
3062241477,hack/benchmark/internal/starter/starter.go,Devin,https://github.com/vdaas/vald/pull/2964,True,generic_perf,False,True
3062241477,hack/benchmark/metrics/doc.go,Devin,https://github.com/vdaas/vald/pull/2964,True,generic_perf,False,True
3062241477,hack/benchmark/src/singleflight/doc.go,Devin,https://github.com/vdaas/vald/pull/2964,True,generic_perf,False,True
3062241477,internal/config/benchmark.go,Devin,https://github.com/vdaas/vald/pull/2964,True,generic_perf,False,True
3062241477,internal/errors/benchmark.go,Devin,https://github.com/vdaas/vald/pull/2964,True,generic_perf,False,True
3062241477,cmd/tools/benchmark/job/doc.go,Devin,https://github.com/vdaas/vald/pull/2964,True,generic_perf,False,True
3062241477,cmd/tools/benchmark/operator/doc.go,Devin,https://github.com/vdaas/vald/pull/2964,True,generic_perf,False,True
3062241477,cmd/tools/cli/benchmark/core/doc.go,Devin,https://github.com/vdaas/vald/pull/2964,True,generic_perf,False,True
3062241477,internal/k8s/vald/benchmark/api/v1/doc.go,Devin,https://github.com/vdaas/vald/pull/2964,True,generic_perf,False,True
3062241477,internal/k8s/vald/benchmark/job/doc.go,Devin,https://github.com/vdaas/vald/pull/2964,True,generic_perf,False,True
3062241477,internal/k8s/vald/benchmark/scenario/doc.go,Devin,https://github.com/vdaas/vald/pull/2964,True,generic_perf,False,True
3062241477,internal/observability/metrics/tools/benchmark/doc.go,Devin,https://github.com/vdaas/vald/pull/2964,True,generic_perf,False,True
3062241477,pkg/tools/benchmark/job/handler/grpc/doc.go,Devin,https://github.com/vdaas/vald/pull/2964,True,generic_perf,False,True
3062241477,pkg/tools/benchmark/job/handler/rest/doc.go,Devin,https://github.com/vdaas/vald/pull/2964,True,generic_perf,False,True
3062241477,pkg/tools/benchmark/job/router/doc.go,Devin,https://github.com/vdaas/vald/pull/2964,True,generic_perf,False,True
3062241477,pkg/tools/benchmark/job/usecase/doc.go,Devin,https://github.com/vdaas/vald/pull/2964,True,generic_perf,False,True
3062241477,pkg/tools/benchmark/operator/handler/grpc/doc.go,Devin,https://github.com/vdaas/vald/pull/2964,True,generic_perf,False,True
3062241477,pkg/tools/benchmark/operator/handler/rest/doc.go,Devin,https://github.com/vdaas/vald/pull/2964,True,generic_perf,False,True
3062241477,pkg/tools/benchmark/operator/router/doc.go,Devin,https://github.com/vdaas/vald/pull/2964,True,generic_perf,False,True
3062241477,pkg/tools/benchmark/operator/usecase/doc.go,Devin,https://github.com/vdaas/vald/pull/2964,True,generic_perf,False,True
3062241477,pkg/tools/benchmark/job/router/option.go,Devin,https://github.com/vdaas/vald/pull/2964,True,generic_perf,False,True
3062241477,pkg/tools/benchmark/job/router/router.go,Devin,https://github.com/vdaas/vald/pull/2964,True,generic_perf,False,True
3062241477,pkg/tools/benchmark/operator/router/option.go,Devin,https://github.com/vdaas/vald/pull/2964,True,generic_perf,False,True
3062241477,pkg/tools/benchmark/operator/router/router.go,Devin,https://github.com/vdaas/vald/pull/2964,True,generic_perf,False,True
3113155476,lib/agents/load-agent.ts,Devin,https://github.com/ibelick/zola/pull/184,True,generic_perf,False,True
2791677300,site/docs/guides/deepseek-benchmark.md,Devin,https://github.com/promptfoo/promptfoo/pull/2709,True,generic_perf,False,True
2791677300,site/docs/guides/qwen-benchmark.md,Devin,https://github.com/promptfoo/promptfoo/pull/2709,True,generic_perf,False,True
2975842137,benchmarks/sharded-bm/bench.sh,Devin,https://github.com/near/nearcore/pull/13308,True,generic_perf,False,True
2975842137,benchmarks/synth-bm/Cargo.toml,Devin,https://github.com/near/nearcore/pull/13308,True,generic_perf,False,True
2975842137,benchmarks/transactions-generator/justfile,Devin,https://github.com/near/nearcore/pull/13308,True,generic_perf,False,True
2975842137,integration-tests/src/tests/client/benchmarks.rs,Devin,https://github.com/near/nearcore/pull/13308,True,generic_perf,False,True
2975842137,benchmarks/synth-bm/Cargo.lock,Devin,https://github.com/near/nearcore/pull/13308,True,generic_perf,False,True
2975842137,benchmarks/synth-bm/Cargo.toml,Devin,https://github.com/near/nearcore/pull/13308,True,generic_perf,False,True
2941637629,airbyte-cdk/bulk/core/load/src/integrationTest/kotlin/io/airbyte/cdk/load/mock_integration_test/MockDestinationWriter.kt,Devin,https://github.com/airbytehq/airbyte/pull/56355,True,generic_perf,False,True
2941637629,airbyte-cdk/bulk/core/load/src/main/kotlin/io/airbyte/cdk/load/data/AirbyteValue.kt,Devin,https://github.com/airbytehq/airbyte/pull/56355,True,generic_perf,False,True
2941637629,airbyte-cdk/bulk/core/load/src/main/kotlin/io/airbyte/cdk/load/data/json/AirbyteTypeToJsonSchema.kt,Devin,https://github.com/airbytehq/airbyte/pull/56355,True,generic_perf,False,True
2941637629,airbyte-cdk/bulk/core/load/src/main/kotlin/io/airbyte/cdk/load/message/DestinationMessage.kt,Devin,https://github.com/airbytehq/airbyte/pull/56355,True,generic_perf,False,True
2941637629,airbyte-cdk/bulk/core/load/src/main/kotlin/io/airbyte/cdk/load/task/implementor/ProcessRecordsTask.kt,Devin,https://github.com/airbytehq/airbyte/pull/56355,True,generic_perf,False,True
2941637629,airbyte-cdk/bulk/core/load/src/main/kotlin/io/airbyte/cdk/load/write/StreamLoader.kt,Devin,https://github.com/airbytehq/airbyte/pull/56355,True,generic_perf,False,True
2941637629,airbyte-cdk/bulk/core/load/src/test/kotlin/io/airbyte/cdk/load/data/EnrichedAirbyteValueTest.kt,Devin,https://github.com/airbytehq/airbyte/pull/56355,True,generic_perf,False,True
2941637629,airbyte-cdk/bulk/core/load/src/test/kotlin/io/airbyte/cdk/load/data/EnrichedDestinationRecordAirbyteValueTest.kt,Devin,https://github.com/airbytehq/airbyte/pull/56355,True,generic_perf,False,True
2941637629,airbyte-cdk/bulk/core/load/src/test/kotlin/io/airbyte/cdk/load/message/DestinationRecordRawTest.kt,Devin,https://github.com/airbytehq/airbyte/pull/56355,True,generic_perf,False,True
2941637629,airbyte-cdk/bulk/core/load/src/test/kotlin/io/airbyte/cdk/load/task/implementor/ProcessRecordsTaskTest.kt,Devin,https://github.com/airbytehq/airbyte/pull/56355,True,generic_perf,False,True
2941637629,airbyte-cdk/bulk/core/load/src/testFixtures/kotlin/io/airbyte/cdk/load/test/util/IntegrationTest.kt,Devin,https://github.com/airbytehq/airbyte/pull/56355,True,generic_perf,False,True
2941637629,airbyte-cdk/bulk/core/load/src/testFixtures/kotlin/io/airbyte/cdk/load/write/BasicFunctionalityIntegrationTest.kt,Devin,https://github.com/airbytehq/airbyte/pull/56355,True,generic_perf,False,True
2941637629,airbyte-cdk/bulk/toolkits/load-csv/src/main/kotlin/io/airbyte/cdk/load/data/csv/AirbyteValueToCsvRow.kt,Devin,https://github.com/airbytehq/airbyte/pull/56355,True,generic_perf,False,True
2941637629,airbyte-cdk/bulk/toolkits/load-iceberg-parquet/src/main/kotlin/io/airbyte/cdk/load/data/iceberg/parquet/AirbyteValueToIcebergRecord.kt,Devin,https://github.com/airbytehq/airbyte/pull/56355,True,generic_perf,False,True
2941637629,airbyte-cdk/bulk/toolkits/load-iceberg-parquet/src/main/kotlin/io/airbyte/cdk/load/toolkits/iceberg/parquet/io/IcebergUtil.kt,Devin,https://github.com/airbytehq/airbyte/pull/56355,True,generic_perf,False,True
2941637629,airbyte-cdk/bulk/toolkits/load-iceberg-parquet/src/testFixtures/kotlin/io/airbyte/cdk/load/data/icerberg/parquet/AirbyteValueToIcebergRecordTest.kt,Devin,https://github.com/airbytehq/airbyte/pull/56355,True,generic_perf,False,True
2941637629,airbyte-cdk/bulk/toolkits/load-iceberg-parquet/src/testFixtures/kotlin/io/airbyte/cdk/load/data/icerberg/parquet/IcebergWriteTest.kt,Devin,https://github.com/airbytehq/airbyte/pull/56355,True,generic_perf,False,True
2941637629,airbyte-cdk/bulk/toolkits/load-object-storage/src/main/kotlin/io/airbyte/cdk/load/file/object_storage/ObjectStorageFormattingWriter.kt,Devin,https://github.com/airbytehq/airbyte/pull/56355,True,generic_perf,False,True
2941637629,airbyte-cdk/bulk/toolkits/load-object-storage/src/main/kotlin/io/airbyte/cdk/load/pipline/object_storage/ObjectLoaderPartFormatter.kt,Devin,https://github.com/airbytehq/airbyte/pull/56355,True,generic_perf,False,True
2941637629,airbyte-cdk/bulk/toolkits/load-object-storage/src/main/kotlin/io/airbyte/cdk/load/write/object_storage/RecordToPartAccumulator.kt,Devin,https://github.com/airbytehq/airbyte/pull/56355,True,generic_perf,False,True
2941637629,airbyte-cdk/bulk/toolkits/load-object-storage/src/test/kotlin/io/airbyte/cdk/load/write/object_storage/RecordToPartAccumulatorTest.kt,Devin,https://github.com/airbytehq/airbyte/pull/56355,True,generic_perf,False,True
2941637629,airbyte-cdk/bulk/core/load/src/main/kotlin/io/airbyte/cdk/load/state/SyncManager.kt,Devin,https://github.com/airbytehq/airbyte/pull/56355,True,generic_perf,False,True
2941637629,airbyte-cdk/bulk/core/load/src/main/kotlin/io/airbyte/cdk/load/task/DestinationTaskLauncher.kt,Devin,https://github.com/airbytehq/airbyte/pull/56355,True,generic_perf,False,True
2941637629,airbyte-cdk/bulk/core/load/src/main/kotlin/io/airbyte/cdk/load/task/internal/InputConsumerTask.kt,Devin,https://github.com/airbytehq/airbyte/pull/56355,True,generic_perf,False,True
3113464020,content/docs/guides/benchmarking-latency.md,Devin,https://github.com/neondatabase/website/pull/3543,True,generic_perf,False,True
3113464020,content/docs/guides/benchmarking-latency.md,Devin,https://github.com/neondatabase/website/pull/3543,True,generic_perf,False,True
3113464020,content/docs/guides/benchmarking-latency.md,Devin,https://github.com/neondatabase/website/pull/3543,True,generic_perf,False,True
3113464020,content/docs/guides/benchmarking-latency.md,Devin,https://github.com/neondatabase/website/pull/3543,True,generic_perf,False,True
2762301500,crewai_tools/tools/browserbase_load_tool/browserbase_load_tool.py,Devin,https://github.com/crewAIInc/crewAI-tools/pull/163,True,generic_perf,False,True
2762301500,crewai_tools/tools/browserbase_load_tool/browserbase_load_tool.py,Devin,https://github.com/crewAIInc/crewAI-tools/pull/163,True,generic_perf,False,True
3244201138,public/llms/guides-benchmarking-latency.txt,Devin,https://github.com/neondatabase/website/pull/3676,True,generic_perf,False,True
3125792020,airbyte-cdk/bulk/core/load/src/main/kotlin/io/airbyte/cdk/load/command/DestinationStream.kt,Devin,https://github.com/airbytehq/airbyte/pull/61428,True,generic_perf,False,True
3125792020,airbyte-cdk/bulk/core/load/src/main/kotlin/io/airbyte/cdk/load/config/SyncBeanFactory.kt,Devin,https://github.com/airbytehq/airbyte/pull/61428,True,generic_perf,False,True
3125792020,airbyte-cdk/bulk/core/load/src/main/kotlin/io/airbyte/cdk/load/message/DestinationMessage.kt,Devin,https://github.com/airbytehq/airbyte/pull/61428,True,generic_perf,False,True
3125792020,airbyte-cdk/bulk/core/load/src/main/kotlin/io/airbyte/cdk/load/message/DestinationMessageFactory.kt,Devin,https://github.com/airbytehq/airbyte/pull/61428,True,generic_perf,False,True
3125792020,airbyte-cdk/bulk/core/load/src/main/kotlin/io/airbyte/cdk/load/message/InputMessage.kt,Devin,https://github.com/airbytehq/airbyte/pull/61428,True,generic_perf,False,True
3125792020,airbyte-cdk/bulk/core/load/src/main/kotlin/io/airbyte/cdk/load/state/CheckpointManager.kt,Devin,https://github.com/airbytehq/airbyte/pull/61428,True,generic_perf,False,True
3125792020,airbyte-cdk/bulk/core/load/src/main/kotlin/io/airbyte/cdk/load/state/PipelineEventBookkeepingRouter.kt,Devin,https://github.com/airbytehq/airbyte/pull/61428,True,generic_perf,False,True
3125792020,airbyte-cdk/bulk/core/load/src/main/kotlin/io/airbyte/cdk/load/task/internal/StatsEmitter.kt,Devin,https://github.com/airbytehq/airbyte/pull/61428,True,generic_perf,False,True
3125792020,airbyte-cdk/bulk/core/load/src/test/kotlin/io/airbyte/cdk/load/message/PipelineEventBookkeepingRouterTest.kt,Devin,https://github.com/airbytehq/airbyte/pull/61428,True,generic_perf,False,True
3125792020,airbyte-cdk/bulk/core/load/src/test/kotlin/io/airbyte/cdk/load/state/CheckpointManagerUTest.kt,Devin,https://github.com/airbytehq/airbyte/pull/61428,True,generic_perf,False,True
3125792020,airbyte-cdk/bulk/core/load/src/test/kotlin/io/airbyte/cdk/load/task/internal/StatsEmitterTest.kt,Devin,https://github.com/airbytehq/airbyte/pull/61428,True,generic_perf,False,True
3125792020,airbyte-cdk/bulk/core/load/src/test/kotlin/io/airbyte/cdk/load/test/util/StubDestinationMessageFactory.kt,Devin,https://github.com/airbytehq/airbyte/pull/61428,True,generic_perf,False,True
3125792020,airbyte-cdk/bulk/core/load/src/testFixtures/kotlin/io/airbyte/cdk/load/test/mock/MockDestinationBackend.kt,Devin,https://github.com/airbytehq/airbyte/pull/61428,True,generic_perf,False,True
3125792020,airbyte-cdk/bulk/core/load/src/testFixtures/kotlin/io/airbyte/cdk/load/test/util/IntegrationTest.kt,Devin,https://github.com/airbytehq/airbyte/pull/61428,True,generic_perf,False,True
3125792020,airbyte-cdk/bulk/core/load/src/testFixtures/kotlin/io/airbyte/cdk/load/write/BasicFunctionalityIntegrationTest.kt,Devin,https://github.com/airbytehq/airbyte/pull/61428,True,generic_perf,False,True
3125792020,airbyte-cdk/bulk/toolkits/load-db/src/main/kotlin/io/airbyte/cdk/load/orchestration/db/DestinationNames.kt,Devin,https://github.com/airbytehq/airbyte/pull/61428,True,generic_perf,False,True
3125792020,airbyte-cdk/bulk/toolkits/load-db/src/main/kotlin/io/airbyte/cdk/load/orchestration/db/Sql.kt,Devin,https://github.com/airbytehq/airbyte/pull/61428,True,generic_perf,False,True
3125792020,airbyte-cdk/bulk/toolkits/load-db/src/main/kotlin/io/airbyte/cdk/load/orchestration/db/direct_load_table/AlterTableReport.kt,Devin,https://github.com/airbytehq/airbyte/pull/61428,True,generic_perf,False,True
3125792020,airbyte-cdk/bulk/toolkits/load-db/src/main/kotlin/io/airbyte/cdk/load/orchestration/db/direct_load_table/DirectLoadInitialStatus.kt,Devin,https://github.com/airbytehq/airbyte/pull/61428,True,generic_perf,False,True
3125792020,airbyte-cdk/bulk/toolkits/load-db/src/main/kotlin/io/airbyte/cdk/load/orchestration/db/direct_load_table/DirectLoadSqlGenerator.kt,Devin,https://github.com/airbytehq/airbyte/pull/61428,True,generic_perf,False,True
3125792020,airbyte-cdk/bulk/toolkits/load-db/src/main/kotlin/io/airbyte/cdk/load/orchestration/db/direct_load_table/DirectLoadTableExecutionConfig.kt,Devin,https://github.com/airbytehq/airbyte/pull/61428,True,generic_perf,False,True
3125792020,airbyte-cdk/bulk/toolkits/load-db/src/main/kotlin/io/airbyte/cdk/load/orchestration/db/direct_load_table/DirectLoadTableOperations.kt,Devin,https://github.com/airbytehq/airbyte/pull/61428,True,generic_perf,False,True
3125792020,airbyte-cdk/bulk/toolkits/load-db/src/main/kotlin/io/airbyte/cdk/load/orchestration/db/direct_load_table/DirectLoadTableStreamLoader.kt,Devin,https://github.com/airbytehq/airbyte/pull/61428,True,generic_perf,False,True
3125792020,airbyte-cdk/bulk/toolkits/load-db/src/main/kotlin/io/airbyte/cdk/load/orchestration/db/direct_load_table/DirectLoadTableWriter.kt,Devin,https://github.com/airbytehq/airbyte/pull/61428,True,generic_perf,False,True
3125792020,airbyte-cdk/bulk/toolkits/load-db/src/main/kotlin/io/airbyte/cdk/load/orchestration/db/direct_load_table/migrations/DirectLoadTableTempTableNameMigration.kt,Devin,https://github.com/airbytehq/airbyte/pull/61428,True,generic_perf,False,True
3125792020,airbyte-cdk/bulk/toolkits/load-db/src/main/kotlin/io/airbyte/cdk/load/orchestration/db/legacy_typing_deduping/AlterTableReport.kt,Devin,https://github.com/airbytehq/airbyte/pull/61428,True,generic_perf,False,True
3125792020,airbyte-cdk/bulk/toolkits/load-db/src/main/kotlin/io/airbyte/cdk/load/orchestration/db/legacy_typing_deduping/TypingDedupingSqlGenerator.kt,Devin,https://github.com/airbytehq/airbyte/pull/61428,True,generic_perf,False,True
3125792020,airbyte-cdk/bulk/toolkits/load-iceberg-parquet/src/testFixtures/kotlin/io/airbyte/cdk/load/data/icerberg/parquet/IcebergWriteTest.kt,Devin,https://github.com/airbytehq/airbyte/pull/61428,True,generic_perf,False,True
3070197626,airbyte-cdk/bulk/core/load/src/main/kotlin/io/airbyte/cdk/load/message/InputMessage.kt,Devin,https://github.com/airbytehq/airbyte/pull/60341,True,generic_perf,False,True
3070197626,airbyte-cdk/bulk/core/load/src/testFixtures/kotlin/io/airbyte/cdk/load/test/util/IntegrationTest.kt,Devin,https://github.com/airbytehq/airbyte/pull/60341,True,generic_perf,False,True
3070197626,airbyte-cdk/bulk/core/load/src/testFixtures/kotlin/io/airbyte/cdk/load/write/BasicFunctionalityIntegrationTest.kt,Devin,https://github.com/airbytehq/airbyte/pull/60341,True,generic_perf,False,True
3104271017,.github/workflows/turbopack-benchmark.yml,Devin,https://github.com/vercel/next.js/pull/80002,True,generic_perf,False,True
3104271017,packages/next/src/server/load-manifest.external.ts,Devin,https://github.com/vercel/next.js/pull/80002,True,generic_perf,False,True
3018517272,airbyte-cdk/bulk/core/load/src/integrationTest/kotlin/io/airbyte/cdk/load/mock_integration_test/MockDestinationWriter.kt,Devin,https://github.com/airbytehq/airbyte/pull/58649,True,generic_perf,False,True
3018517272,airbyte-cdk/bulk/core/load/src/main/kotlin/io/airbyte/cdk/load/data/AirbyteValue.kt,Devin,https://github.com/airbytehq/airbyte/pull/58649,True,generic_perf,False,True
3018517272,airbyte-cdk/bulk/core/load/src/main/kotlin/io/airbyte/cdk/load/data/MapperPipeline.kt,Devin,https://github.com/airbytehq/airbyte/pull/58649,True,generic_perf,False,True
3018517272,airbyte-cdk/bulk/core/load/src/main/kotlin/io/airbyte/cdk/load/data/json/AirbyteTypeToJsonSchema.kt,Devin,https://github.com/airbytehq/airbyte/pull/58649,True,generic_perf,False,True
3018517272,airbyte-cdk/bulk/core/load/src/main/kotlin/io/airbyte/cdk/load/message/DestinationMessage.kt,Devin,https://github.com/airbytehq/airbyte/pull/58649,True,generic_perf,False,True
3018517272,airbyte-cdk/bulk/core/load/src/main/kotlin/io/airbyte/cdk/load/state/SyncManager.kt,Devin,https://github.com/airbytehq/airbyte/pull/58649,True,generic_perf,False,True
3018517272,airbyte-cdk/bulk/core/load/src/main/kotlin/io/airbyte/cdk/load/task/DestinationTaskLauncher.kt,Devin,https://github.com/airbytehq/airbyte/pull/58649,True,generic_perf,False,True
3018517272,airbyte-cdk/bulk/core/load/src/main/kotlin/io/airbyte/cdk/load/task/implementor/ProcessRecordsTask.kt,Devin,https://github.com/airbytehq/airbyte/pull/58649,True,generic_perf,False,True
3018517272,airbyte-cdk/bulk/core/load/src/main/kotlin/io/airbyte/cdk/load/task/internal/InputConsumerTask.kt,Devin,https://github.com/airbytehq/airbyte/pull/58649,True,generic_perf,False,True
3018517272,airbyte-cdk/bulk/core/load/src/main/kotlin/io/airbyte/cdk/load/write/StreamLoader.kt,Devin,https://github.com/airbytehq/airbyte/pull/58649,True,generic_perf,False,True
3018517272,airbyte-cdk/bulk/core/load/src/test/kotlin/io/airbyte/cdk/load/data/EnrichedAirbyteValueTest.kt,Devin,https://github.com/airbytehq/airbyte/pull/58649,True,generic_perf,False,True
3018517272,airbyte-cdk/bulk/core/load/src/test/kotlin/io/airbyte/cdk/load/data/EnrichedDestinationRecordAirbyteValueTest.kt,Devin,https://github.com/airbytehq/airbyte/pull/58649,True,generic_perf,False,True
3018517272,airbyte-cdk/bulk/core/load/src/test/kotlin/io/airbyte/cdk/load/data/MapperPipelineTest.kt,Devin,https://github.com/airbytehq/airbyte/pull/58649,True,generic_perf,False,True
3018517272,airbyte-cdk/bulk/core/load/src/test/kotlin/io/airbyte/cdk/load/message/DestinationRecordRawTest.kt,Devin,https://github.com/airbytehq/airbyte/pull/58649,True,generic_perf,False,True
3018517272,airbyte-cdk/bulk/core/load/src/test/kotlin/io/airbyte/cdk/load/task/implementor/ProcessRecordsTaskTest.kt,Devin,https://github.com/airbytehq/airbyte/pull/58649,True,generic_perf,False,True
3018517272,airbyte-cdk/bulk/core/load/src/testFixtures/kotlin/io/airbyte/cdk/load/test/util/IntegrationTest.kt,Devin,https://github.com/airbytehq/airbyte/pull/58649,True,generic_perf,False,True
3018517272,airbyte-cdk/bulk/core/load/src/testFixtures/kotlin/io/airbyte/cdk/load/write/BasicFunctionalityIntegrationTest.kt,Devin,https://github.com/airbytehq/airbyte/pull/58649,True,generic_perf,False,True
3018517272,airbyte-cdk/bulk/toolkits/load-avro/src/main/kotlin/io/airbyte/cdk/load/data/avro/AvroMapperPipelineFactory.kt,Devin,https://github.com/airbytehq/airbyte/pull/58649,True,generic_perf,False,True
3018517272,airbyte-cdk/bulk/toolkits/load-csv/src/main/kotlin/io/airbyte/cdk/load/data/csv/AirbyteValueToCsvRow.kt,Devin,https://github.com/airbytehq/airbyte/pull/58649,True,generic_perf,False,True
3018517272,airbyte-cdk/bulk/toolkits/load-iceberg-parquet/src/main/kotlin/io/airbyte/cdk/load/data/iceberg/parquet/AirbyteValueToIcebergRecord.kt,Devin,https://github.com/airbytehq/airbyte/pull/58649,True,generic_perf,False,True
3018517272,airbyte-cdk/bulk/toolkits/load-iceberg-parquet/src/main/kotlin/io/airbyte/cdk/load/toolkits/iceberg/parquet/io/IcebergUtil.kt,Devin,https://github.com/airbytehq/airbyte/pull/58649,True,generic_perf,False,True
3018517272,airbyte-cdk/bulk/toolkits/load-iceberg-parquet/src/testFixtures/kotlin/io/airbyte/cdk/load/data/icerberg/parquet/AirbyteValueToIcebergRecordTest.kt,Devin,https://github.com/airbytehq/airbyte/pull/58649,True,generic_perf,False,True
3018517272,airbyte-cdk/bulk/toolkits/load-iceberg-parquet/src/testFixtures/kotlin/io/airbyte/cdk/load/data/icerberg/parquet/IcebergWriteTest.kt,Devin,https://github.com/airbytehq/airbyte/pull/58649,True,generic_perf,False,True
3018517272,airbyte-cdk/bulk/toolkits/load-object-storage/src/main/kotlin/io/airbyte/cdk/load/file/object_storage/ObjectStorageFormattingWriter.kt,Devin,https://github.com/airbytehq/airbyte/pull/58649,True,generic_perf,False,True
3018517272,airbyte-cdk/bulk/toolkits/load-object-storage/src/main/kotlin/io/airbyte/cdk/load/pipline/object_storage/ObjectLoaderPartFormatter.kt,Devin,https://github.com/airbytehq/airbyte/pull/58649,True,generic_perf,False,True
3018517272,airbyte-cdk/bulk/toolkits/load-object-storage/src/main/kotlin/io/airbyte/cdk/load/write/object_storage/RecordToPartAccumulator.kt,Devin,https://github.com/airbytehq/airbyte/pull/58649,True,generic_perf,False,True
3018517272,airbyte-cdk/bulk/toolkits/load-object-storage/src/test/kotlin/io/airbyte/cdk/load/write/object_storage/RecordToPartAccumulatorTest.kt,Devin,https://github.com/airbytehq/airbyte/pull/58649,True,generic_perf,False,True
3018517272,airbyte-cdk/bulk/toolkits/load-parquet/src/main/kotlin/io/airbyte/cdk/load/data/parquet/ParquetMapperPipelineTest.kt,Devin,https://github.com/airbytehq/airbyte/pull/58649,True,generic_perf,False,True
3018517272,airbyte-cdk/bulk/toolkits/load-parquet/src/test/kotlin/ParquetMapperBatchPipelineFactory.kt,Devin,https://github.com/airbytehq/airbyte/pull/58649,True,generic_perf,False,True
3018517272,airbyte-cdk/bulk/core/load/src/main/kotlin/io/airbyte/cdk/load/data/AirbyteValue.kt,Devin,https://github.com/airbytehq/airbyte/pull/58649,True,generic_perf,False,True
3018517272,airbyte-cdk/bulk/core/load/src/main/kotlin/io/airbyte/cdk/load/data/AirbyteValueCoercer.kt,Devin,https://github.com/airbytehq/airbyte/pull/58649,True,generic_perf,False,True
3018517272,airbyte-cdk/bulk/core/load/src/main/kotlin/io/airbyte/cdk/load/data/json/AirbyteValueToJson.kt,Devin,https://github.com/airbytehq/airbyte/pull/58649,True,generic_perf,False,True
3018517272,airbyte-cdk/bulk/core/load/src/test/kotlin/io/airbyte/cdk/load/data/json/AirbyteValueToJsonTest.kt,Devin,https://github.com/airbytehq/airbyte/pull/58649,True,generic_perf,False,True
3018517272,airbyte-cdk/bulk/core/load/src/testFixtures/kotlin/io/airbyte/cdk/load/test/util/RecordDiffer.kt,Devin,https://github.com/airbytehq/airbyte/pull/58649,True,generic_perf,False,True
3018517272,airbyte-cdk/bulk/toolkits/load-csv/src/main/kotlin/io/airbyte/cdk/load/data/csv/AirbyteValueToCsvRow.kt,Devin,https://github.com/airbytehq/airbyte/pull/58649,True,generic_perf,False,True
3018517272,airbyte-cdk/bulk/toolkits/load-iceberg-parquet/src/main/kotlin/io/airbyte/cdk/load/data/iceberg/parquet/AirbyteValueToIcebergRecord.kt,Devin,https://github.com/airbytehq/airbyte/pull/58649,True,generic_perf,False,True
3018517272,airbyte-cdk/bulk/toolkits/load-iceberg-parquet/src/testFixtures/kotlin/io/airbyte/cdk/load/data/icerberg/parquet/AirbyteValueToIcebergRecordTest.kt,Devin,https://github.com/airbytehq/airbyte/pull/58649,True,generic_perf,False,True
3018517272,airbyte-cdk/bulk/core/load/src/integrationTest/kotlin/io/airbyte/cdk/load/mock_integration_test/MockDestinationWriter.kt,Devin,https://github.com/airbytehq/airbyte/pull/58649,True,generic_perf,False,True
3018517272,airbyte-cdk/bulk/core/load/src/main/kotlin/io/airbyte/cdk/load/config/SyncBeanFactory.kt,Devin,https://github.com/airbytehq/airbyte/pull/58649,True,generic_perf,False,True
3018517272,airbyte-cdk/bulk/core/load/src/main/kotlin/io/airbyte/cdk/load/data/AirbyteValueCoercer.kt,Devin,https://github.com/airbytehq/airbyte/pull/58649,True,generic_perf,False,True
3018517272,airbyte-cdk/bulk/core/load/src/main/kotlin/io/airbyte/cdk/load/message/Batch.kt,Devin,https://github.com/airbytehq/airbyte/pull/58649,True,generic_perf,False,True
3018517272,airbyte-cdk/bulk/core/load/src/main/kotlin/io/airbyte/cdk/load/message/BatchState.kt,Devin,https://github.com/airbytehq/airbyte/pull/58649,True,generic_perf,False,True
3018517272,airbyte-cdk/bulk/core/load/src/main/kotlin/io/airbyte/cdk/load/message/PartitionedQueue.kt,Devin,https://github.com/airbytehq/airbyte/pull/58649,True,generic_perf,False,True
3018517272,airbyte-cdk/bulk/core/load/src/main/kotlin/io/airbyte/cdk/load/message/WithBatchState.kt,Devin,https://github.com/airbytehq/airbyte/pull/58649,True,generic_perf,False,True
3018517272,airbyte-cdk/bulk/core/load/src/main/kotlin/io/airbyte/cdk/load/pipeline/BatchStateUpdate.kt,Devin,https://github.com/airbytehq/airbyte/pull/58649,True,generic_perf,False,True
3018517272,airbyte-cdk/bulk/core/load/src/main/kotlin/io/airbyte/cdk/load/pipeline/DirectLoadRecordAccumulator.kt,Devin,https://github.com/airbytehq/airbyte/pull/58649,True,generic_perf,False,True
3018517272,airbyte-cdk/bulk/core/load/src/main/kotlin/io/airbyte/cdk/load/state/ReservationManager.kt,Devin,https://github.com/airbytehq/airbyte/pull/58649,True,generic_perf,False,True
3018517272,airbyte-cdk/bulk/core/load/src/main/kotlin/io/airbyte/cdk/load/state/StreamManager.kt,Devin,https://github.com/airbytehq/airbyte/pull/58649,True,generic_perf,False,True
3018517272,airbyte-cdk/bulk/core/load/src/main/kotlin/io/airbyte/cdk/load/task/internal/InputConsumerTask.kt,Devin,https://github.com/airbytehq/airbyte/pull/58649,True,generic_perf,False,True
3018517272,airbyte-cdk/bulk/core/load/src/main/kotlin/io/airbyte/cdk/load/task/internal/LoadPipelineStepTask.kt,Devin,https://github.com/airbytehq/airbyte/pull/58649,True,generic_perf,False,True
3018517272,airbyte-cdk/bulk/core/load/src/main/kotlin/io/airbyte/cdk/load/task/internal/ReservingDeserializingInputFlow.kt,Devin,https://github.com/airbytehq/airbyte/pull/58649,True,generic_perf,False,True
3018517272,airbyte-cdk/bulk/core/load/src/main/kotlin/io/airbyte/cdk/load/task/internal/SpillToDiskTask.kt,Devin,https://github.com/airbytehq/airbyte/pull/58649,True,generic_perf,False,True
3018517272,airbyte-cdk/bulk/core/load/src/main/kotlin/io/airbyte/cdk/load/task/internal/UpdateBatchStateTask.kt,Devin,https://github.com/airbytehq/airbyte/pull/58649,True,generic_perf,False,True
3018517272,airbyte-cdk/bulk/core/load/src/main/kotlin/io/airbyte/cdk/load/write/StreamLoader.kt,Devin,https://github.com/airbytehq/airbyte/pull/58649,True,generic_perf,False,True
3018517272,airbyte-cdk/bulk/core/load/src/test/kotlin/io/airbyte/cdk/load/state/CheckpointManagerTest.kt,Devin,https://github.com/airbytehq/airbyte/pull/58649,True,generic_perf,False,True
3018517272,airbyte-cdk/bulk/core/load/src/test/kotlin/io/airbyte/cdk/load/state/StreamManagerTest.kt,Devin,https://github.com/airbytehq/airbyte/pull/58649,True,generic_perf,False,True
3018517272,airbyte-cdk/bulk/core/load/src/test/kotlin/io/airbyte/cdk/load/state/SyncManagerUtils.kt,Devin,https://github.com/airbytehq/airbyte/pull/58649,True,generic_perf,False,True
3018517272,airbyte-cdk/bulk/core/load/src/test/kotlin/io/airbyte/cdk/load/task/DestinationTaskLauncherTest.kt,Devin,https://github.com/airbytehq/airbyte/pull/58649,True,generic_perf,False,True
3018517272,airbyte-cdk/bulk/core/load/src/test/kotlin/io/airbyte/cdk/load/task/DestinationTaskLauncherUTest.kt,Devin,https://github.com/airbytehq/airbyte/pull/58649,True,generic_perf,False,True
3018517272,airbyte-cdk/bulk/core/load/src/test/kotlin/io/airbyte/cdk/load/task/ProcessBatchTaskTest.kt,Devin,https://github.com/airbytehq/airbyte/pull/58649,True,generic_perf,False,True
3018517272,airbyte-cdk/bulk/core/load/src/test/kotlin/io/airbyte/cdk/load/task/implementor/ProcessRecordsTaskTest.kt,Devin,https://github.com/airbytehq/airbyte/pull/58649,True,generic_perf,False,True
3018517272,airbyte-cdk/bulk/core/load/src/test/kotlin/io/airbyte/cdk/load/task/internal/LoadPipelineStepTaskUTest.kt,Devin,https://github.com/airbytehq/airbyte/pull/58649,True,generic_perf,False,True
3018517272,airbyte-cdk/bulk/core/load/src/testFixtures/kotlin/io/airbyte/cdk/load/write/BasicFunctionalityIntegrationTest.kt,Devin,https://github.com/airbytehq/airbyte/pull/58649,True,generic_perf,False,True
3018517272,airbyte-cdk/bulk/toolkits/load-iceberg-parquet/src/main/kotlin/io/airbyte/cdk/load/toolkits/iceberg/parquet/io/IcebergUtil.kt,Devin,https://github.com/airbytehq/airbyte/pull/58649,True,generic_perf,False,True
3018517272,airbyte-cdk/bulk/toolkits/load-object-storage/src/main/kotlin/io/airbyte/cdk/load/command/object_storage/ObjectStorageCompressionSpecification.kt,Devin,https://github.com/airbytehq/airbyte/pull/58649,True,generic_perf,False,True
3018517272,airbyte-cdk/bulk/toolkits/load-object-storage/src/main/kotlin/io/airbyte/cdk/load/command/object_storage/ObjectStorageFormatSpecification.kt,Devin,https://github.com/airbytehq/airbyte/pull/58649,True,generic_perf,False,True
3018517272,airbyte-cdk/bulk/toolkits/load-object-storage/src/main/kotlin/io/airbyte/cdk/load/message/object_storage/ObjectStorageBatch.kt,Devin,https://github.com/airbytehq/airbyte/pull/58649,True,generic_perf,False,True
3018517272,airbyte-cdk/bulk/toolkits/load-object-storage/src/main/kotlin/io/airbyte/cdk/load/pipline/object_storage/ObjectLoaderFormattedPartPartitioner.kt,Devin,https://github.com/airbytehq/airbyte/pull/58649,True,generic_perf,False,True
3018517272,airbyte-cdk/bulk/toolkits/load-object-storage/src/main/kotlin/io/airbyte/cdk/load/pipline/object_storage/ObjectLoaderLoadedPartPartitioner.kt,Devin,https://github.com/airbytehq/airbyte/pull/58649,True,generic_perf,False,True
3018517272,airbyte-cdk/bulk/toolkits/load-object-storage/src/main/kotlin/io/airbyte/cdk/load/pipline/object_storage/ObjectLoaderPartFormatter.kt,Devin,https://github.com/airbytehq/airbyte/pull/58649,True,generic_perf,False,True
3018517272,airbyte-cdk/bulk/toolkits/load-object-storage/src/main/kotlin/io/airbyte/cdk/load/pipline/object_storage/ObjectLoaderPartLoader.kt,Devin,https://github.com/airbytehq/airbyte/pull/58649,True,generic_perf,False,True
3018517272,airbyte-cdk/bulk/toolkits/load-object-storage/src/main/kotlin/io/airbyte/cdk/load/pipline/object_storage/ObjectLoaderPartQueueFactory.kt,Devin,https://github.com/airbytehq/airbyte/pull/58649,True,generic_perf,False,True
3018517272,airbyte-cdk/bulk/toolkits/load-object-storage/src/main/kotlin/io/airbyte/cdk/load/pipline/object_storage/ObjectLoaderUploadCompleter.kt,Devin,https://github.com/airbytehq/airbyte/pull/58649,True,generic_perf,False,True
3018517272,airbyte-cdk/bulk/toolkits/load-object-storage/src/test/kotlin/io/airbyte/cdk/load/pipeline/object_storage/ObjectLoaderPartPartitionerTest.kt,Devin,https://github.com/airbytehq/airbyte/pull/58649,True,generic_perf,False,True
3018517272,airbyte-cdk/bulk/toolkits/load-object-storage/src/test/kotlin/io/airbyte/cdk/load/pipeline/object_storage/ObjectLoaderPartQueueTest.kt,Devin,https://github.com/airbytehq/airbyte/pull/58649,True,generic_perf,False,True
3018517272,airbyte-cdk/bulk/core/load/src/main/kotlin/io/airbyte/cdk/load/command/DestinationConfiguration.kt,Devin,https://github.com/airbytehq/airbyte/pull/58649,True,generic_perf,False,True
3018517272,airbyte-cdk/bulk/core/load/src/main/kotlin/io/airbyte/cdk/load/config/SyncBeanFactory.kt,Devin,https://github.com/airbytehq/airbyte/pull/58649,True,generic_perf,False,True
3018517272,airbyte-cdk/bulk/core/load/src/main/kotlin/io/airbyte/cdk/load/message/PipelineEvent.kt,Devin,https://github.com/airbytehq/airbyte/pull/58649,True,generic_perf,False,True
3018517272,airbyte-cdk/bulk/core/load/src/main/kotlin/io/airbyte/cdk/load/pipeline/DefaultPipelineFlushStrategy.kt,Devin,https://github.com/airbytehq/airbyte/pull/58649,True,generic_perf,False,True
3018517272,airbyte-cdk/bulk/core/load/src/main/kotlin/io/airbyte/cdk/load/pipeline/InputPartitioner.kt,Devin,https://github.com/airbytehq/airbyte/pull/58649,True,generic_perf,False,True
3018517272,airbyte-cdk/bulk/core/load/src/main/kotlin/io/airbyte/cdk/load/pipeline/PipelineFlushStrategy.kt,Devin,https://github.com/airbytehq/airbyte/pull/58649,True,generic_perf,False,True
3018517272,airbyte-cdk/bulk/core/load/src/main/kotlin/io/airbyte/cdk/load/pipeline/RecordCountFlushStrategy.kt,Devin,https://github.com/airbytehq/airbyte/pull/58649,True,generic_perf,False,True
3018517272,airbyte-cdk/bulk/core/load/src/main/kotlin/io/airbyte/cdk/load/task/DestinationTaskLauncher.kt,Devin,https://github.com/airbytehq/airbyte/pull/58649,True,generic_perf,False,True
3018517272,airbyte-cdk/bulk/core/load/src/main/kotlin/io/airbyte/cdk/load/task/internal/HeartbeatTask.kt,Devin,https://github.com/airbytehq/airbyte/pull/58649,True,generic_perf,False,True
3018517272,airbyte-cdk/bulk/core/load/src/main/kotlin/io/airbyte/cdk/load/task/internal/LoadPipelineStepTask.kt,Devin,https://github.com/airbytehq/airbyte/pull/58649,True,generic_perf,False,True
3018517272,airbyte-cdk/bulk/core/load/src/main/kotlin/io/airbyte/cdk/load/util/JsonUtils.kt,Devin,https://github.com/airbytehq/airbyte/pull/58649,True,generic_perf,False,True
3018517272,airbyte-cdk/bulk/core/load/src/test/kotlin/io/airbyte/cdk/load/command/MockDestinationConfiguration.kt,Devin,https://github.com/airbytehq/airbyte/pull/58649,True,generic_perf,False,True
3018517272,airbyte-cdk/bulk/core/load/src/test/kotlin/io/airbyte/cdk/load/pipeline/DefaultPipelineFlushStrategyTest.kt,Devin,https://github.com/airbytehq/airbyte/pull/58649,True,generic_perf,False,True
3018517272,airbyte-cdk/bulk/core/load/src/test/kotlin/io/airbyte/cdk/load/task/DestinationTaskLauncherUTest.kt,Devin,https://github.com/airbytehq/airbyte/pull/58649,True,generic_perf,False,True
3018517272,airbyte-cdk/bulk/core/load/src/test/kotlin/io/airbyte/cdk/load/task/internal/HeartbeatTaskTest.kt,Devin,https://github.com/airbytehq/airbyte/pull/58649,True,generic_perf,False,True
3018517272,airbyte-cdk/bulk/core/load/src/test/kotlin/io/airbyte/cdk/load/task/internal/LoadPipelineStepTaskUTest.kt,Devin,https://github.com/airbytehq/airbyte/pull/58649,True,generic_perf,False,True
3018517272,airbyte-cdk/bulk/core/load/src/testFixtures/kotlin/io/airbyte/cdk/load/check/CheckIntegrationTest.kt,Devin,https://github.com/airbytehq/airbyte/pull/58649,True,generic_perf,False,True
3018517272,airbyte-cdk/bulk/core/load/src/testFixtures/kotlin/io/airbyte/cdk/load/write/BasicFunctionalityIntegrationTest.kt,Devin,https://github.com/airbytehq/airbyte/pull/58649,True,generic_perf,False,True
3018517272,airbyte-cdk/bulk/core/load/src/testFixtures/kotlin/io/airbyte/cdk/load/write/BasicPerformanceTest.kt,Devin,https://github.com/airbytehq/airbyte/pull/58649,True,generic_perf,False,True
3018517272,airbyte-cdk/bulk/core/load/src/testFixtures/kotlin/io/airbyte/cdk/load/write/PerformanceTestScenarios.kt,Devin,https://github.com/airbytehq/airbyte/pull/58649,True,generic_perf,False,True
3018517272,airbyte-cdk/bulk/toolkits/load-db/build.gradle,Devin,https://github.com/airbytehq/airbyte/pull/58649,True,generic_perf,False,True
3018517272,airbyte-cdk/bulk/toolkits/load-db/src/main/kotlin/io/airbyte/cdk/load/pipeline/db/BulkLoadCompletedUploadPartitioner.kt,Devin,https://github.com/airbytehq/airbyte/pull/58649,True,generic_perf,False,True
3018517272,airbyte-cdk/bulk/toolkits/load-db/src/main/kotlin/io/airbyte/cdk/load/pipeline/db/BulkLoadCompletedUploadQueue.kt,Devin,https://github.com/airbytehq/airbyte/pull/58649,True,generic_perf,False,True
3018517272,airbyte-cdk/bulk/toolkits/load-db/src/main/kotlin/io/airbyte/cdk/load/pipeline/db/BulkLoadPipeline.kt,Devin,https://github.com/airbytehq/airbyte/pull/58649,True,generic_perf,False,True
3018517272,airbyte-cdk/bulk/toolkits/load-db/src/main/kotlin/io/airbyte/cdk/load/pipeline/db/BulkLoaderLoadIntoTableStep.kt,Devin,https://github.com/airbytehq/airbyte/pull/58649,True,generic_perf,False,True
3018517272,airbyte-cdk/bulk/toolkits/load-db/src/main/kotlin/io/airbyte/cdk/load/pipeline/db/BulkLoaderTableLoader.kt,Devin,https://github.com/airbytehq/airbyte/pull/58649,True,generic_perf,False,True
3018517272,airbyte-cdk/bulk/toolkits/load-db/src/main/kotlin/io/airbyte/cdk/load/write/db/BulkLoader.kt,Devin,https://github.com/airbytehq/airbyte/pull/58649,True,generic_perf,False,True
3018517272,airbyte-cdk/bulk/toolkits/load-iceberg-parquet/src/main/kotlin/io/airbyte/cdk/load/toolkits/iceberg/parquet/io/IcebergUtil.kt,Devin,https://github.com/airbytehq/airbyte/pull/58649,True,generic_perf,False,True
3018517272,airbyte-cdk/bulk/toolkits/load-object-storage/src/main/kotlin/io/airbyte/cdk/load/pipline/object_storage/ObjectLoaderCompletedUploadPartitioner.kt,Devin,https://github.com/airbytehq/airbyte/pull/58649,True,generic_perf,False,True
3018517272,airbyte-cdk/bulk/toolkits/load-object-storage/src/main/kotlin/io/airbyte/cdk/load/pipline/object_storage/ObjectLoaderLoadedPartPartitioner.kt,Devin,https://github.com/airbytehq/airbyte/pull/58649,True,generic_perf,False,True
3018517272,airbyte-cdk/bulk/toolkits/load-object-storage/src/main/kotlin/io/airbyte/cdk/load/pipline/object_storage/ObjectLoaderPartFormatter.kt,Devin,https://github.com/airbytehq/airbyte/pull/58649,True,generic_perf,False,True
3018517272,airbyte-cdk/bulk/toolkits/load-object-storage/src/main/kotlin/io/airbyte/cdk/load/pipline/object_storage/ObjectLoaderPartLoader.kt,Devin,https://github.com/airbytehq/airbyte/pull/58649,True,generic_perf,False,True
3018517272,airbyte-cdk/bulk/toolkits/load-object-storage/src/main/kotlin/io/airbyte/cdk/load/pipline/object_storage/ObjectLoaderPartLoaderStep.kt,Devin,https://github.com/airbytehq/airbyte/pull/58649,True,generic_perf,False,True
3018517272,airbyte-cdk/bulk/toolkits/load-object-storage/src/main/kotlin/io/airbyte/cdk/load/pipline/object_storage/ObjectLoaderPartQueueFactory.kt,Devin,https://github.com/airbytehq/airbyte/pull/58649,True,generic_perf,False,True
3018517272,airbyte-cdk/bulk/toolkits/load-object-storage/src/main/kotlin/io/airbyte/cdk/load/pipline/object_storage/ObjectLoaderPipeline.kt,Devin,https://github.com/airbytehq/airbyte/pull/58649,True,generic_perf,False,True
3018517272,airbyte-cdk/bulk/toolkits/load-object-storage/src/main/kotlin/io/airbyte/cdk/load/pipline/object_storage/ObjectLoaderUploadCompleter.kt,Devin,https://github.com/airbytehq/airbyte/pull/58649,True,generic_perf,False,True
3018517272,airbyte-cdk/bulk/toolkits/load-object-storage/src/main/kotlin/io/airbyte/cdk/load/pipline/object_storage/ObjectLoaderUploadCompleterStep.kt,Devin,https://github.com/airbytehq/airbyte/pull/58649,True,generic_perf,False,True
3018517272,airbyte-cdk/bulk/toolkits/load-object-storage/src/main/kotlin/io/airbyte/cdk/load/write/object_storage/ObjectLoader.kt,Devin,https://github.com/airbytehq/airbyte/pull/58649,True,generic_perf,False,True
3018517272,airbyte-cdk/bulk/core/load/src/main/kotlin/io/airbyte/cdk/load/command/DestinationConfiguration.kt,Devin,https://github.com/airbytehq/airbyte/pull/58649,True,generic_perf,False,True
3018517272,airbyte-cdk/bulk/core/load/src/main/kotlin/io/airbyte/cdk/load/message/MemoryReservingPartitionedQueue.kt,Devin,https://github.com/airbytehq/airbyte/pull/58649,True,generic_perf,False,True
3018517272,airbyte-cdk/bulk/core/load/src/main/kotlin/io/airbyte/cdk/load/pipeline/ByPrimaryKeyInputPartitioner.kt,Devin,https://github.com/airbytehq/airbyte/pull/58649,True,generic_perf,False,True
3018517272,airbyte-cdk/bulk/core/load/src/main/kotlin/io/airbyte/cdk/load/pipeline/OutputPartitioner.kt,Devin,https://github.com/airbytehq/airbyte/pull/58649,True,generic_perf,False,True
3018517272,airbyte-cdk/bulk/core/load/src/main/kotlin/io/airbyte/cdk/load/pipeline/RandomInputPartitioner.kt,Devin,https://github.com/airbytehq/airbyte/pull/58649,True,generic_perf,False,True
3018517272,airbyte-cdk/bulk/core/load/src/main/kotlin/io/airbyte/cdk/load/spec/DestinationSpecificationInternal.kt,Devin,https://github.com/airbytehq/airbyte/pull/58649,True,generic_perf,False,True
3018517272,airbyte-cdk/bulk/core/load/src/main/kotlin/io/airbyte/cdk/load/task/internal/LoadPipelineStepTask.kt,Devin,https://github.com/airbytehq/airbyte/pull/58649,True,generic_perf,False,True
3018517272,airbyte-cdk/bulk/core/load/src/test/kotlin/io/airbyte/cdk/load/message/ResourceReservingPartitionedQueueTest.kt,Devin,https://github.com/airbytehq/airbyte/pull/58649,True,generic_perf,False,True
3018517272,airbyte-cdk/bulk/core/load/src/test/kotlin/io/airbyte/cdk/load/task/internal/LoadPipelineStepTaskUTest.kt,Devin,https://github.com/airbytehq/airbyte/pull/58649,True,generic_perf,False,True
3018517272,airbyte-cdk/bulk/toolkits/load-azure-blob-storage/src/main/kotlin/io/airbyte/cdk/load/file/azureBlobStorage/AzureBlobStorageClient.kt,Devin,https://github.com/airbytehq/airbyte/pull/58649,True,generic_perf,False,True
3018517272,airbyte-cdk/bulk/toolkits/load-azure-blob-storage/src/main/kotlin/io/airbyte/cdk/load/file/azureBlobStorage/AzureBlobStreamingUpload.kt,Devin,https://github.com/airbytehq/airbyte/pull/58649,True,generic_perf,False,True
3018517272,airbyte-cdk/bulk/toolkits/load-azure-blob-storage/src/test/kotlin/io/airbyte/cdk/load/file/azureBlobStorage/AzureBlobStreamingUploadTest.kt,Devin,https://github.com/airbytehq/airbyte/pull/58649,True,generic_perf,False,True
3018517272,airbyte-cdk/bulk/toolkits/load-db/src/main/kotlin/io/airbyte/cdk/load/pipeline/db/BulkLoadCompletedUploadPartitioner.kt,Devin,https://github.com/airbytehq/airbyte/pull/58649,True,generic_perf,False,True
3018517272,airbyte-cdk/bulk/toolkits/load-db/src/main/kotlin/io/airbyte/cdk/load/pipeline/db/InsertLoaderInputPartitioner.kt,Devin,https://github.com/airbytehq/airbyte/pull/58649,True,generic_perf,False,True
3018517272,airbyte-cdk/bulk/toolkits/load-db/src/main/kotlin/io/airbyte/cdk/load/pipeline/db/InsertLoaderPipeline.kt,Devin,https://github.com/airbytehq/airbyte/pull/58649,True,generic_perf,False,True
3018517272,airbyte-cdk/bulk/toolkits/load-db/src/main/kotlin/io/airbyte/cdk/load/pipeline/db/InsertLoaderRequestBuilderAccumulator.kt,Devin,https://github.com/airbytehq/airbyte/pull/58649,True,generic_perf,False,True
3018517272,airbyte-cdk/bulk/toolkits/load-db/src/main/kotlin/io/airbyte/cdk/load/pipeline/db/InsertLoaderRequestBuilderStep.kt,Devin,https://github.com/airbytehq/airbyte/pull/58649,True,generic_perf,False,True
3018517272,airbyte-cdk/bulk/toolkits/load-db/src/main/kotlin/io/airbyte/cdk/load/pipeline/db/InsertLoaderRequestExecutorAccumulator.kt,Devin,https://github.com/airbytehq/airbyte/pull/58649,True,generic_perf,False,True
3018517272,airbyte-cdk/bulk/toolkits/load-db/src/main/kotlin/io/airbyte/cdk/load/pipeline/db/InsertLoaderRequestExecutorStep.kt,Devin,https://github.com/airbytehq/airbyte/pull/58649,True,generic_perf,False,True
3018517272,airbyte-cdk/bulk/toolkits/load-db/src/main/kotlin/io/airbyte/cdk/load/pipeline/db/InsertLoaderRequestPartitioner.kt,Devin,https://github.com/airbytehq/airbyte/pull/58649,True,generic_perf,False,True
3018517272,airbyte-cdk/bulk/toolkits/load-db/src/main/kotlin/io/airbyte/cdk/load/pipeline/db/InsertLoaderRequestQueueFactory.kt,Devin,https://github.com/airbytehq/airbyte/pull/58649,True,generic_perf,False,True
3018517272,airbyte-cdk/bulk/toolkits/load-db/src/main/kotlin/io/airbyte/cdk/load/write/db/InsertLoader.kt,Devin,https://github.com/airbytehq/airbyte/pull/58649,True,generic_perf,False,True
3018517272,airbyte-cdk/bulk/toolkits/load-object-storage/src/main/kotlin/io/airbyte/cdk/load/pipline/object_storage/ObjectLoaderFormattedPartPartitioner.kt,Devin,https://github.com/airbytehq/airbyte/pull/58649,True,generic_perf,False,True
3018517272,airbyte-cdk/bulk/toolkits/load-object-storage/src/main/kotlin/io/airbyte/cdk/load/pipline/object_storage/ObjectLoaderLoadedPartPartitioner.kt,Devin,https://github.com/airbytehq/airbyte/pull/58649,True,generic_perf,False,True
3018517272,airbyte-cdk/bulk/toolkits/load-object-storage/src/main/kotlin/io/airbyte/cdk/load/pipline/object_storage/ObjectLoaderPartLoader.kt,Devin,https://github.com/airbytehq/airbyte/pull/58649,True,generic_perf,False,True
3018517272,airbyte-cdk/bulk/toolkits/load-object-storage/src/main/kotlin/io/airbyte/cdk/load/pipline/object_storage/ObjectLoaderPartQueueFactory.kt,Devin,https://github.com/airbytehq/airbyte/pull/58649,True,generic_perf,False,True
3018517272,airbyte-cdk/bulk/toolkits/load-object-storage/src/main/kotlin/io/airbyte/cdk/load/state/object_storage/ObjectStorageDestinationStateManager.kt,Devin,https://github.com/airbytehq/airbyte/pull/58649,True,generic_perf,False,True
3018517272,airbyte-cdk/bulk/toolkits/load-object-storage/src/main/kotlin/io/airbyte/cdk/load/write/object_storage/ObjectLoader.kt,Devin,https://github.com/airbytehq/airbyte/pull/58649,True,generic_perf,False,True
3018517272,airbyte-cdk/bulk/toolkits/load-object-storage/src/main/kotlin/io/airbyte/cdk/load/write/object_storage/ObjectStorageStreamLoaderFactory.kt,Devin,https://github.com/airbytehq/airbyte/pull/58649,True,generic_perf,False,True
3018517272,airbyte-cdk/bulk/toolkits/load-object-storage/src/main/kotlin/io/airbyte/cdk/load/write/object_storage/PartToObjectAccumulator.kt,Devin,https://github.com/airbytehq/airbyte/pull/58649,True,generic_perf,False,True
3018517272,airbyte-cdk/bulk/toolkits/load-object-storage/src/test/kotlin/io/airbyte/cdk/load/pipeline/object_storage/ObjectLoaderPartQueueTest.kt,Devin,https://github.com/airbytehq/airbyte/pull/58649,True,generic_perf,False,True
3018517272,airbyte-cdk/bulk/toolkits/load-object-storage/src/test/kotlin/io/airbyte/cdk/load/state/object_storage/ObjectStorageDestinationStateUTest.kt,Devin,https://github.com/airbytehq/airbyte/pull/58649,True,generic_perf,False,True
3018517272,airbyte-cdk/bulk/toolkits/load-object-storage/src/test/kotlin/io/airbyte/cdk/load/write/object_storage/PartToObjectAccumulatorTest.kt,Devin,https://github.com/airbytehq/airbyte/pull/58649,True,generic_perf,False,True
3018517272,airbyte-cdk/bulk/core/load/src/integrationTest/kotlin/io/airbyte/cdk/load/mock_integration_test/MockDestinationBackend.kt,Devin,https://github.com/airbytehq/airbyte/pull/58649,True,generic_perf,False,True
3018517272,airbyte-cdk/bulk/core/load/src/testFixtures/kotlin/io/airbyte/cdk/load/test/util/DestinationDataDumper.kt,Devin,https://github.com/airbytehq/airbyte/pull/58649,True,generic_perf,False,True
3018517272,airbyte-cdk/bulk/core/load/src/testFixtures/kotlin/io/airbyte/cdk/load/write/BasicFunctionalityIntegrationTest.kt,Devin,https://github.com/airbytehq/airbyte/pull/58649,True,generic_perf,False,True
3018517272,airbyte-cdk/bulk/toolkits/load-azure-blob-storage/build.gradle,Devin,https://github.com/airbytehq/airbyte/pull/58649,True,generic_perf,False,True
3018517272,airbyte-cdk/bulk/toolkits/load-azure-blob-storage/src/main/kotlin/io/airbyte/cdk/load/command/azureBlobStorage/AzureBlobStorageClientSpecification.kt,Devin,https://github.com/airbytehq/airbyte/pull/58649,True,generic_perf,False,True
3018517272,airbyte-cdk/bulk/toolkits/load-azure-blob-storage/src/main/kotlin/io/airbyte/cdk/load/file/azureBlobStorage/AzureBlobStorageClient.kt,Devin,https://github.com/airbytehq/airbyte/pull/58649,True,generic_perf,False,True
3018517272,airbyte-cdk/bulk/toolkits/load-azure-blob-storage/src/main/kotlin/io/airbyte/cdk/load/file/azureBlobStorage/AzureBlobStorageClientFactory.kt,Devin,https://github.com/airbytehq/airbyte/pull/58649,True,generic_perf,False,True
3018517272,airbyte-cdk/bulk/toolkits/load-azure-blob-storage/src/main/kotlin/io/airbyte/cdk/load/file/azureBlobStorage/AzureBlobStreamingUpload.kt,Devin,https://github.com/airbytehq/airbyte/pull/58649,True,generic_perf,False,True
3018517272,airbyte-cdk/bulk/toolkits/load-azure-blob-storage/src/test/kotlin/io/airbyte/cdk/load/file/azureBlobStorage/AzureBlobClientTest.kt,Devin,https://github.com/airbytehq/airbyte/pull/58649,True,generic_perf,False,True
3018517272,airbyte-cdk/bulk/toolkits/load-azure-blob-storage/src/test/kotlin/io/airbyte/cdk/load/file/azureBlobStorage/AzureBlobStreamingUploadTest.kt,Devin,https://github.com/airbytehq/airbyte/pull/58649,True,generic_perf,False,True
3018517272,airbyte-cdk/bulk/toolkits/load-iceberg-parquet/src/testFixtures/kotlin/io/airbyte/cdk/load/data/icerberg/parquet/IcebergDataDumper.kt,Devin,https://github.com/airbytehq/airbyte/pull/58649,True,generic_perf,False,True
3018517272,airbyte-cdk/bulk/toolkits/load-object-storage/src/main/kotlin/io/airbyte/cdk/load/command/object_storage/DeprecatedObjectStorageFormatSpecification.kt,Devin,https://github.com/airbytehq/airbyte/pull/58649,True,generic_perf,False,True
3018517272,airbyte-cdk/bulk/toolkits/load-object-storage/src/main/kotlin/io/airbyte/cdk/load/command/object_storage/ObjectStorageFormatSpecification.kt,Devin,https://github.com/airbytehq/airbyte/pull/58649,True,generic_perf,False,True
3018517272,airbyte-cdk/bulk/toolkits/load-object-storage/src/testFixtures/kotlin/io/airbyte/cdk/load/ObjectStorageDataDumper.kt,Devin,https://github.com/airbytehq/airbyte/pull/58649,True,generic_perf,False,True
3018517272,airbyte-integrations/connectors/source-k6-cloud/metadata.yaml,Devin,https://github.com/airbytehq/airbyte/pull/58649,True,k6,False,True
3018517272,airbyte-cdk/bulk/toolkits/load-gcp/build.gradle,Devin,https://github.com/airbytehq/airbyte/pull/58649,True,generic_perf,False,True
3018517272,airbyte-cdk/bulk/toolkits/load-gcs/build.gradle,Devin,https://github.com/airbytehq/airbyte/pull/58649,True,generic_perf,False,True
3018517272,airbyte-cdk/bulk/toolkits/load-gcs/src/main/kotlin/io/airbyte/cdk/load/command/gcs/GcsAuthSpecification.kt,Devin,https://github.com/airbytehq/airbyte/pull/58649,True,generic_perf,False,True
3018517272,airbyte-cdk/bulk/toolkits/load-gcs/src/main/kotlin/io/airbyte/cdk/load/command/gcs/GcsClientConfiguration.kt,Devin,https://github.com/airbytehq/airbyte/pull/58649,True,generic_perf,False,True
3018517272,airbyte-cdk/bulk/toolkits/load-gcs/src/main/kotlin/io/airbyte/cdk/load/command/gcs/GcsCommonSpecification.kt,Devin,https://github.com/airbytehq/airbyte/pull/58649,True,generic_perf,False,True
3018517272,airbyte-cdk/bulk/toolkits/load-gcs/src/main/kotlin/io/airbyte/cdk/load/command/gcs/GcsRegionSpecification.kt,Devin,https://github.com/airbytehq/airbyte/pull/58649,True,generic_perf,False,True
3018517272,airbyte-cdk/bulk/toolkits/load-gcs/src/main/kotlin/io/airbyte/cdk/load/file/gcs/GcsClient.kt,Devin,https://github.com/airbytehq/airbyte/pull/58649,True,generic_perf,False,True
3018517272,airbyte-cdk/bulk/toolkits/load-gcs/src/main/kotlin/io/airbyte/cdk/load/file/gcs/GcsClientFactory.kt,Devin,https://github.com/airbytehq/airbyte/pull/58649,True,generic_perf,False,True
3018517272,airbyte-cdk/bulk/toolkits/load-gcs/src/main/kotlin/io/airbyte/cdk/load/file/gcs/GcsStreamingUpload.kt,Devin,https://github.com/airbytehq/airbyte/pull/58649,True,generic_perf,False,True
3018517272,airbyte-cdk/bulk/toolkits/load-gcs/src/test/kotlin/io/airbyte/cdk/load/file/gcs/GcsClientTest.kt,Devin,https://github.com/airbytehq/airbyte/pull/58649,True,generic_perf,False,True
3018517272,airbyte-cdk/bulk/toolkits/load-gcs/src/test/kotlin/io/airbyte/cdk/load/file/gcs/GcsResumableStreamingUpload.kt,Devin,https://github.com/airbytehq/airbyte/pull/58649,True,generic_perf,False,True
3018517272,airbyte-cdk/bulk/toolkits/load-gcs/src/test/kotlin/io/airbyte/cdk/load/file/gcs/GcsStreamingUploadTest.kt,Devin,https://github.com/airbytehq/airbyte/pull/58649,True,generic_perf,False,True
3018517272,airbyte-cdk/bulk/core/load/src/integrationTest/kotlin/io/airbyte/cdk/load/mock_integration_test/MockDestinationWriter.kt,Devin,https://github.com/airbytehq/airbyte/pull/58649,True,generic_perf,False,True
3018517272,airbyte-cdk/bulk/core/load/src/main/kotlin/io/airbyte/cdk/load/command/DestinationStream.kt,Devin,https://github.com/airbytehq/airbyte/pull/58649,True,generic_perf,False,True
3018517272,airbyte-cdk/bulk/core/load/src/main/kotlin/io/airbyte/cdk/load/data/AirbyteType.kt,Devin,https://github.com/airbytehq/airbyte/pull/58649,True,generic_perf,False,True
3018517272,airbyte-cdk/bulk/core/load/src/main/kotlin/io/airbyte/cdk/load/data/json/JsonSchemaToAirbyteType.kt,Devin,https://github.com/airbytehq/airbyte/pull/58649,True,generic_perf,False,True
3018517272,airbyte-cdk/bulk/core/load/src/main/kotlin/io/airbyte/cdk/load/state/StreamManager.kt,Devin,https://github.com/airbytehq/airbyte/pull/58649,True,generic_perf,False,True
3018517272,airbyte-cdk/bulk/core/load/src/main/kotlin/io/airbyte/cdk/load/task/implementor/CloseStreamTask.kt,Devin,https://github.com/airbytehq/airbyte/pull/58649,True,generic_perf,False,True
3018517272,airbyte-cdk/bulk/core/load/src/main/kotlin/io/airbyte/cdk/load/task/implementor/FailStreamTask.kt,Devin,https://github.com/airbytehq/airbyte/pull/58649,True,generic_perf,False,True
3018517272,airbyte-cdk/bulk/core/load/src/main/kotlin/io/airbyte/cdk/load/write/StreamLoader.kt,Devin,https://github.com/airbytehq/airbyte/pull/58649,True,generic_perf,False,True
3018517272,airbyte-cdk/bulk/core/load/src/main/resources/application.yaml,Devin,https://github.com/airbytehq/airbyte/pull/58649,True,generic_perf,False,True
3018517272,airbyte-cdk/bulk/core/load/src/test/kotlin/io/airbyte/cdk/load/command/DestinationCatalogTest.kt,Devin,https://github.com/airbytehq/airbyte/pull/58649,True,generic_perf,False,True
3018517272,airbyte-cdk/bulk/core/load/src/test/kotlin/io/airbyte/cdk/load/data/AirbyteValueIdentityMapperTest.kt,Devin,https://github.com/airbytehq/airbyte/pull/58649,True,generic_perf,False,True
3018517272,airbyte-cdk/bulk/core/load/src/test/kotlin/io/airbyte/cdk/load/data/json/JsonSchemaToAirbyteSchemaTypeTest.kt,Devin,https://github.com/airbytehq/airbyte/pull/58649,True,generic_perf,False,True
3018517272,airbyte-cdk/bulk/core/load/src/test/kotlin/io/airbyte/cdk/load/test/util/SchemaRecordBuilder.kt,Devin,https://github.com/airbytehq/airbyte/pull/58649,True,generic_perf,False,True
3018517272,airbyte-cdk/bulk/toolkits/load-iceberg-parquet/src/testFixtures/kotlin/io/airbyte/cdk/load/data/icerberg/parquet/AirbyteTypeToIcebergSchemaTest.kt,Devin,https://github.com/airbytehq/airbyte/pull/58649,True,generic_perf,False,True
3018517272,airbyte-cdk/bulk/toolkits/load-object-storage/src/main/kotlin/io/airbyte/cdk/load/write/object_storage/ObjectStorageStreamLoaderFactory.kt,Devin,https://github.com/airbytehq/airbyte/pull/58649,True,generic_perf,False,True
3018517272,airbyte-cdk/bulk/toolkits/load-parquet/src/test/kotlin/ParquetMapperBatchPipelineFactory.kt,Devin,https://github.com/airbytehq/airbyte/pull/58649,True,generic_perf,False,True
3018517272,airbyte-cdk/bulk/core/load/src/main/kotlin/io/airbyte/cdk/load/task/internal/HeartbeatTask.kt,Devin,https://github.com/airbytehq/airbyte/pull/58649,True,generic_perf,False,True
3018517272,airbyte-cdk/bulk/toolkits/load-azure-blob-storage/src/main/kotlin/io/airbyte/cdk/load/command/azureBlobStorage/AzureBlobStorageClientSpecification.kt,Devin,https://github.com/airbytehq/airbyte/pull/58649,True,generic_perf,False,True
3018517272,airbyte-cdk/bulk/toolkits/load-gcs/build.gradle,Devin,https://github.com/airbytehq/airbyte/pull/58649,True,generic_perf,False,True
3018517272,airbyte-cdk/bulk/toolkits/load-gcs/src/main/kotlin/io/airbyte/cdk/load/command/gcs/GcsClientConfiguration.kt,Devin,https://github.com/airbytehq/airbyte/pull/58649,True,generic_perf,False,True
3018517272,airbyte-cdk/bulk/toolkits/load-gcs/src/main/kotlin/io/airbyte/cdk/load/command/gcs/GcsConstants.kt,Devin,https://github.com/airbytehq/airbyte/pull/58649,True,generic_perf,False,True
3018517272,airbyte-cdk/bulk/toolkits/load-gcs/src/main/kotlin/io/airbyte/cdk/load/file/gcs/GcsClient.kt,Devin,https://github.com/airbytehq/airbyte/pull/58649,True,generic_perf,False,True
3018517272,airbyte-cdk/bulk/toolkits/load-gcs/src/main/kotlin/io/airbyte/cdk/load/file/gcs/GcsClientFactory.kt,Devin,https://github.com/airbytehq/airbyte/pull/58649,True,generic_perf,False,True
3018517272,airbyte-cdk/bulk/toolkits/load-gcs/src/test/kotlin/io/airbyte/cdk/load/file/gcs/GcsClientTest.kt,Devin,https://github.com/airbytehq/airbyte/pull/58649,True,generic_perf,False,True
3018517272,airbyte-cdk/bulk/toolkits/load-gcs/src/test/kotlin/io/airbyte/cdk/load/file/gcs/GcsStreamingUploadTest.kt,Devin,https://github.com/airbytehq/airbyte/pull/58649,True,generic_perf,False,True
3018517272,airbyte-cdk/bulk/toolkits/load-s3/src/main/kotlin/io/airbyte/cdk/load/command/s3/S3BucketSpecification.kt,Devin,https://github.com/airbytehq/airbyte/pull/58649,True,generic_perf,False,True
3018517272,airbyte-cdk/bulk/toolkits/load-s3/src/main/kotlin/io/airbyte/cdk/load/file/s3/S3Client.kt,Devin,https://github.com/airbytehq/airbyte/pull/58649,True,generic_perf,False,True
3018517272,airbyte-cdk/bulk/toolkits/load-s3/src/main/kotlin/io/airbyte/cdk/load/file/s3/S3LegacyJavaClient.kt,Devin,https://github.com/airbytehq/airbyte/pull/58649,True,generic_perf,False,True
3018517272,airbyte-integrations/connectors/source-k6-cloud/metadata.yaml,Devin,https://github.com/airbytehq/airbyte/pull/58649,True,k6,False,True
3018517272,airbyte-cdk/bulk/core/load/src/main/kotlin/io/airbyte/cdk/load/message/DestinationMessage.kt,Devin,https://github.com/airbytehq/airbyte/pull/58649,True,generic_perf,False,True
3018517272,airbyte-cdk/bulk/core/load/src/test/kotlin/io/airbyte/cdk/load/data/EnrichedDestinationRecordAirbyteValueTest.kt,Devin,https://github.com/airbytehq/airbyte/pull/58649,True,generic_perf,False,True
3018517272,airbyte-cdk/bulk/core/load/src/testFixtures/kotlin/io/airbyte/cdk/load/write/BasicFunctionalityIntegrationTest.kt,Devin,https://github.com/airbytehq/airbyte/pull/58649,True,generic_perf,False,True
2814173503,airbyte-cdk/bulk/toolkits/load-iceberg-parquet/src/main/kotlin/io/airbyte/cdk/load/command/iceberg/parquet/IcebergCatalogSpecifications.kt,Devin,https://github.com/airbytehq/airbyte/pull/52578,True,generic_perf,False,True
2975836797,benchmarks/sharded-bm/bench.sh,Devin,https://github.com/near/nearcore/pull/13307,True,generic_perf,False,True
2975836797,benchmarks/transactions-generator/justfile,Devin,https://github.com/near/nearcore/pull/13307,True,generic_perf,False,True
2975836797,integration-tests/src/tests/client/benchmarks.rs,Devin,https://github.com/near/nearcore/pull/13307,True,generic_perf,False,True
2978702847,benchmarks/synth-bm/Cargo.lock,Devin,https://github.com/near/nearcore/pull/13321,True,generic_perf,False,True
2978702847,benchmarks/synth-bm/Cargo.toml,Devin,https://github.com/near/nearcore/pull/13321,True,generic_perf,False,True
2977988551,benchmarks/synth-bm/Cargo.lock,Devin,https://github.com/near/nearcore/pull/13318,True,generic_perf,False,True
2977988551,benchmarks/synth-bm/Cargo.toml,Devin,https://github.com/near/nearcore/pull/13318,True,generic_perf,False,True
2771663241,tests/benchmarks/2025-01-06-gpt-4o-mini-2024-07-18-instructor-results.md,Devin,https://github.com/vlm-run/vlmrun-hub/pull/55,True,generic_perf,False,True
3184407666,airbyte-cdk/bulk/core/load/src/integrationTest/kotlin/io/airbyte/cdk/load/mock_integration_test/MockBasicFunctionalityIntegrationTest.kt,Devin,https://github.com/airbytehq/airbyte/pull/62133,True,generic_perf,False,True
3184407666,airbyte-cdk/bulk/core/load/src/main/kotlin/io/airbyte/cdk/load/data/AirbyteValue.kt,Devin,https://github.com/airbytehq/airbyte/pull/62133,True,generic_perf,False,True
3184407666,airbyte-cdk/bulk/core/load/src/main/kotlin/io/airbyte/cdk/load/message/InputMessage.kt,Devin,https://github.com/airbytehq/airbyte/pull/62133,True,generic_perf,False,True
3184407666,airbyte-cdk/bulk/core/load/src/testFixtures/kotlin/io/airbyte/cdk/load/write/BasicFunctionalityIntegrationTest.kt,Devin,https://github.com/airbytehq/airbyte/pull/62133,True,generic_perf,False,True
3184407666,airbyte-cdk/bulk/toolkits/load-avro/src/testFixtures/kotlin/io/airbyte/cdk/load/file/avro/AvroReader.kt,Devin,https://github.com/airbytehq/airbyte/pull/62133,True,generic_perf,False,True
3184407666,airbyte-cdk/bulk/toolkits/load-csv/src/main/kotlin/io/airbyte/cdk/load/file/csv/CsvDecoder.kt,Devin,https://github.com/airbytehq/airbyte/pull/62133,True,generic_perf,False,True
3184407666,airbyte-cdk/bulk/toolkits/load-csv/src/test/kotlin/io/airbyte/cdk/load/file/csv/CsvDecoderTest.kt,Devin,https://github.com/airbytehq/airbyte/pull/62133,True,generic_perf,False,True
3184407666,airbyte-cdk/bulk/toolkits/load-db/src/main/kotlin/io/airbyte/cdk/load/orchestration/db/DestinationNames.kt,Devin,https://github.com/airbytehq/airbyte/pull/62133,True,generic_perf,False,True
3184407666,airbyte-cdk/bulk/toolkits/load-db/src/test/kotlin/io/airbyte/cdk/load/toolkits/load/db/orchestration/DefaultTempTableNameGeneratorTest.kt,Devin,https://github.com/airbytehq/airbyte/pull/62133,True,generic_perf,False,True
3184407666,airbyte-cdk/bulk/toolkits/load-dlq/src/integrationTest/kotlin/DlqCheckTest.kt,Devin,https://github.com/airbytehq/airbyte/pull/62133,True,generic_perf,False,True
3184407666,airbyte-cdk/bulk/toolkits/load-dlq/src/integrationTest/kotlin/DlqTestLoader.kt,Devin,https://github.com/airbytehq/airbyte/pull/62133,True,generic_perf,False,True
3184407666,airbyte-cdk/bulk/toolkits/load-dlq/src/integrationTest/kotlin/DlqWriteTest.kt,Devin,https://github.com/airbytehq/airbyte/pull/62133,True,generic_perf,False,True
3184407666,airbyte-cdk/bulk/toolkits/load-dlq/src/main/kotlin/io/airbyte/cdk/load/check/dlq/DlqChecker.kt,Devin,https://github.com/airbytehq/airbyte/pull/62133,True,generic_perf,False,True
3184407666,airbyte-cdk/bulk/toolkits/load-dlq/src/main/kotlin/io/airbyte/cdk/load/command/dlq/ObjectStorageConfig.kt,Devin,https://github.com/airbytehq/airbyte/pull/62133,True,generic_perf,False,True
3184407666,airbyte-cdk/bulk/toolkits/load-dlq/src/main/kotlin/io/airbyte/cdk/load/command/dlq/ObjectStorageSpec.kt,Devin,https://github.com/airbytehq/airbyte/pull/62133,True,generic_perf,False,True
3184407666,airbyte-cdk/bulk/toolkits/load-dlq/src/main/kotlin/io/airbyte/cdk/load/message/dlq/DlqRecordBuilder.kt,Devin,https://github.com/airbytehq/airbyte/pull/62133,True,generic_perf,False,True
3184407666,airbyte-cdk/bulk/toolkits/load-dlq/src/test-integration/resources/expected-spec-cloud.json,Devin,https://github.com/airbytehq/airbyte/pull/62133,True,generic_perf,False,True
3184407666,airbyte-cdk/bulk/toolkits/load-dlq/src/test-integration/resources/expected-spec-oss.json,Devin,https://github.com/airbytehq/airbyte/pull/62133,True,generic_perf,False,True
3184407666,airbyte-cdk/bulk/toolkits/load-dlq/src/test/kotlin/io/airbyte/cdk/load/message/dlq/DlqRecordBuilderTest.kt,Devin,https://github.com/airbytehq/airbyte/pull/62133,True,generic_perf,False,True
3184407666,airbyte-cdk/bulk/toolkits/load-dlq/src/test/kotlin/io/airbyte/cdk/load/write/dlq/DeadLetterQueueTestConfig.kt,Devin,https://github.com/airbytehq/airbyte/pull/62133,True,generic_perf,False,True
3184407666,airbyte-cdk/bulk/toolkits/load-dlq/src/test/kotlin/io/airbyte/cdk/load/write/dlq/NoDeadLetterQueueMicronautTest.kt,Devin,https://github.com/airbytehq/airbyte/pull/62133,True,generic_perf,False,True
3184407666,airbyte-cdk/bulk/toolkits/load-dlq/src/test/kotlin/io/airbyte/cdk/load/write/dlq/S3DeadLetterQueueMicronautTest.kt,Devin,https://github.com/airbytehq/airbyte/pull/62133,True,generic_perf,False,True
3184407666,airbyte-cdk/bulk/toolkits/load-object-storage/src/main/kotlin/io/airbyte/cdk/load/file/object_storage/ProtoToJsonFormatter.kt,Devin,https://github.com/airbytehq/airbyte/pull/62133,True,generic_perf,False,True
3184407666,airbyte-cdk/bulk/toolkits/load-object-storage/src/main/kotlin/io/airbyte/cdk/load/file/object_storage/ProtoToJsonWriter.kt,Devin,https://github.com/airbytehq/airbyte/pull/62133,True,generic_perf,False,True
3184407666,airbyte-cdk/bulk/toolkits/load-object-storage/src/test/kotlin/io/airbyte/cdk/load/file/object_storage/ProtoToJsonFormattingTest.kt,Devin,https://github.com/airbytehq/airbyte/pull/62133,True,generic_perf,False,True
3184407666,airbyte-cdk/bulk/toolkits/load-object-storage/src/testFixtures/kotlin/io/airbyte/cdk/load/ObjectStorageDataDumper.kt,Devin,https://github.com/airbytehq/airbyte/pull/62133,True,generic_perf,False,True
3184407666,airbyte-cdk/bulk/toolkits/load-parquet/src/testFixtures/kotlin/io/airbyte/cdk/load/file/parquet/ParquetReader.kt,Devin,https://github.com/airbytehq/airbyte/pull/62133,True,generic_perf,False,True
3184407666,airbyte-integrations/connectors/destination-bigquery/src/main/kotlin/io/airbyte/integrations/destination/bigquery/write/typing_deduping/direct_load_tables/BigqueryDirectLoadNativeTableOperations.kt,Devin,https://github.com/airbytehq/airbyte/pull/62133,True,generic_perf,False,True
3184407666,airbyte-integrations/connectors/destination-clickhouse-v2/src/main/kotlin/io/airbyte/integrations/destination/clickhouse_v2/write/load/BinaryRowInsertBuffer.kt,Devin,https://github.com/airbytehq/airbyte/pull/62133,True,generic_perf,False,True
3184407666,airbyte-integrations/connectors/destination-clickhouse-v2/src/main/kotlin/io/airbyte/integrations/destination/clickhouse_v2/write/load/ClickhouseDirectLoaderFactory.kt,Devin,https://github.com/airbytehq/airbyte/pull/62133,True,generic_perf,False,True
3184407666,airbyte-integrations/connectors/destination-clickhouse-v2/src/test-integration/kotlin/io/airbyte/integrations/destination/clickhouse_v2/write/load/ClickhouseDirectLoadWriter.kt,Devin,https://github.com/airbytehq/airbyte/pull/62133,True,generic_perf,False,True
3184407666,airbyte-integrations/connectors/destination-clickhouse-v2/src/test/kotlin/io/airbyte/integrations/destination/clickhouse_v2/write/load/BinaryRowInsertBufferTest.kt,Devin,https://github.com/airbytehq/airbyte/pull/62133,True,generic_perf,False,True
3184407666,airbyte-integrations/connectors/destination-clickhouse-v2/src/test/kotlin/io/airbyte/integrations/destination/clickhouse_v2/write/load/ClickhouseDirectLoaderFactoryTest.kt,Devin,https://github.com/airbytehq/airbyte/pull/62133,True,generic_perf,False,True
2981432205,benches/decode_benchmark.rs,Devin,https://github.com/cberner/raptorq/pull/180,True,generic_perf,False,True
2981432205,benches/encode_benchmark.rs,Devin,https://github.com/cberner/raptorq/pull/180,True,generic_perf,False,True
3060998787,airbyte-cdk/bulk/core/load/src/integrationTest/kotlin/io/airbyte/cdk/load/mock_integration_test/MockBasicFunctionalityIntegrationTest.kt,Devin,https://github.com/airbytehq/airbyte/pull/60252,True,generic_perf,False,True
3060998787,airbyte-cdk/bulk/core/load/src/main/kotlin/io/airbyte/cdk/load/command/DestinationStream.kt,Devin,https://github.com/airbytehq/airbyte/pull/60252,True,generic_perf,False,True
3060998787,airbyte-cdk/bulk/core/load/src/main/kotlin/io/airbyte/cdk/load/config/DataChannelBeanFactory.kt,Devin,https://github.com/airbytehq/airbyte/pull/60252,True,generic_perf,False,True
3060998787,airbyte-cdk/bulk/core/load/src/main/kotlin/io/airbyte/cdk/load/config/DataChannelMedium.kt,Devin,https://github.com/airbytehq/airbyte/pull/60252,True,generic_perf,False,True
3060998787,airbyte-cdk/bulk/core/load/src/main/kotlin/io/airbyte/cdk/load/config/SyncBeanFactory.kt,Devin,https://github.com/airbytehq/airbyte/pull/60252,True,generic_perf,False,True
3060998787,airbyte-cdk/bulk/core/load/src/main/kotlin/io/airbyte/cdk/load/data/AirbyteType.kt,Devin,https://github.com/airbytehq/airbyte/pull/60252,True,generic_perf,False,True
3060998787,airbyte-cdk/bulk/core/load/src/main/kotlin/io/airbyte/cdk/load/data/DestinationRecordToAirbyteValueWithMeta.kt,Devin,https://github.com/airbytehq/airbyte/pull/60252,True,generic_perf,False,True
3060998787,airbyte-cdk/bulk/core/load/src/main/kotlin/io/airbyte/cdk/load/message/DestinationMessage.kt,Devin,https://github.com/airbytehq/airbyte/pull/60252,True,generic_perf,False,True
3060998787,airbyte-cdk/bulk/core/load/src/main/kotlin/io/airbyte/cdk/load/message/InputMessage.kt,Devin,https://github.com/airbytehq/airbyte/pull/60252,True,generic_perf,False,True
3060998787,airbyte-cdk/bulk/core/load/src/main/kotlin/io/airbyte/cdk/load/message/PartitionedQueue.kt,Devin,https://github.com/airbytehq/airbyte/pull/60252,True,generic_perf,False,True
3060998787,airbyte-cdk/bulk/core/load/src/main/kotlin/io/airbyte/cdk/load/pipeline/DirectLoadPipelineStep.kt,Devin,https://github.com/airbytehq/airbyte/pull/60252,True,generic_perf,False,True
3060998787,airbyte-cdk/bulk/core/load/src/main/kotlin/io/airbyte/cdk/load/task/DestinationTaskLauncher.kt,Devin,https://github.com/airbytehq/airbyte/pull/60252,True,generic_perf,False,True
3060998787,airbyte-cdk/bulk/core/load/src/main/kotlin/io/airbyte/cdk/load/task/internal/HeartbeatTask.kt,Devin,https://github.com/airbytehq/airbyte/pull/60252,True,generic_perf,False,True
3060998787,airbyte-cdk/bulk/core/load/src/main/kotlin/io/airbyte/cdk/load/task/internal/InputConsumerTask.kt,Devin,https://github.com/airbytehq/airbyte/pull/60252,True,generic_perf,False,True
3060998787,airbyte-cdk/bulk/core/load/src/main/kotlin/io/airbyte/cdk/load/task/internal/LoadPipelineStepTask.kt,Devin,https://github.com/airbytehq/airbyte/pull/60252,True,generic_perf,False,True
3060998787,airbyte-cdk/bulk/core/load/src/main/kotlin/io/airbyte/cdk/load/write/DirectLoader.kt,Devin,https://github.com/airbytehq/airbyte/pull/60252,True,generic_perf,False,True
3060998787,airbyte-cdk/bulk/core/load/src/main/resources/application.yaml,Devin,https://github.com/airbytehq/airbyte/pull/60252,True,generic_perf,False,True
3060998787,airbyte-cdk/bulk/core/load/src/test/kotlin/io/airbyte/cdk/load/config/DataChannelBeanFactoryTest.kt,Devin,https://github.com/airbytehq/airbyte/pull/60252,True,generic_perf,False,True
3060998787,airbyte-cdk/bulk/core/load/src/test/kotlin/io/airbyte/cdk/load/config/SyncBeanFactoryTest.kt,Devin,https://github.com/airbytehq/airbyte/pull/60252,True,generic_perf,False,True
3060998787,airbyte-cdk/bulk/core/load/src/test/kotlin/io/airbyte/cdk/load/task/DestinationTaskLauncherUTest.kt,Devin,https://github.com/airbytehq/airbyte/pull/60252,True,generic_perf,False,True
3060998787,airbyte-cdk/bulk/core/load/src/test/kotlin/io/airbyte/cdk/load/task/internal/HeartbeatTaskTest.kt,Devin,https://github.com/airbytehq/airbyte/pull/60252,True,generic_perf,False,True
3060998787,airbyte-cdk/bulk/core/load/src/testFixtures/kotlin/io/airbyte/cdk/load/test/mock/MockDestinationBackend.kt,Devin,https://github.com/airbytehq/airbyte/pull/60252,True,generic_perf,False,True
3060998787,airbyte-cdk/bulk/core/load/src/testFixtures/kotlin/io/airbyte/cdk/load/test/util/ExpectedRecordMapper.kt,Devin,https://github.com/airbytehq/airbyte/pull/60252,True,generic_perf,False,True
3060998787,airbyte-cdk/bulk/core/load/src/testFixtures/kotlin/io/airbyte/cdk/load/test/util/IntegrationTest.kt,Devin,https://github.com/airbytehq/airbyte/pull/60252,True,generic_perf,False,True
3060998787,airbyte-cdk/bulk/core/load/src/testFixtures/kotlin/io/airbyte/cdk/load/test/util/OutputRecord.kt,Devin,https://github.com/airbytehq/airbyte/pull/60252,True,generic_perf,False,True
3060998787,airbyte-cdk/bulk/core/load/src/testFixtures/kotlin/io/airbyte/cdk/load/write/BasicFunctionalityIntegrationTest.kt,Devin,https://github.com/airbytehq/airbyte/pull/60252,True,generic_perf,False,True
3060998787,airbyte-cdk/bulk/toolkits/load-avro/src/testFixtures/kotlin/io/airbyte/cdk/load/data/avro/AvroExpectedRecordMapper.kt,Devin,https://github.com/airbytehq/airbyte/pull/60252,True,generic_perf,False,True
3060998787,airbyte-cdk/bulk/toolkits/load-db/build.gradle,Devin,https://github.com/airbytehq/airbyte/pull/60252,True,generic_perf,False,True
3060998787,airbyte-cdk/bulk/toolkits/load-db/src/main/kotlin/io/airbyte/cdk/load/orchestration/db/DatabaseHandler.kt,Devin,https://github.com/airbytehq/airbyte/pull/60252,True,generic_perf,False,True
3060998787,airbyte-cdk/bulk/toolkits/load-db/src/main/kotlin/io/airbyte/cdk/load/orchestration/db/DatabaseInitialStatusGatherer.kt,Devin,https://github.com/airbytehq/airbyte/pull/60252,True,generic_perf,False,True
3060998787,airbyte-cdk/bulk/toolkits/load-db/src/main/kotlin/io/airbyte/cdk/load/orchestration/db/DestinationNames.kt,Devin,https://github.com/airbytehq/airbyte/pull/60252,True,generic_perf,False,True
3060998787,airbyte-cdk/bulk/toolkits/load-db/src/main/kotlin/io/airbyte/cdk/load/orchestration/db/Sql.kt,Devin,https://github.com/airbytehq/airbyte/pull/60252,True,generic_perf,False,True
3060998787,airbyte-cdk/bulk/toolkits/load-db/src/main/kotlin/io/airbyte/cdk/load/orchestration/db/legacy_typing_deduping/AlterTableReport.kt,Devin,https://github.com/airbytehq/airbyte/pull/60252,True,generic_perf,False,True
3060998787,airbyte-cdk/bulk/toolkits/load-db/src/main/kotlin/io/airbyte/cdk/load/orchestration/db/legacy_typing_deduping/TableCatalogFactory.kt,Devin,https://github.com/airbytehq/airbyte/pull/60252,True,generic_perf,False,True
3060998787,airbyte-cdk/bulk/toolkits/load-db/src/main/kotlin/io/airbyte/cdk/load/orchestration/db/legacy_typing_deduping/TypingDedupingDatabaseInitialStatus.kt,Devin,https://github.com/airbytehq/airbyte/pull/60252,True,generic_perf,False,True
3060998787,airbyte-cdk/bulk/toolkits/load-db/src/main/kotlin/io/airbyte/cdk/load/orchestration/db/legacy_typing_deduping/TypingDedupingExecutionConfig.kt,Devin,https://github.com/airbytehq/airbyte/pull/60252,True,generic_perf,False,True
3060998787,airbyte-cdk/bulk/toolkits/load-db/src/main/kotlin/io/airbyte/cdk/load/orchestration/db/legacy_typing_deduping/TypingDedupingFinalTableOperations.kt,Devin,https://github.com/airbytehq/airbyte/pull/60252,True,generic_perf,False,True
3060998787,airbyte-cdk/bulk/toolkits/load-db/src/main/kotlin/io/airbyte/cdk/load/orchestration/db/legacy_typing_deduping/TypingDedupingRawTableOperations.kt,Devin,https://github.com/airbytehq/airbyte/pull/60252,True,generic_perf,False,True
3060998787,airbyte-cdk/bulk/toolkits/load-db/src/main/kotlin/io/airbyte/cdk/load/orchestration/db/legacy_typing_deduping/TypingDedupingSqlGenerator.kt,Devin,https://github.com/airbytehq/airbyte/pull/60252,True,generic_perf,False,True
3060998787,airbyte-cdk/bulk/toolkits/load-db/src/main/kotlin/io/airbyte/cdk/load/orchestration/db/legacy_typing_deduping/TypingDedupingStreamLoader.kt,Devin,https://github.com/airbytehq/airbyte/pull/60252,True,generic_perf,False,True
3060998787,airbyte-cdk/bulk/toolkits/load-db/src/main/kotlin/io/airbyte/cdk/load/orchestration/db/legacy_typing_deduping/TypingDedupingUtil.kt,Devin,https://github.com/airbytehq/airbyte/pull/60252,True,generic_perf,False,True
3060998787,airbyte-cdk/bulk/toolkits/load-db/src/main/kotlin/io/airbyte/cdk/load/orchestration/db/legacy_typing_deduping/TypingDedupingWriter.kt,Devin,https://github.com/airbytehq/airbyte/pull/60252,True,generic_perf,False,True
3060998787,airbyte-cdk/bulk/toolkits/load-db/src/main/kotlin/io/airbyte/cdk/load/write/db/DbConstants.kt,Devin,https://github.com/airbytehq/airbyte/pull/60252,True,generic_perf,False,True
3060998787,airbyte-cdk/bulk/toolkits/load-db/src/test/kotlin/io/airbyte/cdk/load/toolkits/load/db/orchestration/TableCatalogFactoryTest.kt,Devin,https://github.com/airbytehq/airbyte/pull/60252,True,generic_perf,False,True
3060998787,airbyte-cdk/bulk/toolkits/load-db/src/testFixtures/kotlin/io/airbyte/cdk/load/toolkits/load/db/orchestration/ColumnNameModifyingMapper.kt,Devin,https://github.com/airbytehq/airbyte/pull/60252,True,generic_perf,False,True
3060998787,airbyte-cdk/bulk/toolkits/load-db/src/testFixtures/kotlin/io/airbyte/cdk/load/toolkits/load/db/orchestration/RootLevelTimestampsToUtcMapper.kt,Devin,https://github.com/airbytehq/airbyte/pull/60252,True,generic_perf,False,True
3060998787,airbyte-cdk/bulk/toolkits/load-db/src/testFixtures/kotlin/io/airbyte/cdk/load/toolkits/load/db/orchestration/TypingDedupingMetaChangeMapper.kt,Devin,https://github.com/airbytehq/airbyte/pull/60252,True,generic_perf,False,True
3060998787,airbyte-cdk/bulk/toolkits/load-gcs/src/main/kotlin/io/airbyte/cdk/load/command/gcs/GcsAuthSpecification.kt,Devin,https://github.com/airbytehq/airbyte/pull/60252,True,generic_perf,False,True
3060998787,airbyte-cdk/bulk/toolkits/load-iceberg-parquet/src/testFixtures/kotlin/io/airbyte/cdk/load/data/icerberg/parquet/IcebergWriteTest.kt,Devin,https://github.com/airbytehq/airbyte/pull/60252,True,generic_perf,False,True
3060998787,airbyte-cdk/bulk/toolkits/load-object-storage/src/main/kotlin/io/airbyte/cdk/load/factory/object_storage/ObjectLoaderQueueBeanFactory.kt,Devin,https://github.com/airbytehq/airbyte/pull/60252,True,generic_perf,False,True
3060998787,airbyte-cdk/bulk/toolkits/load-object-storage/src/main/kotlin/io/airbyte/cdk/load/factory/object_storage/ObjectLoaderStepBeanFactory.kt,Devin,https://github.com/airbytehq/airbyte/pull/60252,True,generic_perf,False,True
3060998787,airbyte-cdk/bulk/toolkits/load-object-storage/src/main/kotlin/io/airbyte/cdk/load/file/object_storage/ObjectStorageFormattingWriter.kt,Devin,https://github.com/airbytehq/airbyte/pull/60252,True,generic_perf,False,True
3060998787,airbyte-cdk/bulk/toolkits/load-object-storage/src/main/kotlin/io/airbyte/cdk/load/pipline/object_storage/ObjectLoaderPartFormatterStep.kt,Devin,https://github.com/airbytehq/airbyte/pull/60252,True,generic_perf,False,True
3060998787,airbyte-cdk/bulk/toolkits/load-object-storage/src/main/kotlin/io/airbyte/cdk/load/pipline/object_storage/ObjectLoaderPartLoaderStep.kt,Devin,https://github.com/airbytehq/airbyte/pull/60252,True,generic_perf,False,True
3060998787,airbyte-cdk/bulk/toolkits/load-object-storage/src/main/kotlin/io/airbyte/cdk/load/pipline/object_storage/ObjectLoaderUploadCompleterStep.kt,Devin,https://github.com/airbytehq/airbyte/pull/60252,True,generic_perf,False,True
3060998787,airbyte-cdk/bulk/toolkits/load-object-storage/src/main/kotlin/io/airbyte/cdk/load/pipline/object_storage/file/ForwardFileRecordTask.kt,Devin,https://github.com/airbytehq/airbyte/pull/60252,True,generic_perf,False,True
3060998787,airbyte-cdk/bulk/toolkits/load-object-storage/src/main/kotlin/io/airbyte/cdk/load/pipline/object_storage/file/RouteEventStep.kt,Devin,https://github.com/airbytehq/airbyte/pull/60252,True,generic_perf,False,True
3060998787,airbyte-cdk/bulk/toolkits/load-object-storage/src/main/kotlin/io/airbyte/cdk/load/pipline/object_storage/file/RouteEventTask.kt,Devin,https://github.com/airbytehq/airbyte/pull/60252,True,generic_perf,False,True
3060998787,airbyte-cdk/bulk/toolkits/load-object-storage/src/test/kotlin/io/airbyte/cdk/load/pipeline/object_storage/file/ForwardFileRecordTaskTest.kt,Devin,https://github.com/airbytehq/airbyte/pull/60252,True,generic_perf,False,True
3060998787,airbyte-cdk/bulk/toolkits/load-object-storage/src/test/kotlin/io/airbyte/cdk/load/pipeline/object_storage/file/RouteEventTaskTest.kt,Devin,https://github.com/airbytehq/airbyte/pull/60252,True,generic_perf,False,True
3060998787,airbyte-cdk/bulk/core/load/build.gradle,Devin,https://github.com/airbytehq/airbyte/pull/60252,True,generic_perf,False,True
3060998787,airbyte-cdk/bulk/core/load/src/main/kotlin/io/airbyte/cdk/load/command/DestinationCatalog.kt,Devin,https://github.com/airbytehq/airbyte/pull/60252,True,generic_perf,False,True
3060998787,airbyte-cdk/bulk/core/load/src/main/kotlin/io/airbyte/cdk/load/command/DestinationConfiguration.kt,Devin,https://github.com/airbytehq/airbyte/pull/60252,True,generic_perf,False,True
3060998787,airbyte-cdk/bulk/core/load/src/main/kotlin/io/airbyte/cdk/load/command/EnvVarConstants.kt,Devin,https://github.com/airbytehq/airbyte/pull/60252,True,generic_perf,False,True
3060998787,airbyte-cdk/bulk/core/load/src/main/kotlin/io/airbyte/cdk/load/config/DataChannelBeanFactory.kt,Devin,https://github.com/airbytehq/airbyte/pull/60252,True,generic_perf,False,True
3060998787,airbyte-cdk/bulk/core/load/src/main/kotlin/io/airbyte/cdk/load/config/DataChannelFormat.kt,Devin,https://github.com/airbytehq/airbyte/pull/60252,True,generic_perf,False,True
3060998787,airbyte-cdk/bulk/core/load/src/main/kotlin/io/airbyte/cdk/load/file/ClientSocket.kt,Devin,https://github.com/airbytehq/airbyte/pull/60252,True,generic_perf,False,True
3060998787,airbyte-cdk/bulk/core/load/src/main/kotlin/io/airbyte/cdk/load/file/DataChannelReader.kt,Devin,https://github.com/airbytehq/airbyte/pull/60252,True,generic_perf,False,True
3060998787,airbyte-cdk/bulk/core/load/src/main/kotlin/io/airbyte/cdk/load/file/JSONLDataChannelReader.kt,Devin,https://github.com/airbytehq/airbyte/pull/60252,True,generic_perf,False,True
3060998787,airbyte-cdk/bulk/core/load/src/main/kotlin/io/airbyte/cdk/load/file/SocketInputFlow.kt,Devin,https://github.com/airbytehq/airbyte/pull/60252,True,generic_perf,False,True
3060998787,airbyte-cdk/bulk/core/load/src/main/kotlin/io/airbyte/cdk/load/message/DestinationMessage.kt,Devin,https://github.com/airbytehq/airbyte/pull/60252,True,generic_perf,False,True
3060998787,airbyte-cdk/bulk/core/load/src/main/kotlin/io/airbyte/cdk/load/message/DestinationMessageDeserializer.kt,Devin,https://github.com/airbytehq/airbyte/pull/60252,True,generic_perf,False,True
3060998787,airbyte-cdk/bulk/core/load/src/main/kotlin/io/airbyte/cdk/load/message/DestinationMessageQueues.kt,Devin,https://github.com/airbytehq/airbyte/pull/60252,True,generic_perf,False,True
3060998787,airbyte-cdk/bulk/core/load/src/main/kotlin/io/airbyte/cdk/load/message/InputMessage.kt,Devin,https://github.com/airbytehq/airbyte/pull/60252,True,generic_perf,False,True
3060998787,airbyte-cdk/bulk/core/load/src/main/kotlin/io/airbyte/cdk/load/state/PipelineEventBookkeepingRouter.kt,Devin,https://github.com/airbytehq/airbyte/pull/60252,True,generic_perf,False,True
3060998787,airbyte-cdk/bulk/core/load/src/main/kotlin/io/airbyte/cdk/load/task/implementor/OpenStreamTask.kt,Devin,https://github.com/airbytehq/airbyte/pull/60252,True,generic_perf,False,True
3060998787,airbyte-cdk/bulk/core/load/src/main/kotlin/io/airbyte/cdk/load/task/internal/HeartbeatTask.kt,Devin,https://github.com/airbytehq/airbyte/pull/60252,True,generic_perf,False,True
3060998787,airbyte-cdk/bulk/core/load/src/main/kotlin/io/airbyte/cdk/load/task/internal/InputConsumerTask.kt,Devin,https://github.com/airbytehq/airbyte/pull/60252,True,generic_perf,False,True
3060998787,airbyte-cdk/bulk/core/load/src/main/kotlin/io/airbyte/cdk/load/task/internal/UpdateCheckpointsTask.kt,Devin,https://github.com/airbytehq/airbyte/pull/60252,True,generic_perf,False,True
3060998787,airbyte-cdk/bulk/core/load/src/main/resources/application.yaml,Devin,https://github.com/airbytehq/airbyte/pull/60252,True,generic_perf,False,True
3060998787,airbyte-cdk/bulk/core/load/src/test/kotlin/io/airbyte/cdk/load/config/DataChannelBeanFactoryTest.kt,Devin,https://github.com/airbytehq/airbyte/pull/60252,True,generic_perf,False,True
3060998787,airbyte-cdk/bulk/core/load/src/test/kotlin/io/airbyte/cdk/load/message/DestinationMessageTest.kt,Devin,https://github.com/airbytehq/airbyte/pull/60252,True,generic_perf,False,True
3060998787,airbyte-cdk/bulk/core/load/src/test/kotlin/io/airbyte/cdk/load/message/DestinationRecordRawTest.kt,Devin,https://github.com/airbytehq/airbyte/pull/60252,True,generic_perf,False,True
3060998787,airbyte-cdk/bulk/core/load/src/test/kotlin/io/airbyte/cdk/load/state/ReservationManagerTest.kt,Devin,https://github.com/airbytehq/airbyte/pull/60252,True,generic_perf,False,True
3060998787,airbyte-cdk/bulk/core/load/src/test/kotlin/io/airbyte/cdk/load/task/implementor/OpenStreamTaskTest.kt,Devin,https://github.com/airbytehq/airbyte/pull/60252,True,generic_perf,False,True
3060998787,airbyte-cdk/bulk/core/load/src/test/kotlin/io/airbyte/cdk/load/task/internal/HeartbeatTaskTest.kt,Devin,https://github.com/airbytehq/airbyte/pull/60252,True,generic_perf,False,True
3060998787,airbyte-cdk/bulk/core/load/src/test/kotlin/io/airbyte/cdk/load/task/internal/InputConsumerTaskTest.kt,Devin,https://github.com/airbytehq/airbyte/pull/60252,True,generic_perf,False,True
3060998787,airbyte-cdk/bulk/core/load/src/test/kotlin/io/airbyte/cdk/load/task/internal/InputConsumerTaskUTest.kt,Devin,https://github.com/airbytehq/airbyte/pull/60252,True,generic_perf,False,True
3060998787,airbyte-cdk/bulk/core/load/src/test/kotlin/io/airbyte/cdk/load/task/internal/LoadPipelineStepTaskUTest.kt,Devin,https://github.com/airbytehq/airbyte/pull/60252,True,generic_perf,False,True
3060998787,airbyte-cdk/bulk/core/load/src/test/kotlin/io/airbyte/cdk/load/task/internal/ReservingDeserializingInputFlowTest.kt,Devin,https://github.com/airbytehq/airbyte/pull/60252,True,generic_perf,False,True
3060998787,airbyte-cdk/bulk/core/load/src/test/kotlin/io/airbyte/cdk/load/test/util/StubDestinationMessageFactory.kt,Devin,https://github.com/airbytehq/airbyte/pull/60252,True,generic_perf,False,True
3060998787,airbyte-cdk/bulk/core/load/src/testFixtures/kotlin/io/airbyte/cdk/load/check/CheckIntegrationTest.kt,Devin,https://github.com/airbytehq/airbyte/pull/60252,True,generic_perf,False,True
3060998787,airbyte-cdk/bulk/core/load/src/testFixtures/kotlin/io/airbyte/cdk/load/file/ServerSocketWriter.kt,Devin,https://github.com/airbytehq/airbyte/pull/60252,True,generic_perf,False,True
3060998787,airbyte-cdk/bulk/core/load/src/testFixtures/kotlin/io/airbyte/cdk/load/file/TcpPortReserver.kt,Devin,https://github.com/airbytehq/airbyte/pull/60252,True,generic_perf,False,True
3060998787,airbyte-cdk/bulk/core/load/src/testFixtures/kotlin/io/airbyte/cdk/load/file/TcpSocketWriter.kt,Devin,https://github.com/airbytehq/airbyte/pull/60252,True,generic_perf,False,True
3060998787,airbyte-cdk/bulk/core/load/src/testFixtures/kotlin/io/airbyte/cdk/load/spec/SpecTest.kt,Devin,https://github.com/airbytehq/airbyte/pull/60252,True,generic_perf,False,True
3060998787,airbyte-cdk/bulk/core/load/src/testFixtures/kotlin/io/airbyte/cdk/load/test/util/IntegrationTest.kt,Devin,https://github.com/airbytehq/airbyte/pull/60252,True,generic_perf,False,True
3060998787,airbyte-cdk/bulk/core/load/src/testFixtures/kotlin/io/airbyte/cdk/load/test/util/destination_process/DestinationProcess.kt,Devin,https://github.com/airbytehq/airbyte/pull/60252,True,generic_perf,False,True
3060998787,airbyte-cdk/bulk/core/load/src/testFixtures/kotlin/io/airbyte/cdk/load/test/util/destination_process/DockerizedDestination.kt,Devin,https://github.com/airbytehq/airbyte/pull/60252,True,generic_perf,False,True
3060998787,airbyte-cdk/bulk/core/load/src/testFixtures/kotlin/io/airbyte/cdk/load/test/util/destination_process/NonDockerizedDestination.kt,Devin,https://github.com/airbytehq/airbyte/pull/60252,True,generic_perf,False,True
3060998787,airbyte-cdk/bulk/core/load/src/testFixtures/kotlin/io/airbyte/cdk/load/write/BasicFunctionalityIntegrationTest.kt,Devin,https://github.com/airbytehq/airbyte/pull/60252,True,generic_perf,False,True
3060998787,airbyte-cdk/bulk/core/load/src/testFixtures/kotlin/io/airbyte/cdk/load/write/BasicPerformanceTest.kt,Devin,https://github.com/airbytehq/airbyte/pull/60252,True,generic_perf,False,True
3060998787,airbyte-cdk/bulk/core/load/src/testFixtures/kotlin/io/airbyte/cdk/load/write/PerformanceTestScenarios.kt,Devin,https://github.com/airbytehq/airbyte/pull/60252,True,generic_perf,False,True
3060998787,airbyte-cdk/bulk/toolkits/load-object-storage/src/main/kotlin/io/airbyte/cdk/load/pipline/object_storage/ObjectLoaderPartFormatterStep.kt,Devin,https://github.com/airbytehq/airbyte/pull/60252,True,generic_perf,False,True
3060998787,airbyte-cdk/bulk/toolkits/load-object-storage/src/test/kotlin/io/airbyte/cdk/load/pipeline/object_storage/file/FileChunkTaskTest.kt,Devin,https://github.com/airbytehq/airbyte/pull/60252,True,generic_perf,False,True
3060998787,airbyte-cdk/bulk/toolkits/load-object-storage/src/test/kotlin/io/airbyte/cdk/load/pipeline/object_storage/file/ForwardFileRecordTaskTest.kt,Devin,https://github.com/airbytehq/airbyte/pull/60252,True,generic_perf,False,True
3060998787,airbyte-cdk/bulk/toolkits/load-object-storage/src/test/kotlin/io/airbyte/cdk/load/pipeline/object_storage/file/RouteEventTaskTest.kt,Devin,https://github.com/airbytehq/airbyte/pull/60252,True,generic_perf,False,True
3060998787,airbyte-cdk/bulk/toolkits/load-object-storage/src/test/kotlin/io/airbyte/cdk/load/write/object_storage/FilePartAccumulatorLegacyTest.kt,Devin,https://github.com/airbytehq/airbyte/pull/60252,True,generic_perf,False,True
3060998787,airbyte-cdk/bulk/toolkits/load-object-storage/src/test/kotlin/io/airbyte/cdk/load/write/object_storage/ObjectLoaderPartFormatterTest.kt,Devin,https://github.com/airbytehq/airbyte/pull/60252,True,generic_perf,False,True
3060998787,airbyte-cdk/bulk/core/load/src/main/kotlin/io/airbyte/cdk/load/command/DestinationStream.kt,Devin,https://github.com/airbytehq/airbyte/pull/60252,True,generic_perf,False,True
3060998787,airbyte-cdk/bulk/core/load/src/main/kotlin/io/airbyte/cdk/load/message/DestinationMessageQueues.kt,Devin,https://github.com/airbytehq/airbyte/pull/60252,True,generic_perf,False,True
3060998787,airbyte-cdk/bulk/core/load/src/main/kotlin/io/airbyte/cdk/load/state/CheckpointManager.kt,Devin,https://github.com/airbytehq/airbyte/pull/60252,True,generic_perf,False,True
3060998787,airbyte-cdk/bulk/core/load/src/main/kotlin/io/airbyte/cdk/load/state/PipelineEventBookkeepingRouter.kt,Devin,https://github.com/airbytehq/airbyte/pull/60252,True,generic_perf,False,True
3060998787,airbyte-cdk/bulk/core/load/src/main/kotlin/io/airbyte/cdk/load/state/StreamManager.kt,Devin,https://github.com/airbytehq/airbyte/pull/60252,True,generic_perf,False,True
3060998787,airbyte-cdk/bulk/core/load/src/main/kotlin/io/airbyte/cdk/load/task/internal/UpdateBatchStateTaskFactory.kt,Devin,https://github.com/airbytehq/airbyte/pull/60252,True,generic_perf,False,True
3060998787,airbyte-cdk/bulk/core/load/src/main/kotlin/io/airbyte/cdk/load/task/internal/UpdateCheckpointsTask.kt,Devin,https://github.com/airbytehq/airbyte/pull/60252,True,generic_perf,False,True
3060998787,airbyte-cdk/bulk/core/load/src/test/kotlin/io/airbyte/cdk/load/state/CheckpointManagerUTest.kt,Devin,https://github.com/airbytehq/airbyte/pull/60252,True,generic_perf,False,True
3060998787,airbyte-cdk/bulk/core/load/src/test/kotlin/io/airbyte/cdk/load/state/StreamManagerTest.kt,Devin,https://github.com/airbytehq/airbyte/pull/60252,True,generic_perf,False,True
3060998787,airbyte-cdk/bulk/core/load/src/test/kotlin/io/airbyte/cdk/load/task/internal/InputConsumerTaskTest.kt,Devin,https://github.com/airbytehq/airbyte/pull/60252,True,generic_perf,False,True
3060998787,airbyte-cdk/bulk/core/load/src/test/kotlin/io/airbyte/cdk/load/task/internal/LoadPipelineStepTaskUTest.kt,Devin,https://github.com/airbytehq/airbyte/pull/60252,True,generic_perf,False,True
3060998787,airbyte-cdk/bulk/toolkits/load-object-storage/src/test/kotlin/io/airbyte/cdk/load/pipeline/object_storage/file/FileChunkTaskTest.kt,Devin,https://github.com/airbytehq/airbyte/pull/60252,True,generic_perf,False,True
3060998787,airbyte-cdk/bulk/toolkits/load-object-storage/src/test/kotlin/io/airbyte/cdk/load/pipeline/object_storage/file/ForwardFileRecordTaskTest.kt,Devin,https://github.com/airbytehq/airbyte/pull/60252,True,generic_perf,False,True
3060998787,airbyte-cdk/bulk/toolkits/load-object-storage/src/test/kotlin/io/airbyte/cdk/load/pipeline/object_storage/file/RouteEventTaskTest.kt,Devin,https://github.com/airbytehq/airbyte/pull/60252,True,generic_perf,False,True
3060998787,airbyte-cdk/bulk/toolkits/load-object-storage/src/test/kotlin/io/airbyte/cdk/load/write/object_storage/FilePartAccumulatorLegacyTest.kt,Devin,https://github.com/airbytehq/airbyte/pull/60252,True,generic_perf,False,True
2987446575,benches/codec_benchmark.rs,Devin,https://github.com/cberner/raptorq/pull/182,True,generic_perf,False,True
3016881237,pgxn/neon/neon_perf_counters.c,Devin,https://github.com/neondatabase/neon/pull/11696,True,generic_perf,False,True
3016881237,pgxn/neon/neon_perf_counters.h,Devin,https://github.com/neondatabase/neon/pull/11696,True,generic_perf,False,True
3016881237,.github/workflows/large_oltp_benchmark.yml,Devin,https://github.com/neondatabase/neon/pull/11696,True,generic_perf,False,True
3016881237,.github/workflows/proxy-benchmark.yml,Devin,https://github.com/neondatabase/neon/pull/11696,True,generic_perf,False,True
3065400643,airbyte-cdk/bulk/core/load/src/integrationTest/kotlin/io/airbyte/cdk/load/mock_integration_test/MockDestinationBackend.kt,Devin,https://github.com/airbytehq/airbyte/pull/60292,True,generic_perf,False,True
3065400643,airbyte-cdk/bulk/core/load/src/main/kotlin/io/airbyte/cdk/load/command/DestinationConfiguration.kt,Devin,https://github.com/airbytehq/airbyte/pull/60292,True,generic_perf,False,True
3065400643,airbyte-cdk/bulk/core/load/src/main/kotlin/io/airbyte/cdk/load/message/MemoryReservingPartitionedQueue.kt,Devin,https://github.com/airbytehq/airbyte/pull/60292,True,generic_perf,False,True
3065400643,airbyte-cdk/bulk/core/load/src/main/kotlin/io/airbyte/cdk/load/message/PipelineEvent.kt,Devin,https://github.com/airbytehq/airbyte/pull/60292,True,generic_perf,False,True
3065400643,airbyte-cdk/bulk/core/load/src/main/kotlin/io/airbyte/cdk/load/pipeline/ByPrimaryKeyInputPartitioner.kt,Devin,https://github.com/airbytehq/airbyte/pull/60292,True,generic_perf,False,True
3065400643,airbyte-cdk/bulk/core/load/src/main/kotlin/io/airbyte/cdk/load/pipeline/DefaultPipelineFlushStrategy.kt,Devin,https://github.com/airbytehq/airbyte/pull/60292,True,generic_perf,False,True
3065400643,airbyte-cdk/bulk/core/load/src/main/kotlin/io/airbyte/cdk/load/pipeline/OutputPartitioner.kt,Devin,https://github.com/airbytehq/airbyte/pull/60292,True,generic_perf,False,True
3065400643,airbyte-cdk/bulk/core/load/src/main/kotlin/io/airbyte/cdk/load/pipeline/PipelineFlushStrategy.kt,Devin,https://github.com/airbytehq/airbyte/pull/60292,True,generic_perf,False,True
3065400643,airbyte-cdk/bulk/core/load/src/main/kotlin/io/airbyte/cdk/load/pipeline/RandomInputPartitioner.kt,Devin,https://github.com/airbytehq/airbyte/pull/60292,True,generic_perf,False,True
3065400643,airbyte-cdk/bulk/core/load/src/main/kotlin/io/airbyte/cdk/load/pipeline/RecordCountFlushStrategy.kt,Devin,https://github.com/airbytehq/airbyte/pull/60292,True,generic_perf,False,True
3065400643,airbyte-cdk/bulk/core/load/src/main/kotlin/io/airbyte/cdk/load/spec/DestinationSpecificationInternal.kt,Devin,https://github.com/airbytehq/airbyte/pull/60292,True,generic_perf,False,True
3065400643,airbyte-cdk/bulk/core/load/src/main/kotlin/io/airbyte/cdk/load/task/DestinationTaskLauncher.kt,Devin,https://github.com/airbytehq/airbyte/pull/60292,True,generic_perf,False,True
3065400643,airbyte-cdk/bulk/core/load/src/main/kotlin/io/airbyte/cdk/load/task/internal/HeartbeatTask.kt,Devin,https://github.com/airbytehq/airbyte/pull/60292,True,generic_perf,False,True
3065400643,airbyte-cdk/bulk/core/load/src/main/kotlin/io/airbyte/cdk/load/task/internal/LoadPipelineStepTask.kt,Devin,https://github.com/airbytehq/airbyte/pull/60292,True,generic_perf,False,True
3065400643,airbyte-cdk/bulk/core/load/src/test/kotlin/io/airbyte/cdk/load/command/MockDestinationConfiguration.kt,Devin,https://github.com/airbytehq/airbyte/pull/60292,True,generic_perf,False,True
3065400643,airbyte-cdk/bulk/core/load/src/test/kotlin/io/airbyte/cdk/load/message/ResourceReservingPartitionedQueueTest.kt,Devin,https://github.com/airbytehq/airbyte/pull/60292,True,generic_perf,False,True
3065400643,airbyte-cdk/bulk/core/load/src/test/kotlin/io/airbyte/cdk/load/pipeline/DefaultPipelineFlushStrategyTest.kt,Devin,https://github.com/airbytehq/airbyte/pull/60292,True,generic_perf,False,True
3065400643,airbyte-cdk/bulk/core/load/src/test/kotlin/io/airbyte/cdk/load/task/DestinationTaskLauncherUTest.kt,Devin,https://github.com/airbytehq/airbyte/pull/60292,True,generic_perf,False,True
3065400643,airbyte-cdk/bulk/core/load/src/test/kotlin/io/airbyte/cdk/load/task/internal/HeartbeatTaskTest.kt,Devin,https://github.com/airbytehq/airbyte/pull/60292,True,generic_perf,False,True
3065400643,airbyte-cdk/bulk/core/load/src/test/kotlin/io/airbyte/cdk/load/task/internal/LoadPipelineStepTaskUTest.kt,Devin,https://github.com/airbytehq/airbyte/pull/60292,True,generic_perf,False,True
3065400643,airbyte-cdk/bulk/core/load/src/testFixtures/kotlin/io/airbyte/cdk/load/test/util/DestinationDataDumper.kt,Devin,https://github.com/airbytehq/airbyte/pull/60292,True,generic_perf,False,True
3065400643,airbyte-cdk/bulk/core/load/src/testFixtures/kotlin/io/airbyte/cdk/load/write/BasicFunctionalityIntegrationTest.kt,Devin,https://github.com/airbytehq/airbyte/pull/60292,True,generic_perf,False,True
3065400643,airbyte-cdk/bulk/toolkits/load-azure-blob-storage/build.gradle,Devin,https://github.com/airbytehq/airbyte/pull/60292,True,generic_perf,False,True
3065400643,airbyte-cdk/bulk/toolkits/load-azure-blob-storage/src/main/kotlin/io/airbyte/cdk/load/command/azureBlobStorage/AzureBlobStorageClientSpecification.kt,Devin,https://github.com/airbytehq/airbyte/pull/60292,True,generic_perf,False,True
3065400643,airbyte-cdk/bulk/toolkits/load-azure-blob-storage/src/main/kotlin/io/airbyte/cdk/load/file/azureBlobStorage/AzureBlobStorageClient.kt,Devin,https://github.com/airbytehq/airbyte/pull/60292,True,generic_perf,False,True
3065400643,airbyte-cdk/bulk/toolkits/load-azure-blob-storage/src/main/kotlin/io/airbyte/cdk/load/file/azureBlobStorage/AzureBlobStorageClientFactory.kt,Devin,https://github.com/airbytehq/airbyte/pull/60292,True,generic_perf,False,True
3065400643,airbyte-cdk/bulk/toolkits/load-azure-blob-storage/src/main/kotlin/io/airbyte/cdk/load/file/azureBlobStorage/AzureBlobStreamingUpload.kt,Devin,https://github.com/airbytehq/airbyte/pull/60292,True,generic_perf,False,True
3065400643,airbyte-cdk/bulk/toolkits/load-azure-blob-storage/src/test/kotlin/io/airbyte/cdk/load/file/azureBlobStorage/AzureBlobClientTest.kt,Devin,https://github.com/airbytehq/airbyte/pull/60292,True,generic_perf,False,True
3065400643,airbyte-cdk/bulk/toolkits/load-azure-blob-storage/src/test/kotlin/io/airbyte/cdk/load/file/azureBlobStorage/AzureBlobStreamingUploadTest.kt,Devin,https://github.com/airbytehq/airbyte/pull/60292,True,generic_perf,False,True
3065400643,airbyte-cdk/bulk/toolkits/load-db/src/main/kotlin/io/airbyte/cdk/load/pipeline/db/BulkLoadCompletedUploadPartitioner.kt,Devin,https://github.com/airbytehq/airbyte/pull/60292,True,generic_perf,False,True
3065400643,airbyte-cdk/bulk/toolkits/load-db/src/main/kotlin/io/airbyte/cdk/load/pipeline/db/InsertLoaderInputPartitioner.kt,Devin,https://github.com/airbytehq/airbyte/pull/60292,True,generic_perf,False,True
3065400643,airbyte-cdk/bulk/toolkits/load-db/src/main/kotlin/io/airbyte/cdk/load/pipeline/db/InsertLoaderPipeline.kt,Devin,https://github.com/airbytehq/airbyte/pull/60292,True,generic_perf,False,True
3065400643,airbyte-cdk/bulk/toolkits/load-db/src/main/kotlin/io/airbyte/cdk/load/pipeline/db/InsertLoaderRequestBuilderAccumulator.kt,Devin,https://github.com/airbytehq/airbyte/pull/60292,True,generic_perf,False,True
3065400643,airbyte-cdk/bulk/toolkits/load-db/src/main/kotlin/io/airbyte/cdk/load/pipeline/db/InsertLoaderRequestBuilderStep.kt,Devin,https://github.com/airbytehq/airbyte/pull/60292,True,generic_perf,False,True
3065400643,airbyte-cdk/bulk/toolkits/load-db/src/main/kotlin/io/airbyte/cdk/load/pipeline/db/InsertLoaderRequestExecutorAccumulator.kt,Devin,https://github.com/airbytehq/airbyte/pull/60292,True,generic_perf,False,True
3065400643,airbyte-cdk/bulk/toolkits/load-db/src/main/kotlin/io/airbyte/cdk/load/pipeline/db/InsertLoaderRequestExecutorStep.kt,Devin,https://github.com/airbytehq/airbyte/pull/60292,True,generic_perf,False,True
3065400643,airbyte-cdk/bulk/toolkits/load-db/src/main/kotlin/io/airbyte/cdk/load/pipeline/db/InsertLoaderRequestPartitioner.kt,Devin,https://github.com/airbytehq/airbyte/pull/60292,True,generic_perf,False,True
3065400643,airbyte-cdk/bulk/toolkits/load-db/src/main/kotlin/io/airbyte/cdk/load/pipeline/db/InsertLoaderRequestQueueFactory.kt,Devin,https://github.com/airbytehq/airbyte/pull/60292,True,generic_perf,False,True
3065400643,airbyte-cdk/bulk/toolkits/load-db/src/main/kotlin/io/airbyte/cdk/load/write/db/InsertLoader.kt,Devin,https://github.com/airbytehq/airbyte/pull/60292,True,generic_perf,False,True
3065400643,airbyte-cdk/bulk/toolkits/load-iceberg-parquet/src/testFixtures/kotlin/io/airbyte/cdk/load/data/icerberg/parquet/IcebergDataDumper.kt,Devin,https://github.com/airbytehq/airbyte/pull/60292,True,generic_perf,False,True
3065400643,airbyte-cdk/bulk/toolkits/load-object-storage/src/main/kotlin/io/airbyte/cdk/load/command/object_storage/DeprecatedObjectStorageFormatSpecification.kt,Devin,https://github.com/airbytehq/airbyte/pull/60292,True,generic_perf,False,True
3065400643,airbyte-cdk/bulk/toolkits/load-object-storage/src/main/kotlin/io/airbyte/cdk/load/command/object_storage/ObjectStorageFormatSpecification.kt,Devin,https://github.com/airbytehq/airbyte/pull/60292,True,generic_perf,False,True
3065400643,airbyte-cdk/bulk/toolkits/load-object-storage/src/main/kotlin/io/airbyte/cdk/load/pipline/object_storage/ObjectLoaderFormattedPartPartitioner.kt,Devin,https://github.com/airbytehq/airbyte/pull/60292,True,generic_perf,False,True
3065400643,airbyte-cdk/bulk/toolkits/load-object-storage/src/main/kotlin/io/airbyte/cdk/load/pipline/object_storage/ObjectLoaderLoadedPartPartitioner.kt,Devin,https://github.com/airbytehq/airbyte/pull/60292,True,generic_perf,False,True
3065400643,airbyte-cdk/bulk/toolkits/load-object-storage/src/main/kotlin/io/airbyte/cdk/load/pipline/object_storage/ObjectLoaderPartLoader.kt,Devin,https://github.com/airbytehq/airbyte/pull/60292,True,generic_perf,False,True
3065400643,airbyte-cdk/bulk/toolkits/load-object-storage/src/main/kotlin/io/airbyte/cdk/load/pipline/object_storage/ObjectLoaderPartQueueFactory.kt,Devin,https://github.com/airbytehq/airbyte/pull/60292,True,generic_perf,False,True
3065400643,airbyte-cdk/bulk/toolkits/load-object-storage/src/main/kotlin/io/airbyte/cdk/load/state/object_storage/ObjectStorageDestinationStateManager.kt,Devin,https://github.com/airbytehq/airbyte/pull/60292,True,generic_perf,False,True
3065400643,airbyte-cdk/bulk/toolkits/load-object-storage/src/main/kotlin/io/airbyte/cdk/load/write/object_storage/ObjectLoader.kt,Devin,https://github.com/airbytehq/airbyte/pull/60292,True,generic_perf,False,True
3065400643,airbyte-cdk/bulk/toolkits/load-object-storage/src/main/kotlin/io/airbyte/cdk/load/write/object_storage/ObjectStorageStreamLoaderFactory.kt,Devin,https://github.com/airbytehq/airbyte/pull/60292,True,generic_perf,False,True
3065400643,airbyte-cdk/bulk/toolkits/load-object-storage/src/main/kotlin/io/airbyte/cdk/load/write/object_storage/PartToObjectAccumulator.kt,Devin,https://github.com/airbytehq/airbyte/pull/60292,True,generic_perf,False,True
3065400643,airbyte-cdk/bulk/toolkits/load-object-storage/src/test/kotlin/io/airbyte/cdk/load/pipeline/object_storage/ObjectLoaderPartQueueTest.kt,Devin,https://github.com/airbytehq/airbyte/pull/60292,True,generic_perf,False,True
3065400643,airbyte-cdk/bulk/toolkits/load-object-storage/src/test/kotlin/io/airbyte/cdk/load/state/object_storage/ObjectStorageDestinationStateUTest.kt,Devin,https://github.com/airbytehq/airbyte/pull/60292,True,generic_perf,False,True
3065400643,airbyte-cdk/bulk/toolkits/load-object-storage/src/test/kotlin/io/airbyte/cdk/load/write/object_storage/PartToObjectAccumulatorTest.kt,Devin,https://github.com/airbytehq/airbyte/pull/60292,True,generic_perf,False,True
3065400643,airbyte-cdk/bulk/toolkits/load-object-storage/src/testFixtures/kotlin/io/airbyte/cdk/load/ObjectStorageDataDumper.kt,Devin,https://github.com/airbytehq/airbyte/pull/60292,True,generic_perf,False,True
3065400643,airbyte-cdk/bulk/toolkits/load-gcp/build.gradle,Devin,https://github.com/airbytehq/airbyte/pull/60292,True,generic_perf,False,True
3065400643,airbyte-cdk/bulk/toolkits/load-gcs/build.gradle,Devin,https://github.com/airbytehq/airbyte/pull/60292,True,generic_perf,False,True
3065400643,airbyte-cdk/bulk/toolkits/load-gcs/src/main/kotlin/io/airbyte/cdk/load/command/gcs/GcsAuthSpecification.kt,Devin,https://github.com/airbytehq/airbyte/pull/60292,True,generic_perf,False,True
3065400643,airbyte-cdk/bulk/toolkits/load-gcs/src/main/kotlin/io/airbyte/cdk/load/command/gcs/GcsClientConfiguration.kt,Devin,https://github.com/airbytehq/airbyte/pull/60292,True,generic_perf,False,True
3065400643,airbyte-cdk/bulk/toolkits/load-gcs/src/main/kotlin/io/airbyte/cdk/load/command/gcs/GcsCommonSpecification.kt,Devin,https://github.com/airbytehq/airbyte/pull/60292,True,generic_perf,False,True
3065400643,airbyte-cdk/bulk/toolkits/load-gcs/src/main/kotlin/io/airbyte/cdk/load/command/gcs/GcsRegionSpecification.kt,Devin,https://github.com/airbytehq/airbyte/pull/60292,True,generic_perf,False,True
3065400643,airbyte-cdk/bulk/toolkits/load-gcs/src/main/kotlin/io/airbyte/cdk/load/file/gcs/GcsClient.kt,Devin,https://github.com/airbytehq/airbyte/pull/60292,True,generic_perf,False,True
3065400643,airbyte-cdk/bulk/toolkits/load-gcs/src/main/kotlin/io/airbyte/cdk/load/file/gcs/GcsClientFactory.kt,Devin,https://github.com/airbytehq/airbyte/pull/60292,True,generic_perf,False,True
3065400643,airbyte-cdk/bulk/toolkits/load-gcs/src/main/kotlin/io/airbyte/cdk/load/file/gcs/GcsStreamingUpload.kt,Devin,https://github.com/airbytehq/airbyte/pull/60292,True,generic_perf,False,True
3065400643,airbyte-cdk/bulk/toolkits/load-gcs/src/test/kotlin/io/airbyte/cdk/load/file/gcs/GcsClientTest.kt,Devin,https://github.com/airbytehq/airbyte/pull/60292,True,generic_perf,False,True
3065400643,airbyte-cdk/bulk/toolkits/load-gcs/src/test/kotlin/io/airbyte/cdk/load/file/gcs/GcsResumableStreamingUpload.kt,Devin,https://github.com/airbytehq/airbyte/pull/60292,True,generic_perf,False,True
3065400643,airbyte-cdk/bulk/toolkits/load-gcs/src/test/kotlin/io/airbyte/cdk/load/file/gcs/GcsStreamingUploadTest.kt,Devin,https://github.com/airbytehq/airbyte/pull/60292,True,generic_perf,False,True
3065400643,airbyte-cdk/bulk/core/load/src/integrationTest/kotlin/io/airbyte/cdk/load/mock_integration_test/MockDestinationWriter.kt,Devin,https://github.com/airbytehq/airbyte/pull/60292,True,generic_perf,False,True
3065400643,airbyte-cdk/bulk/core/load/src/main/kotlin/io/airbyte/cdk/load/command/DestinationStream.kt,Devin,https://github.com/airbytehq/airbyte/pull/60292,True,generic_perf,False,True
3065400643,airbyte-cdk/bulk/core/load/src/main/kotlin/io/airbyte/cdk/load/data/AirbyteType.kt,Devin,https://github.com/airbytehq/airbyte/pull/60292,True,generic_perf,False,True
3065400643,airbyte-cdk/bulk/core/load/src/main/kotlin/io/airbyte/cdk/load/data/json/JsonSchemaToAirbyteType.kt,Devin,https://github.com/airbytehq/airbyte/pull/60292,True,generic_perf,False,True
3065400643,airbyte-cdk/bulk/core/load/src/main/kotlin/io/airbyte/cdk/load/state/StreamManager.kt,Devin,https://github.com/airbytehq/airbyte/pull/60292,True,generic_perf,False,True
3065400643,airbyte-cdk/bulk/core/load/src/main/kotlin/io/airbyte/cdk/load/task/implementor/CloseStreamTask.kt,Devin,https://github.com/airbytehq/airbyte/pull/60292,True,generic_perf,False,True
3065400643,airbyte-cdk/bulk/core/load/src/main/kotlin/io/airbyte/cdk/load/task/implementor/FailStreamTask.kt,Devin,https://github.com/airbytehq/airbyte/pull/60292,True,generic_perf,False,True
3065400643,airbyte-cdk/bulk/core/load/src/main/kotlin/io/airbyte/cdk/load/write/StreamLoader.kt,Devin,https://github.com/airbytehq/airbyte/pull/60292,True,generic_perf,False,True
3065400643,airbyte-cdk/bulk/core/load/src/main/resources/application.yaml,Devin,https://github.com/airbytehq/airbyte/pull/60292,True,generic_perf,False,True
3065400643,airbyte-cdk/bulk/core/load/src/test/kotlin/io/airbyte/cdk/load/command/DestinationCatalogTest.kt,Devin,https://github.com/airbytehq/airbyte/pull/60292,True,generic_perf,False,True
3065400643,airbyte-cdk/bulk/core/load/src/test/kotlin/io/airbyte/cdk/load/data/AirbyteValueIdentityMapperTest.kt,Devin,https://github.com/airbytehq/airbyte/pull/60292,True,generic_perf,False,True
3065400643,airbyte-cdk/bulk/core/load/src/test/kotlin/io/airbyte/cdk/load/data/json/JsonSchemaToAirbyteSchemaTypeTest.kt,Devin,https://github.com/airbytehq/airbyte/pull/60292,True,generic_perf,False,True
3065400643,airbyte-cdk/bulk/core/load/src/test/kotlin/io/airbyte/cdk/load/test/util/SchemaRecordBuilder.kt,Devin,https://github.com/airbytehq/airbyte/pull/60292,True,generic_perf,False,True
3065400643,airbyte-cdk/bulk/toolkits/load-iceberg-parquet/src/testFixtures/kotlin/io/airbyte/cdk/load/data/icerberg/parquet/AirbyteTypeToIcebergSchemaTest.kt,Devin,https://github.com/airbytehq/airbyte/pull/60292,True,generic_perf,False,True
3065400643,airbyte-cdk/bulk/toolkits/load-object-storage/src/main/kotlin/io/airbyte/cdk/load/write/object_storage/ObjectStorageStreamLoaderFactory.kt,Devin,https://github.com/airbytehq/airbyte/pull/60292,True,generic_perf,False,True
3065400643,airbyte-cdk/bulk/toolkits/load-parquet/src/test/kotlin/ParquetMapperBatchPipelineFactory.kt,Devin,https://github.com/airbytehq/airbyte/pull/60292,True,generic_perf,False,True
3065400643,airbyte-cdk/bulk/core/load/src/main/kotlin/io/airbyte/cdk/load/message/DestinationMessage.kt,Devin,https://github.com/airbytehq/airbyte/pull/60292,True,generic_perf,False,True
3065400643,airbyte-cdk/bulk/core/load/src/main/kotlin/io/airbyte/cdk/load/task/internal/HeartbeatTask.kt,Devin,https://github.com/airbytehq/airbyte/pull/60292,True,generic_perf,False,True
3065400643,airbyte-cdk/bulk/core/load/src/test/kotlin/io/airbyte/cdk/load/data/EnrichedDestinationRecordAirbyteValueTest.kt,Devin,https://github.com/airbytehq/airbyte/pull/60292,True,generic_perf,False,True
3065400643,airbyte-cdk/bulk/core/load/src/testFixtures/kotlin/io/airbyte/cdk/load/write/BasicFunctionalityIntegrationTest.kt,Devin,https://github.com/airbytehq/airbyte/pull/60292,True,generic_perf,False,True
3065400643,airbyte-cdk/bulk/toolkits/load-azure-blob-storage/src/main/kotlin/io/airbyte/cdk/load/command/azureBlobStorage/AzureBlobStorageClientSpecification.kt,Devin,https://github.com/airbytehq/airbyte/pull/60292,True,generic_perf,False,True
3065400643,airbyte-cdk/bulk/toolkits/load-gcs/build.gradle,Devin,https://github.com/airbytehq/airbyte/pull/60292,True,generic_perf,False,True
3065400643,airbyte-cdk/bulk/toolkits/load-gcs/src/main/kotlin/io/airbyte/cdk/load/command/gcs/GcsClientConfiguration.kt,Devin,https://github.com/airbytehq/airbyte/pull/60292,True,generic_perf,False,True
3065400643,airbyte-cdk/bulk/toolkits/load-gcs/src/main/kotlin/io/airbyte/cdk/load/command/gcs/GcsConstants.kt,Devin,https://github.com/airbytehq/airbyte/pull/60292,True,generic_perf,False,True
3065400643,airbyte-cdk/bulk/toolkits/load-gcs/src/main/kotlin/io/airbyte/cdk/load/file/gcs/GcsClient.kt,Devin,https://github.com/airbytehq/airbyte/pull/60292,True,generic_perf,False,True
3065400643,airbyte-cdk/bulk/toolkits/load-gcs/src/main/kotlin/io/airbyte/cdk/load/file/gcs/GcsClientFactory.kt,Devin,https://github.com/airbytehq/airbyte/pull/60292,True,generic_perf,False,True
3065400643,airbyte-cdk/bulk/toolkits/load-gcs/src/test/kotlin/io/airbyte/cdk/load/file/gcs/GcsClientTest.kt,Devin,https://github.com/airbytehq/airbyte/pull/60292,True,generic_perf,False,True
3065400643,airbyte-cdk/bulk/toolkits/load-gcs/src/test/kotlin/io/airbyte/cdk/load/file/gcs/GcsStreamingUploadTest.kt,Devin,https://github.com/airbytehq/airbyte/pull/60292,True,generic_perf,False,True
3065400643,airbyte-cdk/bulk/toolkits/load-s3/src/main/kotlin/io/airbyte/cdk/load/command/s3/S3BucketSpecification.kt,Devin,https://github.com/airbytehq/airbyte/pull/60292,True,generic_perf,False,True
3065400643,airbyte-cdk/bulk/toolkits/load-s3/src/main/kotlin/io/airbyte/cdk/load/file/s3/S3Client.kt,Devin,https://github.com/airbytehq/airbyte/pull/60292,True,generic_perf,False,True
3065400643,airbyte-cdk/bulk/toolkits/load-s3/src/main/kotlin/io/airbyte/cdk/load/file/s3/S3LegacyJavaClient.kt,Devin,https://github.com/airbytehq/airbyte/pull/60292,True,generic_perf,False,True
3065400643,airbyte-cdk/bulk/core/load/src/integrationTest/kotlin/io/airbyte/cdk/load/mock_integration_test/MockBasicFunctionalityIntegrationTest.kt,Devin,https://github.com/airbytehq/airbyte/pull/60292,True,generic_perf,False,True
3065400643,airbyte-cdk/bulk/core/load/src/main/kotlin/io/airbyte/cdk/load/command/DestinationStream.kt,Devin,https://github.com/airbytehq/airbyte/pull/60292,True,generic_perf,False,True
3065400643,airbyte-cdk/bulk/core/load/src/main/kotlin/io/airbyte/cdk/load/config/SyncBeanFactory.kt,Devin,https://github.com/airbytehq/airbyte/pull/60292,True,generic_perf,False,True
3065400643,airbyte-cdk/bulk/core/load/src/main/kotlin/io/airbyte/cdk/load/data/json/JsonSchemaToAirbyteType.kt,Devin,https://github.com/airbytehq/airbyte/pull/60292,True,generic_perf,False,True
3065400643,airbyte-cdk/bulk/core/load/src/main/kotlin/io/airbyte/cdk/load/message/DestinationMessage.kt,Devin,https://github.com/airbytehq/airbyte/pull/60292,True,generic_perf,False,True
3065400643,airbyte-cdk/bulk/core/load/src/main/kotlin/io/airbyte/cdk/load/message/PipelineEvent.kt,Devin,https://github.com/airbytehq/airbyte/pull/60292,True,generic_perf,False,True
3065400643,airbyte-cdk/bulk/core/load/src/main/kotlin/io/airbyte/cdk/load/pipeline/LoadPipeline.kt,Devin,https://github.com/airbytehq/airbyte/pull/60292,True,generic_perf,False,True
3065400643,airbyte-cdk/bulk/core/load/src/main/kotlin/io/airbyte/cdk/load/state/StreamManager.kt,Devin,https://github.com/airbytehq/airbyte/pull/60292,True,generic_perf,False,True
3065400643,airbyte-cdk/bulk/core/load/src/main/kotlin/io/airbyte/cdk/load/state/SyncManager.kt,Devin,https://github.com/airbytehq/airbyte/pull/60292,True,generic_perf,False,True
3065400643,airbyte-cdk/bulk/core/load/src/main/kotlin/io/airbyte/cdk/load/task/DestinationTaskLauncher.kt,Devin,https://github.com/airbytehq/airbyte/pull/60292,True,generic_perf,False,True
3065400643,airbyte-cdk/bulk/core/load/src/main/kotlin/io/airbyte/cdk/load/task/implementor/FailStreamTask.kt,Devin,https://github.com/airbytehq/airbyte/pull/60292,True,generic_perf,False,True
3065400643,airbyte-cdk/bulk/core/load/src/main/kotlin/io/airbyte/cdk/load/task/internal/HeartbeatTask.kt,Devin,https://github.com/airbytehq/airbyte/pull/60292,True,generic_perf,False,True
3065400643,airbyte-cdk/bulk/core/load/src/main/kotlin/io/airbyte/cdk/load/task/internal/InputConsumerTask.kt,Devin,https://github.com/airbytehq/airbyte/pull/60292,True,generic_perf,False,True
3065400643,airbyte-cdk/bulk/core/load/src/main/kotlin/io/airbyte/cdk/load/task/internal/LoadPipelineStepTask.kt,Devin,https://github.com/airbytehq/airbyte/pull/60292,True,generic_perf,False,True
3065400643,airbyte-cdk/bulk/core/load/src/test/kotlin/io/airbyte/cdk/load/command/DestinationCatalogTest.kt,Devin,https://github.com/airbytehq/airbyte/pull/60292,True,generic_perf,False,True
3065400643,airbyte-cdk/bulk/core/load/src/test/kotlin/io/airbyte/cdk/load/config/SyncBeanFactoryTest.kt,Devin,https://github.com/airbytehq/airbyte/pull/60292,True,generic_perf,False,True
3065400643,airbyte-cdk/bulk/core/load/src/test/kotlin/io/airbyte/cdk/load/data/json/JsonSchemaToAirbyteSchemaTypeTest.kt,Devin,https://github.com/airbytehq/airbyte/pull/60292,True,generic_perf,False,True
3065400643,airbyte-cdk/bulk/core/load/src/test/kotlin/io/airbyte/cdk/load/message/DestinationMessageTest.kt,Devin,https://github.com/airbytehq/airbyte/pull/60292,True,generic_perf,False,True
3065400643,airbyte-cdk/bulk/core/load/src/test/kotlin/io/airbyte/cdk/load/task/DestinationTaskLauncherTest.kt,Devin,https://github.com/airbytehq/airbyte/pull/60292,True,generic_perf,False,True
3065400643,airbyte-cdk/bulk/core/load/src/test/kotlin/io/airbyte/cdk/load/task/DestinationTaskLauncherUTest.kt,Devin,https://github.com/airbytehq/airbyte/pull/60292,True,generic_perf,False,True
3065400643,airbyte-cdk/bulk/core/load/src/test/kotlin/io/airbyte/cdk/load/task/internal/InputConsumerTaskTest.kt,Devin,https://github.com/airbytehq/airbyte/pull/60292,True,generic_perf,False,True
3065400643,airbyte-cdk/bulk/core/load/src/test/kotlin/io/airbyte/cdk/load/task/internal/LoadPipelineStepTaskUTest.kt,Devin,https://github.com/airbytehq/airbyte/pull/60292,True,generic_perf,False,True
3065400643,airbyte-cdk/bulk/core/load/src/testFixtures/kotlin/io/airbyte/cdk/load/test/util/DestinationCleaner.kt,Devin,https://github.com/airbytehq/airbyte/pull/60292,True,generic_perf,False,True
3065400643,airbyte-cdk/bulk/core/load/src/testFixtures/kotlin/io/airbyte/cdk/load/test/util/IntegrationTest.kt,Devin,https://github.com/airbytehq/airbyte/pull/60292,True,generic_perf,False,True
3065400643,airbyte-cdk/bulk/core/load/src/testFixtures/kotlin/io/airbyte/cdk/load/write/BasicFunctionalityIntegrationTest.kt,Devin,https://github.com/airbytehq/airbyte/pull/60292,True,generic_perf,False,True
3065400643,airbyte-cdk/bulk/core/load/src/testFixtures/kotlin/io/airbyte/cdk/load/write/BasicPerformanceTest.kt,Devin,https://github.com/airbytehq/airbyte/pull/60292,True,generic_perf,False,True
3065400643,airbyte-cdk/bulk/core/load/src/testFixtures/kotlin/io/airbyte/cdk/load/write/PerformanceTestScenarios.kt,Devin,https://github.com/airbytehq/airbyte/pull/60292,True,generic_perf,False,True
3065400643,airbyte-cdk/bulk/toolkits/load-db/src/main/kotlin/io/airbyte/cdk/load/pipeline/db/BulkLoadCompletedUploadQueue.kt,Devin,https://github.com/airbytehq/airbyte/pull/60292,True,generic_perf,False,True
3065400643,airbyte-cdk/bulk/toolkits/load-db/src/main/kotlin/io/airbyte/cdk/load/pipeline/db/BulkLoadPipeline.kt,Devin,https://github.com/airbytehq/airbyte/pull/60292,True,generic_perf,False,True
3065400643,airbyte-cdk/bulk/toolkits/load-object-storage/src/main/kotlin/io/airbyte/cdk/load/factory/object_storage/ObjectLoaderQueueBeanFactory.kt,Devin,https://github.com/airbytehq/airbyte/pull/60292,True,generic_perf,False,True
3065400643,airbyte-cdk/bulk/toolkits/load-object-storage/src/main/kotlin/io/airbyte/cdk/load/factory/object_storage/ObjectLoaderStepBeanFactory.kt,Devin,https://github.com/airbytehq/airbyte/pull/60292,True,generic_perf,False,True
3065400643,airbyte-cdk/bulk/toolkits/load-object-storage/src/main/kotlin/io/airbyte/cdk/load/file/object_storage/ObjectStoragePathFactory.kt,Devin,https://github.com/airbytehq/airbyte/pull/60292,True,generic_perf,False,True
3065400643,airbyte-cdk/bulk/toolkits/load-object-storage/src/main/kotlin/io/airbyte/cdk/load/pipline/object_storage/ObjectKey.kt,Devin,https://github.com/airbytehq/airbyte/pull/60292,True,generic_perf,False,True
3065400643,airbyte-cdk/bulk/toolkits/load-object-storage/src/main/kotlin/io/airbyte/cdk/load/pipline/object_storage/ObjectLoaderPartFormatterStep.kt,Devin,https://github.com/airbytehq/airbyte/pull/60292,True,generic_perf,False,True
3065400643,airbyte-cdk/bulk/toolkits/load-object-storage/src/main/kotlin/io/airbyte/cdk/load/pipline/object_storage/ObjectLoaderPartLoader.kt,Devin,https://github.com/airbytehq/airbyte/pull/60292,True,generic_perf,False,True
3065400643,airbyte-cdk/bulk/toolkits/load-object-storage/src/main/kotlin/io/airbyte/cdk/load/pipline/object_storage/ObjectLoaderPartLoaderStep.kt,Devin,https://github.com/airbytehq/airbyte/pull/60292,True,generic_perf,False,True
3065400643,airbyte-cdk/bulk/toolkits/load-object-storage/src/main/kotlin/io/airbyte/cdk/load/pipline/object_storage/ObjectLoaderPartQueueFactory.kt,Devin,https://github.com/airbytehq/airbyte/pull/60292,True,generic_perf,False,True
3065400643,airbyte-cdk/bulk/toolkits/load-object-storage/src/main/kotlin/io/airbyte/cdk/load/pipline/object_storage/ObjectLoaderPipeline.kt,Devin,https://github.com/airbytehq/airbyte/pull/60292,True,generic_perf,False,True
3065400643,airbyte-cdk/bulk/toolkits/load-object-storage/src/main/kotlin/io/airbyte/cdk/load/pipline/object_storage/ObjectLoaderUploadCompleter.kt,Devin,https://github.com/airbytehq/airbyte/pull/60292,True,generic_perf,False,True
3065400643,airbyte-cdk/bulk/toolkits/load-object-storage/src/main/kotlin/io/airbyte/cdk/load/pipline/object_storage/ObjectLoaderUploadCompleterStep.kt,Devin,https://github.com/airbytehq/airbyte/pull/60292,True,generic_perf,False,True
3065400643,airbyte-cdk/bulk/toolkits/load-object-storage/src/main/kotlin/io/airbyte/cdk/load/pipline/object_storage/file/FileChunkStep.kt,Devin,https://github.com/airbytehq/airbyte/pull/60292,True,generic_perf,False,True
3065400643,airbyte-cdk/bulk/toolkits/load-object-storage/src/main/kotlin/io/airbyte/cdk/load/pipline/object_storage/file/FileChunkTask.kt,Devin,https://github.com/airbytehq/airbyte/pull/60292,True,generic_perf,False,True
3065400643,airbyte-cdk/bulk/toolkits/load-object-storage/src/main/kotlin/io/airbyte/cdk/load/pipline/object_storage/file/FileCompletedOutputPartitioner.kt,Devin,https://github.com/airbytehq/airbyte/pull/60292,True,generic_perf,False,True
3065400643,airbyte-cdk/bulk/toolkits/load-object-storage/src/main/kotlin/io/airbyte/cdk/load/pipline/object_storage/file/FileHandleFactory.kt,Devin,https://github.com/airbytehq/airbyte/pull/60292,True,generic_perf,False,True
3065400643,airbyte-cdk/bulk/toolkits/load-object-storage/src/main/kotlin/io/airbyte/cdk/load/pipline/object_storage/file/FilePartIterator.kt,Devin,https://github.com/airbytehq/airbyte/pull/60292,True,generic_perf,False,True
3065400643,airbyte-cdk/bulk/toolkits/load-object-storage/src/main/kotlin/io/airbyte/cdk/load/pipline/object_storage/file/ForwardFileRecordStep.kt,Devin,https://github.com/airbytehq/airbyte/pull/60292,True,generic_perf,False,True
3065400643,airbyte-cdk/bulk/toolkits/load-object-storage/src/main/kotlin/io/airbyte/cdk/load/pipline/object_storage/file/ForwardFileRecordTask.kt,Devin,https://github.com/airbytehq/airbyte/pull/60292,True,generic_perf,False,True
3065400643,airbyte-cdk/bulk/toolkits/load-object-storage/src/main/kotlin/io/airbyte/cdk/load/pipline/object_storage/file/RouteEventStep.kt,Devin,https://github.com/airbytehq/airbyte/pull/60292,True,generic_perf,False,True
3065400643,airbyte-cdk/bulk/toolkits/load-object-storage/src/main/kotlin/io/airbyte/cdk/load/pipline/object_storage/file/RouteEventTask.kt,Devin,https://github.com/airbytehq/airbyte/pull/60292,True,generic_perf,False,True
3065400643,airbyte-cdk/bulk/toolkits/load-object-storage/src/main/kotlin/io/airbyte/cdk/load/pipline/object_storage/file/UploadIdGenerator.kt,Devin,https://github.com/airbytehq/airbyte/pull/60292,True,generic_perf,False,True
3065400643,airbyte-cdk/bulk/toolkits/load-object-storage/src/test/kotlin/io/airbyte/cdk/load/pipeline/object_storage/file/FileChunkTaskTest.kt,Devin,https://github.com/airbytehq/airbyte/pull/60292,True,generic_perf,False,True
3065400643,airbyte-cdk/bulk/toolkits/load-object-storage/src/test/kotlin/io/airbyte/cdk/load/pipeline/object_storage/file/ForwardFileRecordTaskTest.kt,Devin,https://github.com/airbytehq/airbyte/pull/60292,True,generic_perf,False,True
3065400643,airbyte-cdk/bulk/toolkits/load-object-storage/src/test/kotlin/io/airbyte/cdk/load/pipeline/object_storage/file/RouteEventTaskTest.kt,Devin,https://github.com/airbytehq/airbyte/pull/60292,True,generic_perf,False,True
3065400643,airbyte-cdk/bulk/toolkits/load-parquet/build.gradle,Devin,https://github.com/airbytehq/airbyte/pull/60292,True,generic_perf,False,True
3065400643,airbyte-cdk/bulk/core/load/src/main/kotlin/io/airbyte/cdk/load/config/SyncBeanFactory.kt,Devin,https://github.com/airbytehq/airbyte/pull/60292,True,generic_perf,False,True
3065400643,airbyte-cdk/bulk/core/load/src/main/kotlin/io/airbyte/cdk/load/state/CheckpointManager.kt,Devin,https://github.com/airbytehq/airbyte/pull/60292,True,generic_perf,False,True
3065400643,airbyte-cdk/bulk/core/load/src/main/kotlin/io/airbyte/cdk/load/state/StreamManager.kt,Devin,https://github.com/airbytehq/airbyte/pull/60292,True,generic_perf,False,True
3065400643,airbyte-cdk/bulk/core/load/src/main/kotlin/io/airbyte/cdk/load/state/SyncManager.kt,Devin,https://github.com/airbytehq/airbyte/pull/60292,True,generic_perf,False,True
3065400643,airbyte-cdk/bulk/core/load/src/main/kotlin/io/airbyte/cdk/load/task/DestinationTaskLauncher.kt,Devin,https://github.com/airbytehq/airbyte/pull/60292,True,generic_perf,False,True
3065400643,airbyte-cdk/bulk/core/load/src/main/kotlin/io/airbyte/cdk/load/task/Task.kt,Devin,https://github.com/airbytehq/airbyte/pull/60292,True,generic_perf,False,True
3065400643,airbyte-cdk/bulk/core/load/src/main/kotlin/io/airbyte/cdk/load/task/implementor/CloseStreamTask.kt,Devin,https://github.com/airbytehq/airbyte/pull/60292,True,generic_perf,False,True
3065400643,airbyte-cdk/bulk/core/load/src/main/kotlin/io/airbyte/cdk/load/task/implementor/FailStreamTask.kt,Devin,https://github.com/airbytehq/airbyte/pull/60292,True,generic_perf,False,True
3065400643,airbyte-cdk/bulk/core/load/src/main/kotlin/io/airbyte/cdk/load/task/implementor/FailSyncTask.kt,Devin,https://github.com/airbytehq/airbyte/pull/60292,True,generic_perf,False,True
3065400643,airbyte-cdk/bulk/core/load/src/main/kotlin/io/airbyte/cdk/load/task/implementor/TeardownTask.kt,Devin,https://github.com/airbytehq/airbyte/pull/60292,True,generic_perf,False,True
3065400643,airbyte-cdk/bulk/core/load/src/main/kotlin/io/airbyte/cdk/load/task/internal/FlushCheckpointsTask.kt,Devin,https://github.com/airbytehq/airbyte/pull/60292,True,generic_perf,False,True
3065400643,airbyte-cdk/bulk/core/load/src/main/kotlin/io/airbyte/cdk/load/task/internal/UpdateBatchStateTask.kt,Devin,https://github.com/airbytehq/airbyte/pull/60292,True,generic_perf,False,True
3065400643,airbyte-cdk/bulk/core/load/src/main/kotlin/io/airbyte/cdk/load/task/internal/UpdateCheckpointsTask.kt,Devin,https://github.com/airbytehq/airbyte/pull/60292,True,generic_perf,False,True
3065400643,airbyte-cdk/bulk/core/load/src/main/kotlin/io/airbyte/cdk/load/write/WriteOperation.kt,Devin,https://github.com/airbytehq/airbyte/pull/60292,True,generic_perf,False,True
3065400643,airbyte-cdk/bulk/core/load/src/test/kotlin/io/airbyte/cdk/load/state/CheckpointManagerTest.kt,Devin,https://github.com/airbytehq/airbyte/pull/60292,True,generic_perf,False,True
3065400643,airbyte-cdk/bulk/core/load/src/test/kotlin/io/airbyte/cdk/load/state/CheckpointManagerUTest.kt,Devin,https://github.com/airbytehq/airbyte/pull/60292,True,generic_perf,False,True
3065400643,airbyte-cdk/bulk/core/load/src/test/kotlin/io/airbyte/cdk/load/state/MockCheckpointManager.kt,Devin,https://github.com/airbytehq/airbyte/pull/60292,True,generic_perf,False,True
3065400643,airbyte-cdk/bulk/core/load/src/test/kotlin/io/airbyte/cdk/load/state/StreamManagerTest.kt,Devin,https://github.com/airbytehq/airbyte/pull/60292,True,generic_perf,False,True
3065400643,airbyte-cdk/bulk/core/load/src/test/kotlin/io/airbyte/cdk/load/task/DestinationTaskLauncherTest.kt,Devin,https://github.com/airbytehq/airbyte/pull/60292,True,generic_perf,False,True
3065400643,airbyte-cdk/bulk/core/load/src/test/kotlin/io/airbyte/cdk/load/task/DestinationTaskLauncherUTest.kt,Devin,https://github.com/airbytehq/airbyte/pull/60292,True,generic_perf,False,True
3065400643,airbyte-cdk/bulk/core/load/src/test/kotlin/io/airbyte/cdk/load/task/MockTaskLauncher.kt,Devin,https://github.com/airbytehq/airbyte/pull/60292,True,generic_perf,False,True
3065400643,airbyte-cdk/bulk/core/load/src/test/kotlin/io/airbyte/cdk/load/task/implementor/ProcessRecordsTaskTest.kt,Devin,https://github.com/airbytehq/airbyte/pull/60292,True,generic_perf,False,True
3065400643,airbyte-cdk/bulk/core/load/src/test/kotlin/io/airbyte/cdk/load/task/internal/InputConsumerTaskTest.kt,Devin,https://github.com/airbytehq/airbyte/pull/60292,True,generic_perf,False,True
3065400643,airbyte-cdk/bulk/core/load/src/test/kotlin/io/airbyte/cdk/load/task/internal/SpillToDiskTaskTest.kt,Devin,https://github.com/airbytehq/airbyte/pull/60292,True,generic_perf,False,True
3065400643,airbyte-cdk/bulk/core/load/src/main/kotlin/io/airbyte/cdk/load/config/SyncBeanFactory.kt,Devin,https://github.com/airbytehq/airbyte/pull/60292,True,generic_perf,False,True
3065400643,airbyte-cdk/bulk/core/load/src/main/kotlin/io/airbyte/cdk/load/state/CheckpointManager.kt,Devin,https://github.com/airbytehq/airbyte/pull/60292,True,generic_perf,False,True
3065400643,airbyte-cdk/bulk/core/load/src/main/kotlin/io/airbyte/cdk/load/state/StreamManager.kt,Devin,https://github.com/airbytehq/airbyte/pull/60292,True,generic_perf,False,True
3065400643,airbyte-cdk/bulk/core/load/src/main/kotlin/io/airbyte/cdk/load/state/SyncManager.kt,Devin,https://github.com/airbytehq/airbyte/pull/60292,True,generic_perf,False,True
3065400643,airbyte-cdk/bulk/core/load/src/main/kotlin/io/airbyte/cdk/load/task/DestinationTaskLauncher.kt,Devin,https://github.com/airbytehq/airbyte/pull/60292,True,generic_perf,False,True
3065400643,airbyte-cdk/bulk/core/load/src/main/kotlin/io/airbyte/cdk/load/task/Task.kt,Devin,https://github.com/airbytehq/airbyte/pull/60292,True,generic_perf,False,True
3065400643,airbyte-cdk/bulk/core/load/src/main/kotlin/io/airbyte/cdk/load/task/implementor/CloseStreamTask.kt,Devin,https://github.com/airbytehq/airbyte/pull/60292,True,generic_perf,False,True
3065400643,airbyte-cdk/bulk/core/load/src/main/kotlin/io/airbyte/cdk/load/task/implementor/FailStreamTask.kt,Devin,https://github.com/airbytehq/airbyte/pull/60292,True,generic_perf,False,True
3065400643,airbyte-cdk/bulk/core/load/src/main/kotlin/io/airbyte/cdk/load/task/implementor/FailSyncTask.kt,Devin,https://github.com/airbytehq/airbyte/pull/60292,True,generic_perf,False,True
3065400643,airbyte-cdk/bulk/core/load/src/main/kotlin/io/airbyte/cdk/load/task/implementor/TeardownTask.kt,Devin,https://github.com/airbytehq/airbyte/pull/60292,True,generic_perf,False,True
3065400643,airbyte-cdk/bulk/core/load/src/main/kotlin/io/airbyte/cdk/load/task/internal/FlushCheckpointsTask.kt,Devin,https://github.com/airbytehq/airbyte/pull/60292,True,generic_perf,False,True
3065400643,airbyte-cdk/bulk/core/load/src/main/kotlin/io/airbyte/cdk/load/task/internal/UpdateBatchStateTask.kt,Devin,https://github.com/airbytehq/airbyte/pull/60292,True,generic_perf,False,True
3065400643,airbyte-cdk/bulk/core/load/src/main/kotlin/io/airbyte/cdk/load/task/internal/UpdateCheckpointsTask.kt,Devin,https://github.com/airbytehq/airbyte/pull/60292,True,generic_perf,False,True
3065400643,airbyte-cdk/bulk/core/load/src/main/kotlin/io/airbyte/cdk/load/write/WriteOperation.kt,Devin,https://github.com/airbytehq/airbyte/pull/60292,True,generic_perf,False,True
3065400643,airbyte-cdk/bulk/core/load/src/test/kotlin/io/airbyte/cdk/load/state/CheckpointManagerTest.kt,Devin,https://github.com/airbytehq/airbyte/pull/60292,True,generic_perf,False,True
3065400643,airbyte-cdk/bulk/core/load/src/test/kotlin/io/airbyte/cdk/load/state/CheckpointManagerUTest.kt,Devin,https://github.com/airbytehq/airbyte/pull/60292,True,generic_perf,False,True
3065400643,airbyte-cdk/bulk/core/load/src/test/kotlin/io/airbyte/cdk/load/state/MockCheckpointManager.kt,Devin,https://github.com/airbytehq/airbyte/pull/60292,True,generic_perf,False,True
3065400643,airbyte-cdk/bulk/core/load/src/test/kotlin/io/airbyte/cdk/load/state/StreamManagerTest.kt,Devin,https://github.com/airbytehq/airbyte/pull/60292,True,generic_perf,False,True
3065400643,airbyte-cdk/bulk/core/load/src/test/kotlin/io/airbyte/cdk/load/task/DestinationTaskLauncherTest.kt,Devin,https://github.com/airbytehq/airbyte/pull/60292,True,generic_perf,False,True
3065400643,airbyte-cdk/bulk/core/load/src/test/kotlin/io/airbyte/cdk/load/task/DestinationTaskLauncherUTest.kt,Devin,https://github.com/airbytehq/airbyte/pull/60292,True,generic_perf,False,True
3065400643,airbyte-cdk/bulk/core/load/src/test/kotlin/io/airbyte/cdk/load/task/MockTaskLauncher.kt,Devin,https://github.com/airbytehq/airbyte/pull/60292,True,generic_perf,False,True
3065400643,airbyte-cdk/bulk/core/load/src/test/kotlin/io/airbyte/cdk/load/task/implementor/ProcessRecordsTaskTest.kt,Devin,https://github.com/airbytehq/airbyte/pull/60292,True,generic_perf,False,True
3065400643,airbyte-cdk/bulk/core/load/src/test/kotlin/io/airbyte/cdk/load/task/internal/InputConsumerTaskTest.kt,Devin,https://github.com/airbytehq/airbyte/pull/60292,True,generic_perf,False,True
3065400643,airbyte-cdk/bulk/core/load/src/test/kotlin/io/airbyte/cdk/load/task/internal/SpillToDiskTaskTest.kt,Devin,https://github.com/airbytehq/airbyte/pull/60292,True,generic_perf,False,True
2902818768,python/swe/tests/test_benchmark.py,Devin,https://github.com/ComposioHQ/composio/pull/1406,True,generic_perf,False,True
3097996516,benchmarks/README.md,Devin,https://github.com/adrgs/requestrepo/pull/67,True,generic_perf,False,True
3097996516,benchmarks/benchmark.py,Devin,https://github.com/adrgs/requestrepo/pull/67,True,generic_perf,False,True
3097996516,benchmarks/run_benchmark.sh,Devin,https://github.com/adrgs/requestrepo/pull/67,True,generic_perf,False,True
2920607824,benchmarks/transactions-generator/Cargo.toml,Devin,https://github.com/near/nearcore/pull/13134,True,generic_perf,False,True
2920607824,benchmarks/transactions-generator/Cargo.toml,Devin,https://github.com/near/nearcore/pull/13134,True,generic_perf,False,True
2920607824,benchmarks/transactions-generator/Cargo.toml,Devin,https://github.com/near/nearcore/pull/13134,True,generic_perf,False,True
2920607824,benchmarks/transactions-generator/Cargo.toml,Devin,https://github.com/near/nearcore/pull/13134,True,generic_perf,False,True
3057880405,contract_manager/scripts/load_test_entropy.ts,Devin,https://github.com/pyth-network/pyth-crosschain/pull/2680,True,generic_perf,False,True
2824427819,apps/studio/src/routes/projects/ProjectsTab/Create/Load/Name.tsx,Devin,https://github.com/onlook-dev/onlook/pull/1190,True,generic_perf,False,True
2824427819,apps/studio/src/routes/projects/ProjectsTab/Create/Load/SelectFolder.tsx,Devin,https://github.com/onlook-dev/onlook/pull/1190,True,generic_perf,False,True
2824427819,apps/studio/src/routes/projects/ProjectsTab/Create/Load/SetUrl.tsx,Devin,https://github.com/onlook-dev/onlook/pull/1190,True,generic_perf,False,True
2824427819,apps/studio/src/routes/projects/ProjectsTab/Create/Load/Setup.tsx,Devin,https://github.com/onlook-dev/onlook/pull/1190,True,generic_perf,False,True
2824427819,apps/studio/src/routes/projects/ProjectsTab/Create/Load/Warning.tsx,Devin,https://github.com/onlook-dev/onlook/pull/1190,True,generic_perf,False,True
3050185194,airbyte-cdk/bulk/core/load/build.gradle,Devin,https://github.com/airbytehq/airbyte/pull/59733,True,generic_perf,False,True
3050185194,airbyte-cdk/bulk/core/load/src/integrationTest/kotlin/io/airbyte/cdk/load/mock_integration_test/MockBasicFunctionalityIntegrationTest.kt,Devin,https://github.com/airbytehq/airbyte/pull/59733,True,generic_perf,False,True
3050185194,airbyte-cdk/bulk/core/load/src/integrationTest/kotlin/io/airbyte/cdk/load/mock_integration_test/MockDestinationBeansFactory.kt,Devin,https://github.com/airbytehq/airbyte/pull/59733,True,generic_perf,False,True
3050185194,airbyte-cdk/bulk/core/load/src/integrationTest/kotlin/io/airbyte/cdk/load/mock_integration_test/MockDestinationCheckTest.kt,Devin,https://github.com/airbytehq/airbyte/pull/59733,True,generic_perf,False,True
3050185194,airbyte-cdk/bulk/core/load/src/integrationTest/kotlin/io/airbyte/cdk/load/mock_integration_test/MockDestinationChecker.kt,Devin,https://github.com/airbytehq/airbyte/pull/59733,True,generic_perf,False,True
3050185194,airbyte-cdk/bulk/core/load/src/integrationTest/kotlin/io/airbyte/cdk/load/mock_integration_test/MockDestinationDirectLoader.kt,Devin,https://github.com/airbytehq/airbyte/pull/59733,True,generic_perf,False,True
3050185194,airbyte-cdk/bulk/core/load/src/integrationTest/kotlin/io/airbyte/cdk/load/mock_integration_test/MockDestinationSpecExtension.kt,Devin,https://github.com/airbytehq/airbyte/pull/59733,True,generic_perf,False,True
3050185194,airbyte-cdk/bulk/core/load/src/integrationTest/kotlin/io/airbyte/cdk/load/mock_integration_test/MockDestinationSpecTest.kt,Devin,https://github.com/airbytehq/airbyte/pull/59733,True,generic_perf,False,True
3050185194,airbyte-cdk/bulk/core/load/src/integrationTest/kotlin/io/airbyte/cdk/load/mock_integration_test/MockDestinationWriter.kt,Devin,https://github.com/airbytehq/airbyte/pull/59733,True,generic_perf,False,True
3050185194,airbyte-cdk/bulk/core/load/src/integrationTest/resources/metadata.yaml,Devin,https://github.com/airbytehq/airbyte/pull/59733,True,generic_perf,False,True
3050185194,airbyte-cdk/bulk/core/load/src/main/kotlin/io/airbyte/cdk/load/check/CheckOperation.kt,Devin,https://github.com/airbytehq/airbyte/pull/59733,True,generic_perf,False,True
3050185194,airbyte-cdk/bulk/core/load/src/main/kotlin/io/airbyte/cdk/load/check/DestinationChecker.kt,Devin,https://github.com/airbytehq/airbyte/pull/59733,True,generic_perf,False,True
3050185194,airbyte-cdk/bulk/core/load/src/main/kotlin/io/airbyte/cdk/load/command/DestinationCatalog.kt,Devin,https://github.com/airbytehq/airbyte/pull/59733,True,generic_perf,False,True
3050185194,airbyte-cdk/bulk/core/load/src/main/kotlin/io/airbyte/cdk/load/command/DestinationConfiguration.kt,Devin,https://github.com/airbytehq/airbyte/pull/59733,True,generic_perf,False,True
3050185194,airbyte-cdk/bulk/core/load/src/main/kotlin/io/airbyte/cdk/load/config/SyncBeanFactory.kt,Devin,https://github.com/airbytehq/airbyte/pull/59733,True,generic_perf,False,True
3050185194,airbyte-cdk/bulk/core/load/src/main/kotlin/io/airbyte/cdk/load/message/DestinationMessage.kt,Devin,https://github.com/airbytehq/airbyte/pull/59733,True,generic_perf,False,True
3050185194,airbyte-cdk/bulk/core/load/src/main/kotlin/io/airbyte/cdk/load/message/InputMessage.kt,Devin,https://github.com/airbytehq/airbyte/pull/59733,True,generic_perf,False,True
3050185194,airbyte-cdk/bulk/core/load/src/main/kotlin/io/airbyte/cdk/load/pipeline/DirectLoadPipelineStep.kt,Devin,https://github.com/airbytehq/airbyte/pull/59733,True,generic_perf,False,True
3050185194,airbyte-cdk/bulk/core/load/src/main/kotlin/io/airbyte/cdk/load/pipeline/InputPartitioner.kt,Devin,https://github.com/airbytehq/airbyte/pull/59733,True,generic_perf,False,True
3050185194,airbyte-cdk/bulk/core/load/src/main/kotlin/io/airbyte/cdk/load/state/CheckpointManager.kt,Devin,https://github.com/airbytehq/airbyte/pull/59733,True,generic_perf,False,True
3050185194,airbyte-cdk/bulk/core/load/src/main/kotlin/io/airbyte/cdk/load/state/StreamManager.kt,Devin,https://github.com/airbytehq/airbyte/pull/59733,True,generic_perf,False,True
3050185194,airbyte-cdk/bulk/core/load/src/main/kotlin/io/airbyte/cdk/load/state/SyncManager.kt,Devin,https://github.com/airbytehq/airbyte/pull/59733,True,generic_perf,False,True
3050185194,airbyte-cdk/bulk/core/load/src/main/kotlin/io/airbyte/cdk/load/task/DestinationTaskLauncher.kt,Devin,https://github.com/airbytehq/airbyte/pull/59733,True,generic_perf,False,True
3050185194,airbyte-cdk/bulk/core/load/src/main/kotlin/io/airbyte/cdk/load/task/Task.kt,Devin,https://github.com/airbytehq/airbyte/pull/59733,True,generic_perf,False,True
3050185194,airbyte-cdk/bulk/core/load/src/main/kotlin/io/airbyte/cdk/load/task/implementor/CloseStreamTask.kt,Devin,https://github.com/airbytehq/airbyte/pull/59733,True,generic_perf,False,True
3050185194,airbyte-cdk/bulk/core/load/src/main/kotlin/io/airbyte/cdk/load/task/implementor/FailStreamTask.kt,Devin,https://github.com/airbytehq/airbyte/pull/59733,True,generic_perf,False,True
3050185194,airbyte-cdk/bulk/core/load/src/main/kotlin/io/airbyte/cdk/load/task/implementor/FailSyncTask.kt,Devin,https://github.com/airbytehq/airbyte/pull/59733,True,generic_perf,False,True
3050185194,airbyte-cdk/bulk/core/load/src/main/kotlin/io/airbyte/cdk/load/task/implementor/TeardownTask.kt,Devin,https://github.com/airbytehq/airbyte/pull/59733,True,generic_perf,False,True
3050185194,airbyte-cdk/bulk/core/load/src/main/kotlin/io/airbyte/cdk/load/task/internal/FlushCheckpointsTask.kt,Devin,https://github.com/airbytehq/airbyte/pull/59733,True,generic_perf,False,True
3050185194,airbyte-cdk/bulk/core/load/src/main/kotlin/io/airbyte/cdk/load/task/internal/LoadPipelineStepTask.kt,Devin,https://github.com/airbytehq/airbyte/pull/59733,True,generic_perf,False,True
3050185194,airbyte-cdk/bulk/core/load/src/main/kotlin/io/airbyte/cdk/load/task/internal/ReservingDeserializingInputFlow.kt,Devin,https://github.com/airbytehq/airbyte/pull/59733,True,generic_perf,False,True
3050185194,airbyte-cdk/bulk/core/load/src/main/kotlin/io/airbyte/cdk/load/task/internal/UpdateBatchStateTask.kt,Devin,https://github.com/airbytehq/airbyte/pull/59733,True,generic_perf,False,True
3050185194,airbyte-cdk/bulk/core/load/src/main/kotlin/io/airbyte/cdk/load/task/internal/UpdateCheckpointsTask.kt,Devin,https://github.com/airbytehq/airbyte/pull/59733,True,generic_perf,False,True
3050185194,airbyte-cdk/bulk/core/load/src/main/kotlin/io/airbyte/cdk/load/write/DirectLoader.kt,Devin,https://github.com/airbytehq/airbyte/pull/59733,True,generic_perf,False,True
3050185194,airbyte-cdk/bulk/core/load/src/main/kotlin/io/airbyte/cdk/load/write/WriteOperation.kt,Devin,https://github.com/airbytehq/airbyte/pull/59733,True,generic_perf,False,True
3050185194,airbyte-cdk/bulk/core/load/src/test-integration/resources/expected-spec-cloud.json,Devin,https://github.com/airbytehq/airbyte/pull/59733,True,generic_perf,False,True
3050185194,airbyte-cdk/bulk/core/load/src/test-integration/resources/expected-spec-oss.json,Devin,https://github.com/airbytehq/airbyte/pull/59733,True,generic_perf,False,True
3050185194,airbyte-cdk/bulk/core/load/src/test/kotlin/io/airbyte/cdk/load/command/DestinationCatalogTest.kt,Devin,https://github.com/airbytehq/airbyte/pull/59733,True,generic_perf,False,True
3050185194,airbyte-cdk/bulk/core/load/src/test/kotlin/io/airbyte/cdk/load/state/CheckpointManagerTest.kt,Devin,https://github.com/airbytehq/airbyte/pull/59733,True,generic_perf,False,True
3050185194,airbyte-cdk/bulk/core/load/src/test/kotlin/io/airbyte/cdk/load/state/CheckpointManagerUTest.kt,Devin,https://github.com/airbytehq/airbyte/pull/59733,True,generic_perf,False,True
3050185194,airbyte-cdk/bulk/core/load/src/test/kotlin/io/airbyte/cdk/load/state/MockCheckpointManager.kt,Devin,https://github.com/airbytehq/airbyte/pull/59733,True,generic_perf,False,True
3050185194,airbyte-cdk/bulk/core/load/src/test/kotlin/io/airbyte/cdk/load/state/StreamManagerTest.kt,Devin,https://github.com/airbytehq/airbyte/pull/59733,True,generic_perf,False,True
3050185194,airbyte-cdk/bulk/core/load/src/test/kotlin/io/airbyte/cdk/load/task/DestinationTaskLauncherTest.kt,Devin,https://github.com/airbytehq/airbyte/pull/59733,True,generic_perf,False,True
3050185194,airbyte-cdk/bulk/core/load/src/test/kotlin/io/airbyte/cdk/load/task/DestinationTaskLauncherUTest.kt,Devin,https://github.com/airbytehq/airbyte/pull/59733,True,generic_perf,False,True
3050185194,airbyte-cdk/bulk/core/load/src/test/kotlin/io/airbyte/cdk/load/task/MockTaskLauncher.kt,Devin,https://github.com/airbytehq/airbyte/pull/59733,True,generic_perf,False,True
3050185194,airbyte-cdk/bulk/core/load/src/test/kotlin/io/airbyte/cdk/load/task/implementor/ProcessRecordsTaskTest.kt,Devin,https://github.com/airbytehq/airbyte/pull/59733,True,generic_perf,False,True
3050185194,airbyte-cdk/bulk/core/load/src/test/kotlin/io/airbyte/cdk/load/task/internal/InputConsumerTaskTest.kt,Devin,https://github.com/airbytehq/airbyte/pull/59733,True,generic_perf,False,True
3050185194,airbyte-cdk/bulk/core/load/src/test/kotlin/io/airbyte/cdk/load/task/internal/SpillToDiskTaskTest.kt,Devin,https://github.com/airbytehq/airbyte/pull/59733,True,generic_perf,False,True
3050185194,airbyte-cdk/bulk/core/load/src/testFixtures/kotlin/io/airbyte/cdk/load/check/CheckIntegrationTest.kt,Devin,https://github.com/airbytehq/airbyte/pull/59733,True,generic_perf,False,True
3050185194,airbyte-cdk/bulk/core/load/src/testFixtures/kotlin/io/airbyte/cdk/load/test/mock/MockDestinationBackend.kt,Devin,https://github.com/airbytehq/airbyte/pull/59733,True,generic_perf,False,True
3050185194,airbyte-cdk/bulk/core/load/src/testFixtures/kotlin/io/airbyte/cdk/load/test/mock/MockDestinationConfiguration.kt,Devin,https://github.com/airbytehq/airbyte/pull/59733,True,generic_perf,False,True
3050185194,airbyte-cdk/bulk/core/load/src/testFixtures/kotlin/io/airbyte/cdk/load/test/util/destination_process/NonDockerizedDestination.kt,Devin,https://github.com/airbytehq/airbyte/pull/59733,True,generic_perf,False,True
3050185194,airbyte-cdk/bulk/toolkits/load-db/src/main/kotlin/io/airbyte/cdk/load/pipeline/db/BulkLoadCompletedUploadQueue.kt,Devin,https://github.com/airbytehq/airbyte/pull/59733,True,generic_perf,False,True
3050185194,airbyte-cdk/bulk/toolkits/load-object-storage/src/main/kotlin/io/airbyte/cdk/load/factory/object_storage/ObjectLoaderQueueBeanFactory.kt,Devin,https://github.com/airbytehq/airbyte/pull/59733,True,generic_perf,False,True
3050185194,airbyte-cdk/bulk/toolkits/load-object-storage/src/main/kotlin/io/airbyte/cdk/load/pipline/object_storage/ObjectLoaderLoadedPartPartitioner.kt,Devin,https://github.com/airbytehq/airbyte/pull/59733,True,generic_perf,False,True
3050185194,airbyte-cdk/bulk/toolkits/load-object-storage/src/main/kotlin/io/airbyte/cdk/load/pipline/object_storage/ObjectLoaderPartFormatterStep.kt,Devin,https://github.com/airbytehq/airbyte/pull/59733,True,generic_perf,False,True
3050185194,airbyte-cdk/bulk/toolkits/load-object-storage/src/main/kotlin/io/airbyte/cdk/load/pipline/object_storage/ObjectLoaderPartLoaderStep.kt,Devin,https://github.com/airbytehq/airbyte/pull/59733,True,generic_perf,False,True
3050185194,airbyte-cdk/bulk/toolkits/load-object-storage/src/main/kotlin/io/airbyte/cdk/load/pipline/object_storage/ObjectLoaderUploadCompleterStep.kt,Devin,https://github.com/airbytehq/airbyte/pull/59733,True,generic_perf,False,True
3068072904,cmd/tools/benchmark/doc.go,Devin,https://github.com/vdaas/vald/pull/2970,True,generic_perf,False,True
3068072904,cmd/tools/benchmark/job/doc.go,Devin,https://github.com/vdaas/vald/pull/2970,True,generic_perf,False,True
3068072904,cmd/tools/benchmark/operator/doc.go,Devin,https://github.com/vdaas/vald/pull/2970,True,generic_perf,False,True
3068072904,cmd/tools/cli/benchmark/core/doc.go,Devin,https://github.com/vdaas/vald/pull/2970,True,generic_perf,False,True
3068072904,cmd/tools/cli/benchmark/doc.go,Devin,https://github.com/vdaas/vald/pull/2970,True,generic_perf,False,True
3068072904,internal/errors/benchmark.go,Devin,https://github.com/vdaas/vald/pull/2970,True,generic_perf,False,True
3068072904,internal/k8s/vald/benchmark/api/doc.go,Devin,https://github.com/vdaas/vald/pull/2970,True,generic_perf,False,True
3068072904,internal/k8s/vald/benchmark/api/v1/doc.go,Devin,https://github.com/vdaas/vald/pull/2970,True,generic_perf,False,True
3068072904,internal/k8s/vald/benchmark/doc.go,Devin,https://github.com/vdaas/vald/pull/2970,True,generic_perf,False,True
3068072904,cmd/tools/benchmark/doc.go,Devin,https://github.com/vdaas/vald/pull/2970,True,generic_perf,False,True
3068072904,cmd/tools/benchmark/job/doc.go,Devin,https://github.com/vdaas/vald/pull/2970,True,generic_perf,False,True
3068072904,cmd/tools/benchmark/operator/doc.go,Devin,https://github.com/vdaas/vald/pull/2970,True,generic_perf,False,True
3068072904,cmd/tools/cli/benchmark/doc.go,Devin,https://github.com/vdaas/vald/pull/2970,True,generic_perf,False,True
3068072904,internal/k8s/vald/benchmark/doc.go,Devin,https://github.com/vdaas/vald/pull/2970,True,generic_perf,False,True
3068072904,pkg/tools/benchmark/doc.go,Devin,https://github.com/vdaas/vald/pull/2970,True,generic_perf,False,True
3068072904,pkg/tools/benchmark/job/doc.go,Devin,https://github.com/vdaas/vald/pull/2970,True,generic_perf,False,True
3068072904,pkg/tools/benchmark/job/usecase/doc.go,Devin,https://github.com/vdaas/vald/pull/2970,True,generic_perf,False,True
3068072904,pkg/tools/benchmark/operator/doc.go,Devin,https://github.com/vdaas/vald/pull/2970,True,generic_perf,False,True
3068072904,pkg/tools/benchmark/operator/usecase/doc.go,Devin,https://github.com/vdaas/vald/pull/2970,True,generic_perf,False,True
3068072904,hack/grafana/gen/src/benchmark.go,Devin,https://github.com/vdaas/vald/pull/2970,True,generic_perf,False,True
3068072904,internal/observability/metrics/tools/benchmark/benchmark.go,Devin,https://github.com/vdaas/vald/pull/2970,True,generic_perf,False,True
3068072904,k8s/metrics/grafana/dashboards/10-vald-benchmark-operator.yaml,Devin,https://github.com/vdaas/vald/pull/2970,True,generic_perf,False,True
3068072904,pkg/tools/benchmark/operator/config/config.go,Devin,https://github.com/vdaas/vald/pull/2970,True,generic_perf,False,True
3068072904,pkg/tools/benchmark/operator/usecase/benchmarkd.go,Devin,https://github.com/vdaas/vald/pull/2970,True,generic_perf,False,True
2817252828,apps/studio/src/routes/projects/ProjectsTab/Create/Load/Name.tsx,Devin,https://github.com/onlook-dev/onlook/pull/1156,True,generic_perf,False,True
2817252828,apps/studio/src/routes/projects/ProjectsTab/Create/Load/SelectFolder.tsx,Devin,https://github.com/onlook-dev/onlook/pull/1156,True,generic_perf,False,True
2817252828,apps/studio/src/routes/projects/ProjectsTab/Create/Load/SetUrl.tsx,Devin,https://github.com/onlook-dev/onlook/pull/1156,True,generic_perf,False,True
2817252828,apps/studio/src/routes/projects/ProjectsTab/Create/Load/Setup.tsx,Devin,https://github.com/onlook-dev/onlook/pull/1156,True,generic_perf,False,True
2817252828,apps/studio/src/routes/projects/ProjectsTab/Create/Load/Warning.tsx,Devin,https://github.com/onlook-dev/onlook/pull/1156,True,generic_perf,False,True
3155697260,pallets/gear/src/benchmarking/code.rs,Devin,https://github.com/gear-tech/gear/pull/4725,True,generic_perf,False,True
3174241239,frontend/apps/app/vitest.config.ts,Devin,https://github.com/liam-hq/liam/pull/2196,False,k6_content_only,True,True
3174241239,frontend/internal-packages/agent/vitest.config.ts,Devin,https://github.com/liam-hq/liam/pull/2196,False,k6_content_only,True,True
3174241239,frontend/internal-packages/github/vitest.config.ts,Devin,https://github.com/liam-hq/liam/pull/2196,False,k6_content_only,True,True
3174241239,frontend/internal-packages/jobs/vitest.config.ts,Devin,https://github.com/liam-hq/liam/pull/2196,False,k6_content_only,True,True
3174241239,frontend/internal-packages/schema-bench/vitest.config.ts,Devin,https://github.com/liam-hq/liam/pull/2196,False,k6_content_only,True,True
3174241239,frontend/packages/db-structure/vitest.config.ts,Devin,https://github.com/liam-hq/liam/pull/2196,False,k6_content_only,True,True
3174241239,frontend/packages/erd-core/vitest.config.ts,Devin,https://github.com/liam-hq/liam/pull/2196,False,k6_content_only,True,True
3174241239,frontend/packages/cli/vitest.config.ts,Devin,https://github.com/liam-hq/liam/pull/2196,False,k6_content_only,True,True
2892514403,airbyte-cdk/bulk/core/load/src/testFixtures/kotlin/io/airbyte/cdk/load/test/util/IntegrationTest.kt,Devin,https://github.com/airbytehq/airbyte/pull/55182,True,generic_perf,False,True
2892514403,airbyte-cdk/bulk/toolkits/load-azure-blob-storage/src/main/kotlin/io/airbyte/cdk/load/file/azureBlobStorage/AzureBlobStorageClient.kt,Devin,https://github.com/airbytehq/airbyte/pull/55182,True,generic_perf,False,True
2892514403,airbyte-cdk/bulk/toolkits/load-azure-blob-storage/src/main/kotlin/io/airbyte/cdk/load/file/azureBlobStorage/AzureBlobStreamingUpload.kt,Devin,https://github.com/airbytehq/airbyte/pull/55182,True,generic_perf,False,True
2892514403,airbyte-cdk/bulk/toolkits/load-azure-blob-storage/src/test/kotlin/io/airbyte/cdk/load/file/azureBlobStorage/AzureBlobStreamingUploadTest.kt,Devin,https://github.com/airbytehq/airbyte/pull/55182,True,generic_perf,False,True
2892514403,airbyte-cdk/bulk/toolkits/load-csv/src/main/kotlin/io/airbyte/cdk/load/data/csv/MSSQLCsvRowValidator.kt,Devin,https://github.com/airbytehq/airbyte/pull/55182,True,generic_perf,False,True
2892514403,airbyte-cdk/bulk/toolkits/load-object-storage/src/main/kotlin/io/airbyte/cdk/load/command/object_storage/ObjectStorageFormatSpecification.kt,Devin,https://github.com/airbytehq/airbyte/pull/55182,True,generic_perf,False,True
2892514403,airbyte-cdk/bulk/toolkits/load-object-storage/src/main/kotlin/io/airbyte/cdk/load/file/object_storage/ObjectStorageFormattingWriter.kt,Devin,https://github.com/airbytehq/airbyte/pull/55182,True,generic_perf,False,True
2892514403,airbyte-cdk/bulk/toolkits/load-object-storage/src/main/kotlin/io/airbyte/cdk/load/message/object_storage/ObjectStorageBatch.kt,Devin,https://github.com/airbytehq/airbyte/pull/55182,True,generic_perf,False,True
2892514403,airbyte-cdk/bulk/toolkits/load-object-storage/src/main/kotlin/io/airbyte/cdk/load/write/object_storage/PartToObjectAccumulator.kt,Devin,https://github.com/airbytehq/airbyte/pull/55182,True,generic_perf,False,True
2892514403,airbyte-cdk/bulk/toolkits/load-object-storage/src/testFixtures/kotlin/io/airbyte/cdk/load/ObjectStorageDataDumper.kt,Devin,https://github.com/airbytehq/airbyte/pull/55182,True,generic_perf,False,True
2892514403,airbyte-cdk/bulk/toolkits/load-s3/build.gradle,Devin,https://github.com/airbytehq/airbyte/pull/55182,True,generic_perf,False,True
2892514403,airbyte-cdk/bulk/toolkits/load-s3/src/main/kotlin/io/airbyte/cdk/load/command/s3/S3ClientConfiguration.kt,Devin,https://github.com/airbytehq/airbyte/pull/55182,True,generic_perf,False,True
2892514403,airbyte-cdk/bulk/toolkits/load-s3/src/main/kotlin/io/airbyte/cdk/load/file/s3/S3Client.kt,Devin,https://github.com/airbytehq/airbyte/pull/55182,True,generic_perf,False,True
2892514403,airbyte-cdk/bulk/toolkits/load-s3/src/main/kotlin/io/airbyte/cdk/load/file/s3/S3LegacyJavaClient.kt,Devin,https://github.com/airbytehq/airbyte/pull/55182,True,generic_perf,False,True
2892514403,airbyte-cdk/bulk/core/load/src/main/kotlin/io/airbyte/cdk/load/config/SyncBeanFactory.kt,Devin,https://github.com/airbytehq/airbyte/pull/55182,True,generic_perf,False,True
2892514403,airbyte-cdk/bulk/core/load/src/main/kotlin/io/airbyte/cdk/load/data/AirbyteValue.kt,Devin,https://github.com/airbytehq/airbyte/pull/55182,True,generic_perf,False,True
2892514403,airbyte-cdk/bulk/core/load/src/main/kotlin/io/airbyte/cdk/load/message/DestinationMessage.kt,Devin,https://github.com/airbytehq/airbyte/pull/55182,True,generic_perf,False,True
2892514403,airbyte-cdk/bulk/core/load/src/main/kotlin/io/airbyte/cdk/load/pipeline/DirectLoadPipelineStep.kt,Devin,https://github.com/airbytehq/airbyte/pull/55182,True,generic_perf,False,True
2892514403,airbyte-cdk/bulk/core/load/src/main/kotlin/io/airbyte/cdk/load/pipeline/DirectLoadRecordAccumulator.kt,Devin,https://github.com/airbytehq/airbyte/pull/55182,True,generic_perf,False,True
2892514403,airbyte-cdk/bulk/core/load/src/main/kotlin/io/airbyte/cdk/load/pipeline/InputPartitioner.kt,Devin,https://github.com/airbytehq/airbyte/pull/55182,True,generic_perf,False,True
2892514403,airbyte-cdk/bulk/core/load/src/main/kotlin/io/airbyte/cdk/load/task/DestinationTaskLauncher.kt,Devin,https://github.com/airbytehq/airbyte/pull/55182,True,generic_perf,False,True
2892514403,airbyte-cdk/bulk/core/load/src/main/kotlin/io/airbyte/cdk/load/task/internal/InputConsumerTask.kt,Devin,https://github.com/airbytehq/airbyte/pull/55182,True,generic_perf,False,True
2892514403,airbyte-cdk/bulk/core/load/src/main/kotlin/io/airbyte/cdk/load/write/DirectLoader.kt,Devin,https://github.com/airbytehq/airbyte/pull/55182,True,generic_perf,False,True
2892514403,airbyte-cdk/bulk/core/load/src/test/kotlin/io/airbyte/cdk/load/task/DestinationTaskLauncherTest.kt,Devin,https://github.com/airbytehq/airbyte/pull/55182,True,generic_perf,False,True
2892514403,airbyte-cdk/bulk/core/load/src/test/kotlin/io/airbyte/cdk/load/task/DestinationTaskLauncherUTest.kt,Devin,https://github.com/airbytehq/airbyte/pull/55182,True,generic_perf,False,True
2892514403,airbyte-cdk/bulk/core/load/src/test/kotlin/io/airbyte/cdk/load/task/internal/InputConsumerTaskUTest.kt,Devin,https://github.com/airbytehq/airbyte/pull/55182,True,generic_perf,False,True
2892514403,airbyte-cdk/bulk/core/load/src/testFixtures/kotlin/io/airbyte/cdk/load/write/BasicPerformanceTest.kt,Devin,https://github.com/airbytehq/airbyte/pull/55182,True,generic_perf,False,True
2892514403,airbyte-cdk/bulk/core/load/src/testFixtures/kotlin/io/airbyte/cdk/load/write/PerformanceTestScenarios.kt,Devin,https://github.com/airbytehq/airbyte/pull/55182,True,generic_perf,False,True
2892514403,airbyte-cdk/bulk/toolkits/load-azure-blob-storage/src/main/kotlin/io/airbyte/cdk/load/file/azureBlobStorage/AzureBlobStreamingUpload.kt,Devin,https://github.com/airbytehq/airbyte/pull/55182,True,generic_perf,False,True
2892514403,airbyte-cdk/bulk/toolkits/load-iceberg-parquet/src/main/kotlin/io/airbyte/cdk/load/data/iceberg/parquet/AirbyteTypeToIcebergSchema.kt,Devin,https://github.com/airbytehq/airbyte/pull/55182,True,generic_perf,False,True
2892514403,airbyte-cdk/bulk/toolkits/load-object-storage/src/main/kotlin/io/airbyte/cdk/load/file/object_storage/ObjectStorageFormattingWriter.kt,Devin,https://github.com/airbytehq/airbyte/pull/55182,True,generic_perf,False,True
3046771940,packages/trpc/server/routers/viewer/slots/benchmark.ts,Devin,https://github.com/calcom/cal.com/pull/21166,True,generic_perf,False,True
3046771940,packages/trpc/server/routers/viewer/slots/run-benchmark.sh,Devin,https://github.com/calcom/cal.com/pull/21166,True,generic_perf,False,True
3046771940,packages/trpc/server/routers/viewer/slots/benchmark.ts,Devin,https://github.com/calcom/cal.com/pull/21166,True,generic_perf,False,True
3046771940,packages/trpc/server/routers/viewer/slots/benchmark.ts,Devin,https://github.com/calcom/cal.com/pull/21166,True,generic_perf,False,True
3046771940,packages/trpc/server/routers/viewer/slots/benchmark.ts,Devin,https://github.com/calcom/cal.com/pull/21166,True,generic_perf,False,True
3126336730,airbyte-cdk/bulk/core/load/build.gradle,Devin,https://github.com/airbytehq/airbyte/pull/61443,True,generic_perf,False,True
3126336730,airbyte-cdk/bulk/core/load/src/integrationTest/kotlin/io/airbyte/cdk/load/mock_integration_test/MockBasicFunctionalityIntegrationTest.kt,Devin,https://github.com/airbytehq/airbyte/pull/61443,True,generic_perf,False,True
3126336730,airbyte-cdk/bulk/core/load/src/integrationTest/kotlin/io/airbyte/cdk/load/mock_integration_test/MockDestinationDirectLoader.kt,Devin,https://github.com/airbytehq/airbyte/pull/61443,True,generic_perf,False,True
3126336730,airbyte-cdk/bulk/core/load/src/integrationTest/kotlin/io/airbyte/cdk/load/mock_integration_test/MockDestinationWriter.kt,Devin,https://github.com/airbytehq/airbyte/pull/61443,True,generic_perf,False,True
3126336730,airbyte-cdk/bulk/core/load/src/main/kotlin/io/airbyte/cdk/load/command/DestinationStream.kt,Devin,https://github.com/airbytehq/airbyte/pull/61443,True,generic_perf,False,True
3126336730,airbyte-cdk/bulk/core/load/src/main/kotlin/io/airbyte/cdk/load/config/DataChannelBeanFactory.kt,Devin,https://github.com/airbytehq/airbyte/pull/61443,True,generic_perf,False,True
3126336730,airbyte-cdk/bulk/core/load/src/main/kotlin/io/airbyte/cdk/load/data/AirbyteValueCoercer.kt,Devin,https://github.com/airbytehq/airbyte/pull/61443,True,generic_perf,False,True
3126336730,airbyte-cdk/bulk/core/load/src/main/kotlin/io/airbyte/cdk/load/data/AirbyteValueDeepCoercingMapper.kt,Devin,https://github.com/airbytehq/airbyte/pull/61443,True,generic_perf,False,True
3126336730,airbyte-cdk/bulk/core/load/src/main/kotlin/io/airbyte/cdk/load/data/DestinationRecordToAirbyteValueWithMeta.kt,Devin,https://github.com/airbytehq/airbyte/pull/61443,True,generic_perf,False,True
3126336730,airbyte-cdk/bulk/core/load/src/main/kotlin/io/airbyte/cdk/load/message/DestinationMessage.kt,Devin,https://github.com/airbytehq/airbyte/pull/61443,True,generic_perf,False,True
3126336730,airbyte-cdk/bulk/core/load/src/main/kotlin/io/airbyte/cdk/load/message/DestinationMessageFactory.kt,Devin,https://github.com/airbytehq/airbyte/pull/61443,True,generic_perf,False,True
3126336730,airbyte-cdk/bulk/core/load/src/main/kotlin/io/airbyte/cdk/load/message/DestinationRecordRaw.kt,Devin,https://github.com/airbytehq/airbyte/pull/61443,True,generic_perf,False,True
3126336730,airbyte-cdk/bulk/core/load/src/main/kotlin/io/airbyte/cdk/load/state/PipelineEventBookkeepingRouter.kt,Devin,https://github.com/airbytehq/airbyte/pull/61443,True,generic_perf,False,True
3126336730,airbyte-cdk/bulk/core/load/src/main/kotlin/io/airbyte/cdk/load/state/SyncManager.kt,Devin,https://github.com/airbytehq/airbyte/pull/61443,True,generic_perf,False,True
3126336730,airbyte-cdk/bulk/core/load/src/main/kotlin/io/airbyte/cdk/load/task/internal/InputConsumerTask.kt,Devin,https://github.com/airbytehq/airbyte/pull/61443,True,generic_perf,False,True
3126336730,airbyte-cdk/bulk/core/load/src/main/kotlin/io/airbyte/cdk/load/task/internal/ReservingDeserializingInputFlow.kt,Devin,https://github.com/airbytehq/airbyte/pull/61443,True,generic_perf,False,True
3126336730,airbyte-cdk/bulk/core/load/src/main/kotlin/io/airbyte/cdk/load/util/CoroutineUtils.kt,Devin,https://github.com/airbytehq/airbyte/pull/61443,True,generic_perf,False,True
3126336730,airbyte-cdk/bulk/core/load/src/main/kotlin/io/airbyte/cdk/load/util/TimeStringUtility.kt,Devin,https://github.com/airbytehq/airbyte/pull/61443,True,generic_perf,False,True
3126336730,airbyte-cdk/bulk/core/load/src/main/kotlin/io/airbyte/cdk/load/util/UUIDGenerator.kt,Devin,https://github.com/airbytehq/airbyte/pull/61443,True,generic_perf,False,True
3126336730,airbyte-cdk/bulk/core/load/src/main/kotlin/io/airbyte/cdk/load/write/DirectLoader.kt,Devin,https://github.com/airbytehq/airbyte/pull/61443,True,generic_perf,False,True
3126336730,airbyte-cdk/bulk/core/load/src/test/kotlin/io/airbyte/cdk/load/command/DestinationStreamUTest.kt,Devin,https://github.com/airbytehq/airbyte/pull/61443,True,generic_perf,False,True
3126336730,airbyte-cdk/bulk/core/load/src/test/kotlin/io/airbyte/cdk/load/data/AirbyteValueDeepCoercingMapperTest.kt,Devin,https://github.com/airbytehq/airbyte/pull/61443,True,generic_perf,False,True
3126336730,airbyte-cdk/bulk/core/load/src/test/kotlin/io/airbyte/cdk/load/data/DestinationRecordAirbyteValueToAirbyteValueWithMetaTest.kt,Devin,https://github.com/airbytehq/airbyte/pull/61443,True,generic_perf,False,True
3126336730,airbyte-cdk/bulk/core/load/src/test/kotlin/io/airbyte/cdk/load/data/EnrichedDestinationRecordAirbyteValueTest.kt,Devin,https://github.com/airbytehq/airbyte/pull/61443,True,generic_perf,False,True
3126336730,airbyte-cdk/bulk/core/load/src/test/kotlin/io/airbyte/cdk/load/message/DestinationMessageTest.kt,Devin,https://github.com/airbytehq/airbyte/pull/61443,True,generic_perf,False,True
3126336730,airbyte-cdk/bulk/core/load/src/test/kotlin/io/airbyte/cdk/load/message/DestinationRecordRawTest.kt,Devin,https://github.com/airbytehq/airbyte/pull/61443,True,generic_perf,False,True
3126336730,airbyte-cdk/bulk/core/load/src/test/kotlin/io/airbyte/cdk/load/message/PipelineEventBookkeepingRouterTest.kt,Devin,https://github.com/airbytehq/airbyte/pull/61443,True,generic_perf,False,True
3126336730,airbyte-cdk/bulk/core/load/src/test/kotlin/io/airbyte/cdk/load/state/SyncManagerTest.kt,Devin,https://github.com/airbytehq/airbyte/pull/61443,True,generic_perf,False,True
3126336730,airbyte-cdk/bulk/core/load/src/test/kotlin/io/airbyte/cdk/load/task/internal/InputConsumerTaskTest.kt,Devin,https://github.com/airbytehq/airbyte/pull/61443,True,generic_perf,False,True
3126336730,airbyte-cdk/bulk/core/load/src/test/kotlin/io/airbyte/cdk/load/task/internal/InputConsumerTaskUTest.kt,Devin,https://github.com/airbytehq/airbyte/pull/61443,True,generic_perf,False,True
3126336730,airbyte-cdk/bulk/core/load/src/test/kotlin/io/airbyte/cdk/load/task/internal/LoadPipelineStepTaskUTest.kt,Devin,https://github.com/airbytehq/airbyte/pull/61443,True,generic_perf,False,True
3126336730,airbyte-cdk/bulk/core/load/src/test/kotlin/io/airbyte/cdk/load/test/util/StubDestinationMessageFactory.kt,Devin,https://github.com/airbytehq/airbyte/pull/61443,True,generic_perf,False,True
3126336730,airbyte-cdk/bulk/core/load/src/test/kotlin/io/airbyte/cdk/load/util/CoroutineUtilsKtTest.kt,Devin,https://github.com/airbytehq/airbyte/pull/61443,True,generic_perf,False,True
3126336730,airbyte-cdk/bulk/core/load/src/test/kotlin/io/airbyte/cdk/load/util/TimeStringUtilityTest.kt,Devin,https://github.com/airbytehq/airbyte/pull/61443,True,generic_perf,False,True
3126336730,airbyte-cdk/bulk/core/load/src/test/kotlin/io/airbyte/cdk/load/util/UUIDGeneratorTest.kt,Devin,https://github.com/airbytehq/airbyte/pull/61443,True,generic_perf,False,True
3126336730,airbyte-cdk/bulk/core/load/src/testFixtures/kotlin/io/airbyte/cdk/load/test/util/IntegrationTest.kt,Devin,https://github.com/airbytehq/airbyte/pull/61443,True,generic_perf,False,True
3126336730,airbyte-cdk/bulk/core/load/src/testFixtures/kotlin/io/airbyte/cdk/load/test/util/destination_process/NonDockerizedDestination.kt,Devin,https://github.com/airbytehq/airbyte/pull/61443,True,generic_perf,False,True
3126336730,airbyte-cdk/bulk/core/load/src/testFixtures/kotlin/io/airbyte/cdk/load/write/BasicFunctionalityIntegrationTest.kt,Devin,https://github.com/airbytehq/airbyte/pull/61443,True,generic_perf,False,True
3126336730,airbyte-cdk/bulk/toolkits/load-csv/src/main/kotlin/io/airbyte/cdk/load/file/csv/CSVWriter.kt,Devin,https://github.com/airbytehq/airbyte/pull/61443,True,generic_perf,False,True
3126336730,airbyte-cdk/bulk/toolkits/load-csv/src/main/kotlin/io/airbyte/cdk/load/file/csv/CsvDecoder.kt,Devin,https://github.com/airbytehq/airbyte/pull/61443,True,generic_perf,False,True
3126336730,airbyte-cdk/bulk/toolkits/load-csv/src/test/kotlin/io/airbyte/cdk/load/file/csv/CsvDecoderTest.kt,Devin,https://github.com/airbytehq/airbyte/pull/61443,True,generic_perf,False,True
3126336730,airbyte-cdk/bulk/toolkits/load-db/src/main/kotlin/io/airbyte/cdk/load/client/AirbyteClient.kt,Devin,https://github.com/airbytehq/airbyte/pull/61443,True,generic_perf,False,True
3126336730,airbyte-cdk/bulk/toolkits/load-db/src/main/kotlin/io/airbyte/cdk/load/orchestration/db/DatabaseInitialStatusGatherer.kt,Devin,https://github.com/airbytehq/airbyte/pull/61443,True,generic_perf,False,True
3126336730,airbyte-cdk/bulk/toolkits/load-db/src/main/kotlin/io/airbyte/cdk/load/orchestration/db/DestinationNames.kt,Devin,https://github.com/airbytehq/airbyte/pull/61443,True,generic_perf,False,True
3126336730,airbyte-cdk/bulk/toolkits/load-db/src/main/kotlin/io/airbyte/cdk/load/orchestration/db/direct_load_table/DirectLoadTableOperations.kt,Devin,https://github.com/airbytehq/airbyte/pull/61443,True,generic_perf,False,True
3126336730,airbyte-cdk/bulk/toolkits/load-db/src/main/kotlin/io/airbyte/cdk/load/orchestration/db/direct_load_table/DirectLoadTableStreamLoader.kt,Devin,https://github.com/airbytehq/airbyte/pull/61443,True,generic_perf,False,True
3126336730,airbyte-cdk/bulk/toolkits/load-db/src/main/kotlin/io/airbyte/cdk/load/orchestration/db/direct_load_table/DirectLoadTableWriter.kt,Devin,https://github.com/airbytehq/airbyte/pull/61443,True,generic_perf,False,True
3126336730,airbyte-cdk/bulk/toolkits/load-db/src/main/kotlin/io/airbyte/cdk/load/orchestration/db/direct_load_table/migrations/DirectLoadTableTempTableNameMigration.kt,Devin,https://github.com/airbytehq/airbyte/pull/61443,True,generic_perf,False,True
3126336730,airbyte-cdk/bulk/toolkits/load-db/src/main/kotlin/io/airbyte/cdk/load/orchestration/db/legacy_typing_deduping/AlterTableReport.kt,Devin,https://github.com/airbytehq/airbyte/pull/61443,True,generic_perf,False,True
3126336730,airbyte-cdk/bulk/toolkits/load-db/src/main/kotlin/io/airbyte/cdk/load/orchestration/db/legacy_typing_deduping/TableCatalogFactory.kt,Devin,https://github.com/airbytehq/airbyte/pull/61443,True,generic_perf,False,True
3126336730,airbyte-cdk/bulk/toolkits/load-db/src/main/kotlin/io/airbyte/cdk/load/write/db/DbConstants.kt,Devin,https://github.com/airbytehq/airbyte/pull/61443,True,generic_perf,False,True
3126336730,airbyte-cdk/bulk/toolkits/load-db/src/test/kotlin/io/airbyte/cdk/load/toolkits/load/db/orchestration/DefaultTempTableNameGeneratorTest.kt,Devin,https://github.com/airbytehq/airbyte/pull/61443,True,generic_perf,False,True
3126336730,airbyte-cdk/bulk/toolkits/load-db/src/test/kotlin/io/airbyte/cdk/load/toolkits/load/db/orchestration/TableCatalogFactoryTest.kt,Devin,https://github.com/airbytehq/airbyte/pull/61443,True,generic_perf,False,True
3126336730,airbyte-cdk/bulk/toolkits/load-dlq/build.gradle,Devin,https://github.com/airbytehq/airbyte/pull/61443,True,generic_perf,False,True
3126336730,airbyte-cdk/bulk/toolkits/load-dlq/src/main/kotlin/io/airbyte/cdk/load/pipeline/dlq/DlqLoaderPipelineStep.kt,Devin,https://github.com/airbytehq/airbyte/pull/61443,True,generic_perf,False,True
3126336730,airbyte-cdk/bulk/toolkits/load-dlq/src/main/kotlin/io/airbyte/cdk/load/pipeline/dlq/FlattenQueueAdapter.kt,Devin,https://github.com/airbytehq/airbyte/pull/61443,True,generic_perf,False,True
3126336730,airbyte-cdk/bulk/toolkits/load-dlq/src/main/kotlin/io/airbyte/cdk/load/pipeline/dlq/PassThroughPartitioner.kt,Devin,https://github.com/airbytehq/airbyte/pull/61443,True,generic_perf,False,True
3126336730,airbyte-cdk/bulk/toolkits/load-dlq/src/main/kotlin/io/airbyte/cdk/load/write/dlq/DlqLoader.kt,Devin,https://github.com/airbytehq/airbyte/pull/61443,True,generic_perf,False,True
3126336730,airbyte-cdk/bulk/toolkits/load-dlq/src/main/kotlin/io/airbyte/cdk/load/write/dlq/DlqPipelineFactory.kt,Devin,https://github.com/airbytehq/airbyte/pull/61443,True,generic_perf,False,True
3126336730,airbyte-cdk/bulk/toolkits/load-http/build.gradle,Devin,https://github.com/airbytehq/airbyte/pull/61443,True,generic_perf,False,True
3126336730,airbyte-cdk/bulk/toolkits/load-http/src/main/kotlin/io/airbyte/cdk/load/http/HttpClient.kt,Devin,https://github.com/airbytehq/airbyte/pull/61443,True,generic_perf,False,True
3126336730,airbyte-cdk/bulk/toolkits/load-http/src/main/kotlin/io/airbyte/cdk/load/http/Request.kt,Devin,https://github.com/airbytehq/airbyte/pull/61443,True,generic_perf,False,True
3126336730,airbyte-cdk/bulk/toolkits/load-http/src/main/kotlin/io/airbyte/cdk/load/http/RequestMethod.kt,Devin,https://github.com/airbytehq/airbyte/pull/61443,True,generic_perf,False,True
3126336730,airbyte-cdk/bulk/toolkits/load-http/src/main/kotlin/io/airbyte/cdk/load/http/Response.kt,Devin,https://github.com/airbytehq/airbyte/pull/61443,True,generic_perf,False,True
3126336730,airbyte-cdk/bulk/toolkits/load-http/src/main/kotlin/io/airbyte/cdk/load/http/authentication/OAuthAuthenticator.kt,Devin,https://github.com/airbytehq/airbyte/pull/61443,True,generic_perf,False,True
3126336730,airbyte-cdk/bulk/toolkits/load-http/src/main/kotlin/io/airbyte/cdk/load/http/decoder/JsonDecoder.kt,Devin,https://github.com/airbytehq/airbyte/pull/61443,True,generic_perf,False,True
3126336730,airbyte-cdk/bulk/toolkits/load-http/src/main/kotlin/io/airbyte/cdk/load/http/okhttp/AirbyteOkHttpClient.kt,Devin,https://github.com/airbytehq/airbyte/pull/61443,True,generic_perf,False,True
3126336730,airbyte-cdk/bulk/toolkits/load-http/src/main/kotlin/io/airbyte/cdk/load/http/okhttp/OkHttpResponse.kt,Devin,https://github.com/airbytehq/airbyte/pull/61443,True,generic_perf,False,True
3126336730,airbyte-cdk/bulk/toolkits/load-http/src/test/kotlin/io/airbyte/cdk/load/http/authentication/OAuthAuthenticatorTest.kt,Devin,https://github.com/airbytehq/airbyte/pull/61443,True,generic_perf,False,True
3126336730,airbyte-cdk/bulk/toolkits/load-http/src/test/kotlin/io/airbyte/cdk/load/http/decoder/JsonDecoderTest.kt,Devin,https://github.com/airbytehq/airbyte/pull/61443,True,generic_perf,False,True
3126336730,airbyte-cdk/bulk/toolkits/load-object-storage/src/main/kotlin/io/airbyte/cdk/load/file/object_storage/ObjectStorageFormattingWriter.kt,Devin,https://github.com/airbytehq/airbyte/pull/61443,True,generic_perf,False,True
3126336730,airbyte-cdk/bulk/toolkits/load-object-storage/src/main/kotlin/io/airbyte/cdk/load/pipline/object_storage/file/FileChunkStep.kt,Devin,https://github.com/airbytehq/airbyte/pull/61443,True,generic_perf,False,True
3126336730,airbyte-cdk/bulk/toolkits/load-object-storage/src/main/kotlin/io/airbyte/cdk/load/pipline/object_storage/file/UploadIdGenerator.kt,Devin,https://github.com/airbytehq/airbyte/pull/61443,True,generic_perf,False,True
3126336730,airbyte-cdk/bulk/toolkits/load-object-storage/src/test/kotlin/io/airbyte/cdk/load/pipeline/object_storage/file/FileChunkTaskTest.kt,Devin,https://github.com/airbytehq/airbyte/pull/61443,True,generic_perf,False,True
3126336730,airbyte-cdk/bulk/toolkits/load-object-storage/src/test/kotlin/io/airbyte/cdk/load/pipeline/object_storage/file/ForwardFileRecordTaskTest.kt,Devin,https://github.com/airbytehq/airbyte/pull/61443,True,generic_perf,False,True
3126336730,airbyte-cdk/bulk/toolkits/load-object-storage/src/test/kotlin/io/airbyte/cdk/load/pipeline/object_storage/file/RouteEventTaskTest.kt,Devin,https://github.com/airbytehq/airbyte/pull/61443,True,generic_perf,False,True
3126336730,airbyte-cdk/bulk/toolkits/load-object-storage/src/test/kotlin/io/airbyte/cdk/load/write/object_storage/ObjectLoaderPartFormatterTest.kt,Devin,https://github.com/airbytehq/airbyte/pull/61443,True,generic_perf,False,True
3126336730,airbyte-cdk/bulk/toolkits/load-object-storage/src/test/kotlin/io/airbyte/cdk/load/write/object_storage/ObjectStorageFormattingWriterTest.kt,Devin,https://github.com/airbytehq/airbyte/pull/61443,True,generic_perf,False,True
3126336730,airbyte-cdk/bulk/toolkits/load-object-storage/src/testFixtures/kotlin/io/airbyte/cdk/load/MockObjectStorageClient.kt,Devin,https://github.com/airbytehq/airbyte/pull/61443,True,generic_perf,False,True
3118854425,tests/run_stress_test.sh,Devin,https://github.com/Mooncake-Labs/pg_mooncake/pull/152,True,generic_perf,False,True
3118854425,tests/stress_test.py,Devin,https://github.com/Mooncake-Labs/pg_mooncake/pull/152,True,generic_perf,False,True
3118854425,tests/stress_test.py,Devin,https://github.com/Mooncake-Labs/pg_mooncake/pull/152,True,generic_perf,False,True
3118854425,tests/stress_test.py,Devin,https://github.com/Mooncake-Labs/pg_mooncake/pull/152,True,generic_perf,False,True
2971105707,benchmarks/synth-bm/Cargo.lock,Devin,https://github.com/near/nearcore/pull/13275,True,generic_perf,False,True
3066143003,cmd/tools/benchmark/job/doc.go,Devin,https://github.com/vdaas/vald/pull/2968,True,generic_perf,False,True
3066143003,cmd/tools/benchmark/job/main.go,Devin,https://github.com/vdaas/vald/pull/2968,True,generic_perf,False,True
3066143003,cmd/tools/benchmark/operator/doc.go,Devin,https://github.com/vdaas/vald/pull/2968,True,generic_perf,False,True
3066143003,cmd/tools/benchmark/operator/main.go,Devin,https://github.com/vdaas/vald/pull/2968,True,generic_perf,False,True
3066143003,cmd/tools/cli/benchmark/core/doc.go,Devin,https://github.com/vdaas/vald/pull/2968,True,generic_perf,False,True
3066143003,cmd/tools/cli/benchmark/core/main.go,Devin,https://github.com/vdaas/vald/pull/2968,True,generic_perf,False,True
3066143003,hack/benchmark/assets/x1b/doc.go,Devin,https://github.com/vdaas/vald/pull/2968,True,generic_perf,False,True
3066143003,hack/benchmark/core/benchmark/benchmark.go,Devin,https://github.com/vdaas/vald/pull/2968,True,generic_perf,False,True
3066143003,hack/benchmark/core/benchmark/benchmark_test.go,Devin,https://github.com/vdaas/vald/pull/2968,True,generic_perf,False,True
3066143003,hack/benchmark/core/benchmark/doc.go,Devin,https://github.com/vdaas/vald/pull/2968,True,generic_perf,False,True
3066143003,hack/benchmark/core/benchmark/option.go,Devin,https://github.com/vdaas/vald/pull/2968,True,generic_perf,False,True
3066143003,hack/benchmark/core/benchmark/option_test.go,Devin,https://github.com/vdaas/vald/pull/2968,True,generic_perf,False,True
3066143003,hack/benchmark/core/benchmark/strategy.go,Devin,https://github.com/vdaas/vald/pull/2968,True,generic_perf,False,True
3066143003,hack/benchmark/core/benchmark/strategy/bulk_insert.go,Devin,https://github.com/vdaas/vald/pull/2968,True,generic_perf,False,True
3066143003,hack/benchmark/core/benchmark/strategy/bulk_insert_commit.go,Devin,https://github.com/vdaas/vald/pull/2968,True,generic_perf,False,True
3066143003,hack/benchmark/core/benchmark/strategy/bulk_insert_commit_test.go,Devin,https://github.com/vdaas/vald/pull/2968,True,generic_perf,False,True
3066143003,hack/benchmark/core/benchmark/strategy/bulk_insert_test.go,Devin,https://github.com/vdaas/vald/pull/2968,True,generic_perf,False,True
3066143003,hack/benchmark/core/benchmark/strategy/doc.go,Devin,https://github.com/vdaas/vald/pull/2968,True,generic_perf,False,True
3066143003,hack/benchmark/core/benchmark/strategy/get_vector.go,Devin,https://github.com/vdaas/vald/pull/2968,True,generic_perf,False,True
3066143003,hack/benchmark/core/benchmark/strategy/get_vector_test.go,Devin,https://github.com/vdaas/vald/pull/2968,True,generic_perf,False,True
3066143003,hack/benchmark/core/benchmark/strategy/insert.go,Devin,https://github.com/vdaas/vald/pull/2968,True,generic_perf,False,True
3066143003,hack/benchmark/core/benchmark/strategy/insert_commit.go,Devin,https://github.com/vdaas/vald/pull/2968,True,generic_perf,False,True
3066143003,hack/benchmark/core/benchmark/strategy/insert_commit_test.go,Devin,https://github.com/vdaas/vald/pull/2968,True,generic_perf,False,True
3066143003,hack/benchmark/core/benchmark/strategy/insert_test.go,Devin,https://github.com/vdaas/vald/pull/2968,True,generic_perf,False,True
3066143003,hack/benchmark/core/benchmark/strategy/remove.go,Devin,https://github.com/vdaas/vald/pull/2968,True,generic_perf,False,True
3066143003,hack/benchmark/core/benchmark/strategy/remove_test.go,Devin,https://github.com/vdaas/vald/pull/2968,True,generic_perf,False,True
3066143003,hack/benchmark/core/benchmark/strategy/search.go,Devin,https://github.com/vdaas/vald/pull/2968,True,generic_perf,False,True
3066143003,hack/benchmark/core/benchmark/strategy/search_test.go,Devin,https://github.com/vdaas/vald/pull/2968,True,generic_perf,False,True
3066143003,hack/benchmark/core/benchmark/strategy/strategy.go,Devin,https://github.com/vdaas/vald/pull/2968,True,generic_perf,False,True
3066143003,hack/benchmark/core/benchmark/strategy/strategy_option.go,Devin,https://github.com/vdaas/vald/pull/2968,True,generic_perf,False,True
3066143003,hack/benchmark/core/benchmark/strategy/strategy_option_test.go,Devin,https://github.com/vdaas/vald/pull/2968,True,generic_perf,False,True
3066143003,hack/benchmark/core/benchmark/strategy/strategy_test.go,Devin,https://github.com/vdaas/vald/pull/2968,True,generic_perf,False,True
3066143003,hack/benchmark/core/benchmark/strategy/util.go,Devin,https://github.com/vdaas/vald/pull/2968,True,generic_perf,False,True
3066143003,hack/benchmark/core/benchmark/strategy/util_test.go,Devin,https://github.com/vdaas/vald/pull/2968,True,generic_perf,False,True
3066143003,hack/benchmark/core/ngt/doc.go,Devin,https://github.com/vdaas/vald/pull/2968,True,generic_perf,False,True
3066143003,hack/benchmark/core/ngt/ngt_bench_test.go,Devin,https://github.com/vdaas/vald/pull/2968,True,generic_perf,False,True
3066143003,hack/benchmark/e2e/agent/core/ngt/doc.go,Devin,https://github.com/vdaas/vald/pull/2968,True,generic_perf,False,True
3066143003,hack/benchmark/internal/assets/doc.go,Devin,https://github.com/vdaas/vald/pull/2968,True,generic_perf,False,True
3066143003,hack/benchmark/internal/core/algorithm/algorithm.go,Devin,https://github.com/vdaas/vald/pull/2968,True,generic_perf,False,True
3066143003,hack/benchmark/internal/core/algorithm/doc.go,Devin,https://github.com/vdaas/vald/pull/2968,True,generic_perf,False,True
3066143003,hack/benchmark/internal/core/algorithm/ngt/doc.go,Devin,https://github.com/vdaas/vald/pull/2968,True,generic_perf,False,True
3066143003,hack/benchmark/internal/core/algorithm/ngt/ngt.go,Devin,https://github.com/vdaas/vald/pull/2968,True,generic_perf,False,True
3066143003,hack/benchmark/internal/core/algorithm/ngt/ngt_test.go,Devin,https://github.com/vdaas/vald/pull/2968,True,generic_perf,False,True
3066143003,hack/benchmark/internal/core/algorithm/ngt/option.go,Devin,https://github.com/vdaas/vald/pull/2968,True,generic_perf,False,True
3066143003,hack/benchmark/internal/core/algorithm/ngt/option_test.go,Devin,https://github.com/vdaas/vald/pull/2968,True,generic_perf,False,True
3066143003,hack/benchmark/internal/db/nosql/cassandra/doc.go,Devin,https://github.com/vdaas/vald/pull/2968,True,generic_perf,False,True
3066143003,hack/benchmark/internal/operation/doc.go,Devin,https://github.com/vdaas/vald/pull/2968,True,generic_perf,False,True
3066143003,hack/benchmark/internal/starter/agent/core/ngt/doc.go,Devin,https://github.com/vdaas/vald/pull/2968,True,generic_perf,False,True
3066143003,hack/benchmark/internal/starter/agent/core/ngt/ngt.go,Devin,https://github.com/vdaas/vald/pull/2968,True,generic_perf,False,True
3066143003,hack/benchmark/internal/starter/agent/core/ngt/ngt_test.go,Devin,https://github.com/vdaas/vald/pull/2968,True,generic_perf,False,True
3066143003,hack/benchmark/internal/starter/agent/core/ngt/option.go,Devin,https://github.com/vdaas/vald/pull/2968,True,generic_perf,False,True
3066143003,hack/benchmark/internal/starter/agent/core/ngt/option_test.go,Devin,https://github.com/vdaas/vald/pull/2968,True,generic_perf,False,True
3066143003,hack/benchmark/internal/starter/doc.go,Devin,https://github.com/vdaas/vald/pull/2968,True,generic_perf,False,True
3066143003,hack/benchmark/internal/starter/gateway/vald/doc.go,Devin,https://github.com/vdaas/vald/pull/2968,True,generic_perf,False,True
3066143003,hack/benchmark/internal/starter/gateway/vald/option.go,Devin,https://github.com/vdaas/vald/pull/2968,True,generic_perf,False,True
3066143003,hack/benchmark/internal/starter/gateway/vald/vald.go,Devin,https://github.com/vdaas/vald/pull/2968,True,generic_perf,False,True
3066143003,hack/benchmark/internal/starter/gateway/vald/vald_test.go,Devin,https://github.com/vdaas/vald/pull/2968,True,generic_perf,False,True
3066143003,hack/benchmark/internal/starter/starter.go,Devin,https://github.com/vdaas/vald/pull/2968,True,generic_perf,False,True
3066143003,hack/benchmark/metrics/doc.go,Devin,https://github.com/vdaas/vald/pull/2968,True,generic_perf,False,True
3066143003,hack/benchmark/src/singleflight/doc.go,Devin,https://github.com/vdaas/vald/pull/2968,True,generic_perf,False,True
3066143003,internal/config/benchmark.go,Devin,https://github.com/vdaas/vald/pull/2968,True,generic_perf,False,True
3066143003,internal/errors/benchmark.go,Devin,https://github.com/vdaas/vald/pull/2968,True,generic_perf,False,True
2813742901,airbyte-cdk/bulk/core/load/src/integrationTest/kotlin/io/airbyte/cdk/load/mock_integration_test/MockBasicFunctionalityIntegrationTest.kt,Devin,https://github.com/airbytehq/airbyte/pull/52570,True,generic_perf,False,True
2813742901,airbyte-cdk/bulk/core/load/src/main/kotlin/io/airbyte/cdk/load/command/DestinationStream.kt,Devin,https://github.com/airbytehq/airbyte/pull/52570,True,generic_perf,False,True
2813742901,airbyte-cdk/bulk/core/load/src/main/kotlin/io/airbyte/cdk/load/command/EnvVarConstants.kt,Devin,https://github.com/airbytehq/airbyte/pull/52570,True,generic_perf,False,True
2813742901,airbyte-cdk/bulk/core/load/src/main/kotlin/io/airbyte/cdk/load/config/SyncBeanFactory.kt,Devin,https://github.com/airbytehq/airbyte/pull/52570,True,generic_perf,False,True
2813742901,airbyte-cdk/bulk/core/load/src/main/kotlin/io/airbyte/cdk/load/message/DestinationMessage.kt,Devin,https://github.com/airbytehq/airbyte/pull/52570,True,generic_perf,False,True
2813742901,airbyte-cdk/bulk/core/load/src/main/kotlin/io/airbyte/cdk/load/state/DestinationStateManager.kt,Devin,https://github.com/airbytehq/airbyte/pull/52570,True,generic_perf,False,True
2813742901,airbyte-cdk/bulk/core/load/src/main/kotlin/io/airbyte/cdk/load/state/FlushStrategy.kt,Devin,https://github.com/airbytehq/airbyte/pull/52570,True,generic_perf,False,True
2813742901,airbyte-cdk/bulk/core/load/src/main/kotlin/io/airbyte/cdk/load/task/DestinationTaskLauncher.kt,Devin,https://github.com/airbytehq/airbyte/pull/52570,True,generic_perf,False,True
2813742901,airbyte-cdk/bulk/core/load/src/main/kotlin/io/airbyte/cdk/load/task/internal/FlushTickTask.kt,Devin,https://github.com/airbytehq/airbyte/pull/52570,True,generic_perf,False,True
2813742901,airbyte-cdk/bulk/core/load/src/main/kotlin/io/airbyte/cdk/load/task/internal/InputConsumerTask.kt,Devin,https://github.com/airbytehq/airbyte/pull/52570,True,generic_perf,False,True
2813742901,airbyte-cdk/bulk/core/load/src/main/kotlin/io/airbyte/cdk/load/task/internal/SpillToDiskTask.kt,Devin,https://github.com/airbytehq/airbyte/pull/52570,True,generic_perf,False,True
2813742901,airbyte-cdk/bulk/core/load/src/main/resources/application.yaml,Devin,https://github.com/airbytehq/airbyte/pull/52570,True,generic_perf,False,True
2813742901,airbyte-cdk/bulk/core/load/src/test/kotlin/io/airbyte/cdk/load/initialization/TestApplicationYaml.kt,Devin,https://github.com/airbytehq/airbyte/pull/52570,True,generic_perf,False,True
2813742901,airbyte-cdk/bulk/core/load/src/test/kotlin/io/airbyte/cdk/load/state/DefaultFlushStrategyTest.kt,Devin,https://github.com/airbytehq/airbyte/pull/52570,True,generic_perf,False,True
2813742901,airbyte-cdk/bulk/core/load/src/test/kotlin/io/airbyte/cdk/load/test/util/CoroutineTestUtils.kt,Devin,https://github.com/airbytehq/airbyte/pull/52570,True,generic_perf,False,True
2813742901,airbyte-cdk/bulk/core/load/src/testFixtures/kotlin/io/airbyte/cdk/load/check/CheckIntegrationTest.kt,Devin,https://github.com/airbytehq/airbyte/pull/52570,True,generic_perf,False,True
2813742901,airbyte-cdk/bulk/core/load/src/testFixtures/kotlin/io/airbyte/cdk/load/spec/SpecTest.kt,Devin,https://github.com/airbytehq/airbyte/pull/52570,True,generic_perf,False,True
2813742901,airbyte-cdk/bulk/core/load/src/testFixtures/kotlin/io/airbyte/cdk/load/test/util/IntegrationTest.kt,Devin,https://github.com/airbytehq/airbyte/pull/52570,True,generic_perf,False,True
2813742901,airbyte-cdk/bulk/core/load/src/testFixtures/kotlin/io/airbyte/cdk/load/test/util/destination_process/DestinationProcess.kt,Devin,https://github.com/airbytehq/airbyte/pull/52570,True,generic_perf,False,True
2813742901,airbyte-cdk/bulk/core/load/src/testFixtures/kotlin/io/airbyte/cdk/load/test/util/destination_process/DockerizedDestination.kt,Devin,https://github.com/airbytehq/airbyte/pull/52570,True,generic_perf,False,True
2813742901,airbyte-cdk/bulk/core/load/src/testFixtures/kotlin/io/airbyte/cdk/load/test/util/destination_process/NonDockerizedDestination.kt,Devin,https://github.com/airbytehq/airbyte/pull/52570,True,generic_perf,False,True
2813742901,airbyte-cdk/bulk/core/load/src/testFixtures/kotlin/io/airbyte/cdk/load/write/BasicFunctionalityIntegrationTest.kt,Devin,https://github.com/airbytehq/airbyte/pull/52570,True,generic_perf,False,True
2813742901,airbyte-cdk/bulk/core/load/src/testFixtures/resources/application-test.yaml,Devin,https://github.com/airbytehq/airbyte/pull/52570,True,generic_perf,False,True
2813742901,airbyte-cdk/bulk/core/load/src/testFixtures/resources/application.yaml,Devin,https://github.com/airbytehq/airbyte/pull/52570,True,generic_perf,False,True
2813742901,airbyte-cdk/bulk/toolkits/load-aws/src/main/kotlin/io/airbyte/cdk/load/command/aws/AwsAssumeRoleCredentials.kt,Devin,https://github.com/airbytehq/airbyte/pull/52570,True,generic_perf,False,True
2813742901,airbyte-cdk/bulk/toolkits/load-aws/src/main/kotlin/io/airbyte/cdk/load/command/aws/AwsEnvVarConstants.kt,Devin,https://github.com/airbytehq/airbyte/pull/52570,True,generic_perf,False,True
2813742901,airbyte-cdk/bulk/toolkits/load-aws/src/main/kotlin/io/airbyte/cdk/load/command/aws/AwsToolkitConstants.kt,Devin,https://github.com/airbytehq/airbyte/pull/52570,True,generic_perf,False,True
2813742901,airbyte-cdk/bulk/toolkits/load-aws/src/main/resources/application-aws.yaml,Devin,https://github.com/airbytehq/airbyte/pull/52570,True,generic_perf,False,True
2813742901,airbyte-cdk/bulk/toolkits/load-aws/src/testFixtures/kotlin/io/airbyte/cdk/load/command/aws/AwsAssumeRoleCredentialsTestUtil.kt,Devin,https://github.com/airbytehq/airbyte/pull/52570,True,generic_perf,False,True
2813742901,airbyte-cdk/bulk/toolkits/load-iceberg-parquet/src/main/kotlin/io/airbyte/cdk/load/command/iceberg/parquet/IcebergCatalogSpecifications.kt,Devin,https://github.com/airbytehq/airbyte/pull/52570,True,generic_perf,False,True
2813742901,airbyte-cdk/bulk/toolkits/load-object-storage/src/main/kotlin/io/airbyte/cdk/load/state/object_storage/ObjectStorageDestinationStateManager.kt,Devin,https://github.com/airbytehq/airbyte/pull/52570,True,generic_perf,False,True
2813742901,airbyte-cdk/bulk/toolkits/load-object-storage/src/main/kotlin/io/airbyte/cdk/load/write/object_storage/ObjectStorageStreamLoaderFactory.kt,Devin,https://github.com/airbytehq/airbyte/pull/52570,True,generic_perf,False,True
2813742901,airbyte-cdk/bulk/toolkits/load-object-storage/src/main/kotlin/io/airbyte/cdk/load/write/object_storage/RecordToPartAccumulator.kt,Devin,https://github.com/airbytehq/airbyte/pull/52570,True,generic_perf,False,True
2813742901,airbyte-cdk/bulk/toolkits/load-object-storage/src/test/kotlin/io/airbyte/cdk/load/state/object_storage/ObjectStorageDestinationStateTest.kt,Devin,https://github.com/airbytehq/airbyte/pull/52570,True,generic_perf,False,True
2813742901,airbyte-cdk/bulk/toolkits/load-object-storage/src/test/kotlin/io/airbyte/cdk/load/state/object_storage/ObjectStorageDestinationStateUTest.kt,Devin,https://github.com/airbytehq/airbyte/pull/52570,True,generic_perf,False,True
2813742901,airbyte-cdk/bulk/toolkits/load-object-storage/src/test/kotlin/io/airbyte/cdk/load/write/object_storage/RecordToPartAccumulatorTest.kt,Devin,https://github.com/airbytehq/airbyte/pull/52570,True,generic_perf,False,True
2813742901,airbyte-cdk/bulk/toolkits/load-s3/src/main/kotlin/io/airbyte/cdk/load/file/s3/S3Client.kt,Devin,https://github.com/airbytehq/airbyte/pull/52570,True,generic_perf,False,True
2814227883,airbyte-cdk/bulk/toolkits/load-iceberg-parquet/src/main/kotlin/io/airbyte/cdk/load/command/iceberg/parquet/IcebergCatalogSpecifications.kt,Devin,https://github.com/airbytehq/airbyte/pull/52583,True,generic_perf,False,True
3057846956,contract_manager/scripts/load_test_entropy.ts,Devin,https://github.com/pyth-network/pyth-crosschain/pull/2676,True,generic_perf,False,True
2899347249,contract_manager/scripts/load_test_entropy.ts,Devin,https://github.com/pyth-network/pyth-crosschain/pull/2447,True,generic_perf,False,True
3174718645,frontend/internal-packages/schema-bench/benchmark-workspace-default/execution/input/case-001.json,Devin,https://github.com/liam-hq/liam/pull/2204,True,generic_perf,False,True
3174718645,frontend/internal-packages/schema-bench/benchmark-workspace-default/execution/reference/case-001.json,Devin,https://github.com/liam-hq/liam/pull/2204,True,generic_perf,False,True
3075368863,dockers/tools/benchmark/job/Dockerfile,Devin,https://github.com/vdaas/vald/pull/2978,True,generic_perf,False,True
3075368863,dockers/tools/benchmark/operator/Dockerfile,Devin,https://github.com/vdaas/vald/pull/2978,True,generic_perf,False,True
3075368863,dockers/tools/benchmark/job/Dockerfile,Devin,https://github.com/vdaas/vald/pull/2978,True,generic_perf,False,True
3075368863,dockers/tools/benchmark/operator/Dockerfile,Devin,https://github.com/vdaas/vald/pull/2978,True,generic_perf,False,True
3075368863,internal/observability/metrics/tools/benchmark/benchmark.go,Devin,https://github.com/vdaas/vald/pull/2978,True,generic_perf,False,True
3070390119,apps/web/modules/ui/components/load-segment-modal/index.tsx,Devin,https://github.com/formbricks/formbricks/pull/5830,True,generic_perf,False,True
2864468865,airbyte-cdk/bulk/core/load/src/main/kotlin/io/airbyte/cdk/load/state/CheckpointManager.kt,Devin,https://github.com/airbytehq/airbyte/pull/54164,True,generic_perf,False,True
2864468865,airbyte-cdk/bulk/core/load/src/test/kotlin/io/airbyte/cdk/load/state/CheckpointManagerTest.kt,Devin,https://github.com/airbytehq/airbyte/pull/54164,True,generic_perf,False,True
2864468865,airbyte-cdk/bulk/core/load/src/test/kotlin/io/airbyte/cdk/load/state/CheckpointManagerUTest.kt,Devin,https://github.com/airbytehq/airbyte/pull/54164,True,generic_perf,False,True
2864468865,airbyte-cdk/bulk/core/load/src/test/kotlin/io/airbyte/cdk/load/state/MockCheckpointManager.kt,Devin,https://github.com/airbytehq/airbyte/pull/54164,True,generic_perf,False,True
2864468865,airbyte-cdk/bulk/core/load/src/test/kotlin/io/airbyte/cdk/load/state/StreamManagerTest.kt,Devin,https://github.com/airbytehq/airbyte/pull/54164,True,generic_perf,False,True
2864468865,airbyte-cdk/bulk/core/load/src/testFixtures/kotlin/io/airbyte/cdk/load/write/BasicFunctionalityIntegrationTest.kt,Devin,https://github.com/airbytehq/airbyte/pull/54164,True,generic_perf,False,True
2864468865,airbyte-cdk/bulk/toolkits/load-iceberg-parquet/src/main/kotlin/io/airbyte/cdk/load/command/iceberg/parquet/IcebergCatalogConfiguration.kt,Devin,https://github.com/airbytehq/airbyte/pull/54164,True,generic_perf,False,True
2864468865,airbyte-cdk/bulk/toolkits/load-iceberg-parquet/src/main/kotlin/io/airbyte/cdk/load/command/iceberg/parquet/IcebergCatalogSpecifications.kt,Devin,https://github.com/airbytehq/airbyte/pull/54164,True,generic_perf,False,True
3235225544,packages/lib/date-ranges-subtract-benchmark.ts,Devin,https://github.com/calcom/cal.com/pull/22548,True,generic_perf,False,True
3235225544,packages/lib/run-subtract-benchmark.ts,Devin,https://github.com/calcom/cal.com/pull/22548,True,generic_perf,False,True
2902796110,python/swe/tests/test_benchmark.py,Devin,https://github.com/ComposioHQ/composio/pull/1404,True,generic_perf,False,True
3228237583,content/docs/guides/benchmarking-latency.md,Devin,https://github.com/neondatabase/website/pull/3657,True,generic_perf,False,True
3228237583,public/llms/guides-benchmarking-latency.txt,Devin,https://github.com/neondatabase/website/pull/3657,True,generic_perf,False,True
2902941522,python/swe/tests/test_benchmark.py,Devin,https://github.com/ComposioHQ/composio/pull/1408,True,generic_perf,False,True
2804526147,packages/backend/src/scheduler/SchedulerTask.ts,Devin,https://github.com/lightdash/lightdash/pull/13376,False,k6_content_only,True,True
2804526147,packages/backend/src/database/entities/scheduler.ts,Devin,https://github.com/lightdash/lightdash/pull/13376,False,k6_content_only,True,True
2804526147,packages/backend/src/scheduler/SchedulerTask.ts,Devin,https://github.com/lightdash/lightdash/pull/13376,False,k6_content_only,True,True
2869820528,apps/studio/src/routes/projects/ProjectsTab/Create/Load/Warning.tsx,Devin,https://github.com/onlook-dev/onlook/pull/1450,True,generic_perf,False,True
3006445782,benchmark_after.txt,Devin,https://github.com/saturday06/VRM-Addon-for-Blender/pull/795,True,generic_perf,False,True
3006445782,benchmark_before.txt,Devin,https://github.com/saturday06/VRM-Addon-for-Blender/pull/795,True,generic_perf,False,True
3229339781,module/mempool/stdmap/backDataHeapBenchmark_test.go,Devin,https://github.com/onflow/flow-go/pull/7584,True,generic_perf,False,True
3229339781,module/mempool/stdmap/backDataHeapBenchmark_test.go,Devin,https://github.com/onflow/flow-go/pull/7584,True,generic_perf,False,True
3155142734,benchmarks/guest/keccak256/Cargo.toml,Devin,https://github.com/openvm-org/openvm/pull/1753,True,generic_perf,False,True
3155142734,benchmarks/guest/keccak256/src/main.rs,Devin,https://github.com/openvm-org/openvm/pull/1753,True,generic_perf,False,True
3155142734,benchmarks/guest/keccak256_iter/Cargo.toml,Devin,https://github.com/openvm-org/openvm/pull/1753,True,generic_perf,False,True
3155142734,benchmarks/guest/keccak256_iter/src/main.rs,Devin,https://github.com/openvm-org/openvm/pull/1753,True,generic_perf,False,True
3155142734,benchmarks/guest/sha256/Cargo.toml,Devin,https://github.com/openvm-org/openvm/pull/1753,True,generic_perf,False,True
3155142734,benchmarks/guest/sha256/src/main.rs,Devin,https://github.com/openvm-org/openvm/pull/1753,True,generic_perf,False,True
3155142734,benchmarks/guest/sha256_iter/Cargo.toml,Devin,https://github.com/openvm-org/openvm/pull/1753,True,generic_perf,False,True
3155142734,benchmarks/guest/sha256_iter/src/main.rs,Devin,https://github.com/openvm-org/openvm/pull/1753,True,generic_perf,False,True
3155142734,benchmarks/guest/kitchen-sink/openvm.toml,Devin,https://github.com/openvm-org/openvm/pull/1753,True,generic_perf,False,True
3155142734,benchmarks/guest/pairing/openvm.toml,Devin,https://github.com/openvm-org/openvm/pull/1753,True,generic_perf,False,True
3174455906,frontend/internal-packages/schema-bench/benchmark-workspace-default/execution/input/case-001.json,Devin,https://github.com/liam-hq/liam/pull/2200,True,generic_perf,False,True
3174455906,frontend/internal-packages/schema-bench/benchmark-workspace-default/execution/reference/case-001.json,Devin,https://github.com/liam-hq/liam/pull/2200,True,generic_perf,False,True
3174455906,frontend/internal-packages/schema-bench/src/workspace/benchmark.ts,Devin,https://github.com/liam-hq/liam/pull/2200,True,generic_perf,False,True
3174455906,frontend/internal-packages/schema-bench/src/workspace/benchmark.ts,Devin,https://github.com/liam-hq/liam/pull/2200,True,generic_perf,False,True
3174455906,frontend/internal-packages/schema-bench/benchmark-workspace-default/execution/input/case-001.json,Devin,https://github.com/liam-hq/liam/pull/2200,True,generic_perf,False,True
3049349544,.github/workflows/performance-tests.yml,Devin,https://github.com/calcom/cal.com/pull/21194,True,generic_perf,False,True
3049349544,performance-tests/README.md,Devin,https://github.com/calcom/cal.com/pull/21194,True,generic_perf,False,True
3049349544,performance-tests/lib/auth.js,Devin,https://github.com/calcom/cal.com/pull/21194,True,generic_perf,False,True
3049349544,performance-tests/lib/data-generators.js,Devin,https://github.com/calcom/cal.com/pull/21194,True,generic_perf,False,True
3049349544,performance-tests/lib/thresholds.js,Devin,https://github.com/calcom/cal.com/pull/21194,True,generic_perf,False,True
3049349544,performance-tests/scripts/api-endpoints.js,Devin,https://github.com/calcom/cal.com/pull/21194,True,generic_perf,False,True
3049349544,performance-tests/scripts/booking-flow.js,Devin,https://github.com/calcom/cal.com/pull/21194,True,generic_perf,False,True
3049349544,performance-tests/scripts/calendar-operations.js,Devin,https://github.com/calcom/cal.com/pull/21194,True,generic_perf,False,True
3049349544,performance-tests/scripts/main.js,Devin,https://github.com/calcom/cal.com/pull/21194,True,generic_perf,False,True
3128227844,testzeus-hercules-mintlify/examples/performance-testing.mdx,Devin,https://github.com/test-zeus-ai/testzeus-hercules/pull/60,True,generic_perf,False,True
2990116296,benches/codec_benchmark.rs,Devin,https://github.com/cberner/raptorq/pull/191,True,generic_perf,False,True
2990116296,benches/decode_benchmark.rs,Devin,https://github.com/cberner/raptorq/pull/191,True,generic_perf,False,True
2771670852,tests/benchmarks/2025-01-06-gpt-4o-mini-2024-07-18-instructor-results.md,Devin,https://github.com/vlm-run/vlmrun-hub/pull/56,True,generic_perf,False,True
2784931990,apps/studio/src/routes/projects/ProjectsTab/Create/Load/SetUrl.tsx,Devin,https://github.com/onlook-dev/onlook/pull/1039,True,generic_perf,False,True
2784931990,apps/studio/src/routes/projects/ProjectsTab/Create/Load/Setup.tsx,Devin,https://github.com/onlook-dev/onlook/pull/1039,True,generic_perf,False,True
2861780617,wolfcrypt/benchmark/benchmark.c,Devin,https://github.com/wolfSSL/wolfssl/pull/8469,True,generic_perf,False,True
3065966214,cmd/tools/benchmark/job/doc.go,Devin,https://github.com/vdaas/vald/pull/2967,True,generic_perf,False,True
3065966214,cmd/tools/benchmark/job/main.go,Devin,https://github.com/vdaas/vald/pull/2967,True,generic_perf,False,True
3065966214,cmd/tools/benchmark/operator/doc.go,Devin,https://github.com/vdaas/vald/pull/2967,True,generic_perf,False,True
3065966214,cmd/tools/benchmark/operator/main.go,Devin,https://github.com/vdaas/vald/pull/2967,True,generic_perf,False,True
3065966214,cmd/tools/cli/benchmark/core/doc.go,Devin,https://github.com/vdaas/vald/pull/2967,True,generic_perf,False,True
3065966214,internal/config/benchmark.go,Devin,https://github.com/vdaas/vald/pull/2967,True,generic_perf,False,True
3065966214,internal/errors/benchmark.go,Devin,https://github.com/vdaas/vald/pull/2967,True,generic_perf,False,True
3065966214,internal/k8s/vald/benchmark/api/v1/doc.go,Devin,https://github.com/vdaas/vald/pull/2967,True,generic_perf,False,True
3057698280,contract_manager/scripts/load_test_entropy.ts,Devin,https://github.com/pyth-network/pyth-crosschain/pull/2674,True,generic_perf,False,True
3073287034,test_runner/performance/test_perf_pgbench.py,Devin,https://github.com/neondatabase/neon/pull/11967,True,generic_perf,False,True
3272653934,.claude/commands/benchmark-execute.md,Devin,https://github.com/liam-hq/liam/pull/2752,True,generic_perf,False,True
3140239245,benchmarks/prove/Cargo.toml,Devin,https://github.com/openvm-org/openvm/pull/1731,True,generic_perf,False,True
3140239245,.github/workflows/benchmarks.yml,Devin,https://github.com/openvm-org/openvm/pull/1731,True,generic_perf,False,True
3140239245,benchmarks/guest/kitchen-sink/Cargo.toml,Devin,https://github.com/openvm-org/openvm/pull/1731,True,generic_perf,False,True
3140239245,benchmarks/guest/kitchen-sink/src/main.rs,Devin,https://github.com/openvm-org/openvm/pull/1731,True,generic_perf,False,True
2932913133,IDE/Espressif/ESP-IDF/examples/wolfssl_benchmark/components/wolfssl/component.mk,Devin,https://github.com/wolfSSL/wolfssl/pull/8571,True,generic_perf,False,True
2932913133,wolfcrypt/benchmark/benchmark.c,Devin,https://github.com/wolfSSL/wolfssl/pull/8571,True,generic_perf,False,True
2864511051,airbyte-cdk/bulk/core/load/src/testFixtures/kotlin/io/airbyte/cdk/load/write/BasicFunctionalityIntegrationTest.kt,Devin,https://github.com/airbytehq/airbyte/pull/54165,True,generic_perf,False,True
2864511051,airbyte-cdk/bulk/toolkits/load-iceberg-parquet/src/main/kotlin/io/airbyte/cdk/load/command/iceberg/parquet/IcebergCatalogConfiguration.kt,Devin,https://github.com/airbytehq/airbyte/pull/54165,True,generic_perf,False,True
2864511051,airbyte-cdk/bulk/toolkits/load-iceberg-parquet/src/main/kotlin/io/airbyte/cdk/load/command/iceberg/parquet/IcebergCatalogSpecifications.kt,Devin,https://github.com/airbytehq/airbyte/pull/54165,True,generic_perf,False,True
3065250403,cmd/tools/benchmark/job/doc.go,Devin,https://github.com/vdaas/vald/pull/2966,True,generic_perf,False,True
3065250403,cmd/tools/benchmark/operator/doc.go,Devin,https://github.com/vdaas/vald/pull/2966,True,generic_perf,False,True
3065250403,cmd/tools/cli/benchmark/core/doc.go,Devin,https://github.com/vdaas/vald/pull/2966,True,generic_perf,False,True
3065250403,cmd/tools/cli/benchmark/core/main.go,Devin,https://github.com/vdaas/vald/pull/2966,True,generic_perf,False,True
3065250403,hack/benchmark/assets/x1b/doc.go,Devin,https://github.com/vdaas/vald/pull/2966,True,generic_perf,False,True
3065250403,hack/benchmark/core/benchmark/benchmark.go,Devin,https://github.com/vdaas/vald/pull/2966,True,generic_perf,False,True
3065250403,hack/benchmark/core/benchmark/doc.go,Devin,https://github.com/vdaas/vald/pull/2966,True,generic_perf,False,True
3065250403,hack/benchmark/core/benchmark/strategy/bulk_insert.go,Devin,https://github.com/vdaas/vald/pull/2966,True,generic_perf,False,True
3065250403,hack/benchmark/core/benchmark/strategy/doc.go,Devin,https://github.com/vdaas/vald/pull/2966,True,generic_perf,False,True
3065250403,hack/benchmark/core/ngt/doc.go,Devin,https://github.com/vdaas/vald/pull/2966,True,generic_perf,False,True
3065250403,hack/benchmark/e2e/agent/core/ngt/doc.go,Devin,https://github.com/vdaas/vald/pull/2966,True,generic_perf,False,True
3065250403,hack/benchmark/internal/assets/doc.go,Devin,https://github.com/vdaas/vald/pull/2966,True,generic_perf,False,True
3065250403,hack/benchmark/internal/core/algorithm/algorithm.go,Devin,https://github.com/vdaas/vald/pull/2966,True,generic_perf,False,True
3065250403,hack/benchmark/internal/core/algorithm/doc.go,Devin,https://github.com/vdaas/vald/pull/2966,True,generic_perf,False,True
3065250403,hack/benchmark/internal/core/algorithm/ngt/doc.go,Devin,https://github.com/vdaas/vald/pull/2966,True,generic_perf,False,True
3065250403,hack/benchmark/internal/core/algorithm/ngt/ngt.go,Devin,https://github.com/vdaas/vald/pull/2966,True,generic_perf,False,True
3065250403,hack/benchmark/internal/db/nosql/cassandra/doc.go,Devin,https://github.com/vdaas/vald/pull/2966,True,generic_perf,False,True
3065250403,hack/benchmark/internal/operation/doc.go,Devin,https://github.com/vdaas/vald/pull/2966,True,generic_perf,False,True
3065250403,hack/benchmark/internal/starter/agent/core/ngt/doc.go,Devin,https://github.com/vdaas/vald/pull/2966,True,generic_perf,False,True
3065250403,hack/benchmark/internal/starter/agent/core/ngt/ngt.go,Devin,https://github.com/vdaas/vald/pull/2966,True,generic_perf,False,True
3065250403,hack/benchmark/internal/starter/doc.go,Devin,https://github.com/vdaas/vald/pull/2966,True,generic_perf,False,True
3065250403,hack/benchmark/internal/starter/gateway/vald/doc.go,Devin,https://github.com/vdaas/vald/pull/2966,True,generic_perf,False,True
3065250403,hack/benchmark/internal/starter/gateway/vald/option.go,Devin,https://github.com/vdaas/vald/pull/2966,True,generic_perf,False,True
3065250403,hack/benchmark/internal/starter/starter.go,Devin,https://github.com/vdaas/vald/pull/2966,True,generic_perf,False,True
3065250403,hack/benchmark/metrics/doc.go,Devin,https://github.com/vdaas/vald/pull/2966,True,generic_perf,False,True
3065250403,hack/benchmark/src/singleflight/doc.go,Devin,https://github.com/vdaas/vald/pull/2966,True,generic_perf,False,True
3065250403,internal/errors/benchmark.go,Devin,https://github.com/vdaas/vald/pull/2966,True,generic_perf,False,True
3065250403,internal/k8s/vald/benchmark/api/v1/doc.go,Devin,https://github.com/vdaas/vald/pull/2966,True,generic_perf,False,True
3072351994,cmd/tools/benchmark/job/doc.go,Devin,https://github.com/vdaas/vald/pull/2974,True,generic_perf,False,True
3072351994,cmd/tools/benchmark/operator/doc.go,Devin,https://github.com/vdaas/vald/pull/2974,True,generic_perf,False,True
3072351994,cmd/tools/cli/benchmark/core/doc.go,Devin,https://github.com/vdaas/vald/pull/2974,True,generic_perf,False,True
3072351994,hack/benchmark/assets/x1b/doc.go,Devin,https://github.com/vdaas/vald/pull/2974,True,generic_perf,False,True
3072351994,hack/benchmark/core/benchmark/doc.go,Devin,https://github.com/vdaas/vald/pull/2974,True,generic_perf,False,True
3072351994,hack/benchmark/core/benchmark/strategy/doc.go,Devin,https://github.com/vdaas/vald/pull/2974,True,generic_perf,False,True
3072351994,hack/benchmark/core/ngt/doc.go,Devin,https://github.com/vdaas/vald/pull/2974,True,generic_perf,False,True
3072351994,hack/benchmark/e2e/agent/core/ngt/doc.go,Devin,https://github.com/vdaas/vald/pull/2974,True,generic_perf,False,True
3072351994,hack/benchmark/internal/assets/doc.go,Devin,https://github.com/vdaas/vald/pull/2974,True,generic_perf,False,True
3072351994,hack/benchmark/internal/core/algorithm/doc.go,Devin,https://github.com/vdaas/vald/pull/2974,True,generic_perf,False,True
3072351994,hack/benchmark/internal/core/algorithm/ngt/doc.go,Devin,https://github.com/vdaas/vald/pull/2974,True,generic_perf,False,True
3072351994,hack/benchmark/internal/db/nosql/cassandra/doc.go,Devin,https://github.com/vdaas/vald/pull/2974,True,generic_perf,False,True
3072351994,hack/benchmark/internal/operation/doc.go,Devin,https://github.com/vdaas/vald/pull/2974,True,generic_perf,False,True
3072351994,hack/benchmark/internal/starter/agent/core/ngt/doc.go,Devin,https://github.com/vdaas/vald/pull/2974,True,generic_perf,False,True
3072351994,hack/benchmark/internal/starter/doc.go,Devin,https://github.com/vdaas/vald/pull/2974,True,generic_perf,False,True
3072351994,hack/benchmark/internal/starter/gateway/vald/doc.go,Devin,https://github.com/vdaas/vald/pull/2974,True,generic_perf,False,True
3072351994,hack/benchmark/metrics/doc.go,Devin,https://github.com/vdaas/vald/pull/2974,True,generic_perf,False,True
3072351994,hack/benchmark/src/singleflight/doc.go,Devin,https://github.com/vdaas/vald/pull/2974,True,generic_perf,False,True
3072351994,internal/k8s/vald/benchmark/api/v1/doc.go,Devin,https://github.com/vdaas/vald/pull/2974,True,generic_perf,False,True
3072351994,internal/observability/metrics/tools/benchmark/doc.go,Devin,https://github.com/vdaas/vald/pull/2974,True,generic_perf,False,True
3072351994,pkg/tools/benchmark/job/handler/grpc/doc.go,Devin,https://github.com/vdaas/vald/pull/2974,True,generic_perf,False,True
3072351994,pkg/tools/benchmark/job/handler/rest/doc.go,Devin,https://github.com/vdaas/vald/pull/2974,True,generic_perf,False,True
3072351994,pkg/tools/benchmark/job/usecase/doc.go,Devin,https://github.com/vdaas/vald/pull/2974,True,generic_perf,False,True
3072351994,pkg/tools/benchmark/operator/handler/grpc/doc.go,Devin,https://github.com/vdaas/vald/pull/2974,True,generic_perf,False,True
3072351994,pkg/tools/benchmark/operator/handler/rest/doc.go,Devin,https://github.com/vdaas/vald/pull/2974,True,generic_perf,False,True
3072351994,pkg/tools/benchmark/operator/usecase/doc.go,Devin,https://github.com/vdaas/vald/pull/2974,True,generic_perf,False,True
2860598080,packages/kit/src/views/Home/pages/TokenListContainerPerfTest.tsx,Devin,https://github.com/OneKeyHQ/app-monorepo/pull/6701,True,generic_perf,False,True
3023248867,test/k6/evm-tip-of-chain.js,Devin,https://github.com/erpc/erpc/pull/246,True,k6,False,True
3272241353,.claude/commands/benchmark-execute.md,Devin,https://github.com/liam-hq/liam/pull/2749,True,generic_perf,False,True
3135502954,airbyte-cdk/bulk/core/load/build.gradle,Devin,https://github.com/airbytehq/airbyte/pull/61521,True,generic_perf,False,True
3135502954,airbyte-cdk/bulk/core/load/src/main/kotlin/io/airbyte/cdk/load/command/DestinationStream.kt,Devin,https://github.com/airbytehq/airbyte/pull/61521,True,generic_perf,False,True
3135502954,airbyte-cdk/bulk/core/load/src/main/kotlin/io/airbyte/cdk/load/data/DestinationRecordToAirbyteValueWithMeta.kt,Devin,https://github.com/airbytehq/airbyte/pull/61521,True,generic_perf,False,True
3135502954,airbyte-cdk/bulk/core/load/src/main/kotlin/io/airbyte/cdk/load/message/DestinationMessage.kt,Devin,https://github.com/airbytehq/airbyte/pull/61521,True,generic_perf,False,True
3135502954,airbyte-cdk/bulk/core/load/src/main/kotlin/io/airbyte/cdk/load/message/DestinationMessageFactory.kt,Devin,https://github.com/airbytehq/airbyte/pull/61521,True,generic_perf,False,True
3135502954,airbyte-cdk/bulk/core/load/src/main/kotlin/io/airbyte/cdk/load/message/DestinationRecordRaw.kt,Devin,https://github.com/airbytehq/airbyte/pull/61521,True,generic_perf,False,True
3135502954,airbyte-cdk/bulk/core/load/src/main/kotlin/io/airbyte/cdk/load/state/PipelineEventBookkeepingRouter.kt,Devin,https://github.com/airbytehq/airbyte/pull/61521,True,generic_perf,False,True
3135502954,airbyte-cdk/bulk/core/load/src/main/kotlin/io/airbyte/cdk/load/task/internal/ReservingDeserializingInputFlow.kt,Devin,https://github.com/airbytehq/airbyte/pull/61521,True,generic_perf,False,True
3135502954,airbyte-cdk/bulk/core/load/src/main/kotlin/io/airbyte/cdk/load/util/UUIDGenerator.kt,Devin,https://github.com/airbytehq/airbyte/pull/61521,True,generic_perf,False,True
3135502954,airbyte-cdk/bulk/core/load/src/test/kotlin/io/airbyte/cdk/load/command/DestinationStreamUTest.kt,Devin,https://github.com/airbytehq/airbyte/pull/61521,True,generic_perf,False,True
3135502954,airbyte-cdk/bulk/core/load/src/test/kotlin/io/airbyte/cdk/load/data/DestinationRecordAirbyteValueToAirbyteValueWithMetaTest.kt,Devin,https://github.com/airbytehq/airbyte/pull/61521,True,generic_perf,False,True
3135502954,airbyte-cdk/bulk/core/load/src/test/kotlin/io/airbyte/cdk/load/data/EnrichedDestinationRecordAirbyteValueTest.kt,Devin,https://github.com/airbytehq/airbyte/pull/61521,True,generic_perf,False,True
3135502954,airbyte-cdk/bulk/core/load/src/test/kotlin/io/airbyte/cdk/load/message/DestinationMessageTest.kt,Devin,https://github.com/airbytehq/airbyte/pull/61521,True,generic_perf,False,True
3135502954,airbyte-cdk/bulk/core/load/src/test/kotlin/io/airbyte/cdk/load/message/DestinationRecordRawTest.kt,Devin,https://github.com/airbytehq/airbyte/pull/61521,True,generic_perf,False,True
3135502954,airbyte-cdk/bulk/core/load/src/test/kotlin/io/airbyte/cdk/load/message/PipelineEventBookkeepingRouterTest.kt,Devin,https://github.com/airbytehq/airbyte/pull/61521,True,generic_perf,False,True
3135502954,airbyte-cdk/bulk/core/load/src/test/kotlin/io/airbyte/cdk/load/task/internal/InputConsumerTaskUTest.kt,Devin,https://github.com/airbytehq/airbyte/pull/61521,True,generic_perf,False,True
3135502954,airbyte-cdk/bulk/core/load/src/test/kotlin/io/airbyte/cdk/load/task/internal/LoadPipelineStepTaskUTest.kt,Devin,https://github.com/airbytehq/airbyte/pull/61521,True,generic_perf,False,True
3135502954,airbyte-cdk/bulk/core/load/src/test/kotlin/io/airbyte/cdk/load/test/util/StubDestinationMessageFactory.kt,Devin,https://github.com/airbytehq/airbyte/pull/61521,True,generic_perf,False,True
3135502954,airbyte-cdk/bulk/core/load/src/test/kotlin/io/airbyte/cdk/load/util/UUIDGeneratorTest.kt,Devin,https://github.com/airbytehq/airbyte/pull/61521,True,generic_perf,False,True
3135502954,airbyte-cdk/bulk/core/load/src/testFixtures/kotlin/io/airbyte/cdk/load/test/util/IntegrationTest.kt,Devin,https://github.com/airbytehq/airbyte/pull/61521,True,generic_perf,False,True
3135502954,airbyte-cdk/bulk/core/load/src/testFixtures/kotlin/io/airbyte/cdk/load/test/util/destination_process/NonDockerizedDestination.kt,Devin,https://github.com/airbytehq/airbyte/pull/61521,True,generic_perf,False,True
3135502954,airbyte-cdk/bulk/core/load/src/testFixtures/kotlin/io/airbyte/cdk/load/write/BasicFunctionalityIntegrationTest.kt,Devin,https://github.com/airbytehq/airbyte/pull/61521,True,generic_perf,False,True
3135502954,airbyte-cdk/bulk/toolkits/load-csv/src/main/kotlin/io/airbyte/cdk/load/file/csv/CSVWriter.kt,Devin,https://github.com/airbytehq/airbyte/pull/61521,True,generic_perf,False,True
3135502954,airbyte-cdk/bulk/toolkits/load-csv/src/main/kotlin/io/airbyte/cdk/load/file/csv/CsvDecoder.kt,Devin,https://github.com/airbytehq/airbyte/pull/61521,True,generic_perf,False,True
3135502954,airbyte-cdk/bulk/toolkits/load-csv/src/test/kotlin/io/airbyte/cdk/load/file/csv/CsvDecoderTest.kt,Devin,https://github.com/airbytehq/airbyte/pull/61521,True,generic_perf,False,True
3135502954,airbyte-cdk/bulk/toolkits/load-db/src/main/kotlin/io/airbyte/cdk/load/orchestration/db/DatabaseInitialStatusGatherer.kt,Devin,https://github.com/airbytehq/airbyte/pull/61521,True,generic_perf,False,True
3135502954,airbyte-cdk/bulk/toolkits/load-db/src/main/kotlin/io/airbyte/cdk/load/orchestration/db/DestinationNames.kt,Devin,https://github.com/airbytehq/airbyte/pull/61521,True,generic_perf,False,True
3135502954,airbyte-cdk/bulk/toolkits/load-db/src/main/kotlin/io/airbyte/cdk/load/orchestration/db/direct_load_table/DirectLoadTableStreamLoader.kt,Devin,https://github.com/airbytehq/airbyte/pull/61521,True,generic_perf,False,True
3135502954,airbyte-cdk/bulk/toolkits/load-db/src/main/kotlin/io/airbyte/cdk/load/orchestration/db/direct_load_table/DirectLoadTableWriter.kt,Devin,https://github.com/airbytehq/airbyte/pull/61521,True,generic_perf,False,True
3135502954,airbyte-cdk/bulk/toolkits/load-db/src/main/kotlin/io/airbyte/cdk/load/orchestration/db/direct_load_table/migrations/DirectLoadTableTempTableNameMigration.kt,Devin,https://github.com/airbytehq/airbyte/pull/61521,True,generic_perf,False,True
3135502954,airbyte-cdk/bulk/toolkits/load-db/src/main/kotlin/io/airbyte/cdk/load/orchestration/db/legacy_typing_deduping/TableCatalogFactory.kt,Devin,https://github.com/airbytehq/airbyte/pull/61521,True,generic_perf,False,True
3135502954,airbyte-cdk/bulk/toolkits/load-db/src/test/kotlin/io/airbyte/cdk/load/toolkits/load/db/orchestration/DefaultTempTableNameGeneratorTest.kt,Devin,https://github.com/airbytehq/airbyte/pull/61521,True,generic_perf,False,True
3135502954,airbyte-cdk/bulk/toolkits/load-db/src/test/kotlin/io/airbyte/cdk/load/toolkits/load/db/orchestration/TableCatalogFactoryTest.kt,Devin,https://github.com/airbytehq/airbyte/pull/61521,True,generic_perf,False,True
3135502954,airbyte-cdk/bulk/toolkits/load-http/build.gradle,Devin,https://github.com/airbytehq/airbyte/pull/61521,True,generic_perf,False,True
3135502954,airbyte-cdk/bulk/toolkits/load-http/src/main/kotlin/io/airbyte/cdk/load/http/HttpClient.kt,Devin,https://github.com/airbytehq/airbyte/pull/61521,True,generic_perf,False,True
3135502954,airbyte-cdk/bulk/toolkits/load-http/src/main/kotlin/io/airbyte/cdk/load/http/Request.kt,Devin,https://github.com/airbytehq/airbyte/pull/61521,True,generic_perf,False,True
3135502954,airbyte-cdk/bulk/toolkits/load-http/src/main/kotlin/io/airbyte/cdk/load/http/RequestMethod.kt,Devin,https://github.com/airbytehq/airbyte/pull/61521,True,generic_perf,False,True
3135502954,airbyte-cdk/bulk/toolkits/load-http/src/main/kotlin/io/airbyte/cdk/load/http/Response.kt,Devin,https://github.com/airbytehq/airbyte/pull/61521,True,generic_perf,False,True
3135502954,airbyte-cdk/bulk/toolkits/load-http/src/main/kotlin/io/airbyte/cdk/load/http/authentication/OAuthAuthenticator.kt,Devin,https://github.com/airbytehq/airbyte/pull/61521,True,generic_perf,False,True
3135502954,airbyte-cdk/bulk/toolkits/load-http/src/main/kotlin/io/airbyte/cdk/load/http/decoder/JsonDecoder.kt,Devin,https://github.com/airbytehq/airbyte/pull/61521,True,generic_perf,False,True
3135502954,airbyte-cdk/bulk/toolkits/load-http/src/main/kotlin/io/airbyte/cdk/load/http/okhttp/AirbyteOkHttpClient.kt,Devin,https://github.com/airbytehq/airbyte/pull/61521,True,generic_perf,False,True
3135502954,airbyte-cdk/bulk/toolkits/load-http/src/main/kotlin/io/airbyte/cdk/load/http/okhttp/OkHttpResponse.kt,Devin,https://github.com/airbytehq/airbyte/pull/61521,True,generic_perf,False,True
3135502954,airbyte-cdk/bulk/toolkits/load-http/src/test/kotlin/io/airbyte/cdk/load/http/authentication/OAuthAuthenticatorTest.kt,Devin,https://github.com/airbytehq/airbyte/pull/61521,True,generic_perf,False,True
3135502954,airbyte-cdk/bulk/toolkits/load-http/src/test/kotlin/io/airbyte/cdk/load/http/decoder/JsonDecoderTest.kt,Devin,https://github.com/airbytehq/airbyte/pull/61521,True,generic_perf,False,True
3135502954,airbyte-cdk/bulk/toolkits/load-object-storage/src/main/kotlin/io/airbyte/cdk/load/file/object_storage/ObjectStorageFormattingWriter.kt,Devin,https://github.com/airbytehq/airbyte/pull/61521,True,generic_perf,False,True
3135502954,airbyte-cdk/bulk/toolkits/load-object-storage/src/main/kotlin/io/airbyte/cdk/load/pipline/object_storage/file/FileChunkStep.kt,Devin,https://github.com/airbytehq/airbyte/pull/61521,True,generic_perf,False,True
3135502954,airbyte-cdk/bulk/toolkits/load-object-storage/src/main/kotlin/io/airbyte/cdk/load/pipline/object_storage/file/UploadIdGenerator.kt,Devin,https://github.com/airbytehq/airbyte/pull/61521,True,generic_perf,False,True
3135502954,airbyte-cdk/bulk/toolkits/load-object-storage/src/test/kotlin/io/airbyte/cdk/load/pipeline/object_storage/file/FileChunkTaskTest.kt,Devin,https://github.com/airbytehq/airbyte/pull/61521,True,generic_perf,False,True
3135502954,airbyte-cdk/bulk/toolkits/load-object-storage/src/test/kotlin/io/airbyte/cdk/load/pipeline/object_storage/file/ForwardFileRecordTaskTest.kt,Devin,https://github.com/airbytehq/airbyte/pull/61521,True,generic_perf,False,True
3135502954,airbyte-cdk/bulk/toolkits/load-object-storage/src/test/kotlin/io/airbyte/cdk/load/pipeline/object_storage/file/RouteEventTaskTest.kt,Devin,https://github.com/airbytehq/airbyte/pull/61521,True,generic_perf,False,True
3135502954,airbyte-cdk/bulk/toolkits/load-object-storage/src/test/kotlin/io/airbyte/cdk/load/write/object_storage/ObjectLoaderPartFormatterTest.kt,Devin,https://github.com/airbytehq/airbyte/pull/61521,True,generic_perf,False,True
3135502954,airbyte-cdk/bulk/toolkits/load-object-storage/src/test/kotlin/io/airbyte/cdk/load/write/object_storage/ObjectStorageFormattingWriterTest.kt,Devin,https://github.com/airbytehq/airbyte/pull/61521,True,generic_perf,False,True
3135502954,airbyte-cdk/bulk/toolkits/load-object-storage/src/testFixtures/kotlin/io/airbyte/cdk/load/MockObjectStorageClient.kt,Devin,https://github.com/airbytehq/airbyte/pull/61521,True,generic_perf,False,True
3067605533,cmd/tools/benchmark/job/doc.go,Devin,https://github.com/vdaas/vald/pull/2969,True,generic_perf,False,True
3067605533,cmd/tools/benchmark/job/main.go,Devin,https://github.com/vdaas/vald/pull/2969,True,generic_perf,False,True
3067605533,cmd/tools/benchmark/operator/doc.go,Devin,https://github.com/vdaas/vald/pull/2969,True,generic_perf,False,True
3067605533,cmd/tools/benchmark/operator/main.go,Devin,https://github.com/vdaas/vald/pull/2969,True,generic_perf,False,True
3067605533,cmd/tools/cli/benchmark/core/doc.go,Devin,https://github.com/vdaas/vald/pull/2969,True,generic_perf,False,True
3067605533,cmd/tools/cli/benchmark/core/main.go,Devin,https://github.com/vdaas/vald/pull/2969,True,generic_perf,False,True
3067605533,internal/config/benchmark.go,Devin,https://github.com/vdaas/vald/pull/2969,True,generic_perf,False,True
3067605533,internal/errors/benchmark.go,Devin,https://github.com/vdaas/vald/pull/2969,True,generic_perf,False,True
3067605533,internal/k8s/vald/benchmark/api/v1/doc.go,Devin,https://github.com/vdaas/vald/pull/2969,True,generic_perf,False,True
3067605533,hack/grafana/gen/src/benchmark.go,Devin,https://github.com/vdaas/vald/pull/2969,True,generic_perf,False,True
3067605533,internal/observability/metrics/tools/benchmark/benchmark.go,Devin,https://github.com/vdaas/vald/pull/2969,True,generic_perf,False,True
3067605533,k8s/metrics/grafana/dashboards/10-vald-benchmark-operator.yaml,Devin,https://github.com/vdaas/vald/pull/2969,True,generic_perf,False,True
3067605533,pkg/tools/benchmark/operator/config/config.go,Devin,https://github.com/vdaas/vald/pull/2969,True,generic_perf,False,True
3067605533,pkg/tools/benchmark/operator/usecase/benchmarkd.go,Devin,https://github.com/vdaas/vald/pull/2969,True,generic_perf,False,True
3067605533,internal/observability/metrics/tools/benchmark/benchmark.go,Devin,https://github.com/vdaas/vald/pull/2969,True,generic_perf,False,True
3067605533,pkg/tools/benchmark/operator/usecase/doc.go,Devin,https://github.com/vdaas/vald/pull/2969,True,generic_perf,False,True
3067605533,pkg/tools/benchmark/job/usecase/doc.go,Devin,https://github.com/vdaas/vald/pull/2969,True,generic_perf,False,True
3033886992,scripts/benchmarks/benchmark-results.md,Devin,https://github.com/calcom/cal.com/pull/21052,True,generic_perf,False,True
3033886992,scripts/benchmarks/performance-benchmark.js,Devin,https://github.com/calcom/cal.com/pull/21052,True,generic_perf,False,True
2971115573,benchmarks/synth-bm/Cargo.lock,Devin,https://github.com/near/nearcore/pull/13278,True,generic_perf,False,True
3210682652,integration/benchmark/load/load_type_test.go,Devin,https://github.com/onflow/flow-go/pull/7567,True,generic_perf,False,True
3210682652,engine/execution/computation/manager_benchmark_test.go,Devin,https://github.com/onflow/flow-go/pull/7567,True,generic_perf,False,True
2869803305,apps/studio/src/routes/projects/ProjectsTab/Create/Load/Warning.tsx,Devin,https://github.com/onlook-dev/onlook/pull/1449,True,generic_perf,False,True
2884473950,python/swe/tests/test_benchmark.py,Devin,https://github.com/ComposioHQ/composio/pull/1378,True,generic_perf,False,True
2884473950,python/swe/tests/test_benchmark.py,Devin,https://github.com/ComposioHQ/composio/pull/1378,True,generic_perf,False,True
2883341548,src/elements/common/async-load/AsyncError.tsx,Devin,https://github.com/box/box-ui-elements/pull/3986,True,generic_perf,False,True
2883341548,src/elements/common/async-load/AsyncLoad.tsx,Devin,https://github.com/box/box-ui-elements/pull/3986,True,generic_perf,False,True
2883341548,src/elements/common/async-load/index.ts,Devin,https://github.com/box/box-ui-elements/pull/3986,True,generic_perf,False,True
2920643163,benchmarks/transactions-generator/Cargo.toml,Devin,https://github.com/near/nearcore/pull/13135,True,generic_perf,False,True
3057663648,airbyte-cdk/bulk/core/load/src/integrationTest/kotlin/io/airbyte/cdk/load/mock_integration_test/MockBasicFunctionalityIntegrationTest.kt,Devin,https://github.com/airbytehq/airbyte/pull/60225,True,generic_perf,False,True
3057663648,airbyte-cdk/bulk/core/load/src/main/kotlin/io/airbyte/cdk/load/command/DestinationConfiguration.kt,Devin,https://github.com/airbytehq/airbyte/pull/60225,True,generic_perf,False,True
3057663648,airbyte-cdk/bulk/core/load/src/main/kotlin/io/airbyte/cdk/load/command/DestinationStream.kt,Devin,https://github.com/airbytehq/airbyte/pull/60225,True,generic_perf,False,True
3057663648,airbyte-cdk/bulk/core/load/src/main/kotlin/io/airbyte/cdk/load/config/DataChannelBeanFactory.kt,Devin,https://github.com/airbytehq/airbyte/pull/60225,True,generic_perf,False,True
3057663648,airbyte-cdk/bulk/core/load/src/main/kotlin/io/airbyte/cdk/load/config/DataChannelMedium.kt,Devin,https://github.com/airbytehq/airbyte/pull/60225,True,generic_perf,False,True
3057663648,airbyte-cdk/bulk/core/load/src/main/kotlin/io/airbyte/cdk/load/config/SyncBeanFactory.kt,Devin,https://github.com/airbytehq/airbyte/pull/60225,True,generic_perf,False,True
3057663648,airbyte-cdk/bulk/core/load/src/main/kotlin/io/airbyte/cdk/load/data/AirbyteType.kt,Devin,https://github.com/airbytehq/airbyte/pull/60225,True,generic_perf,False,True
3057663648,airbyte-cdk/bulk/core/load/src/main/kotlin/io/airbyte/cdk/load/data/DestinationRecordToAirbyteValueWithMeta.kt,Devin,https://github.com/airbytehq/airbyte/pull/60225,True,generic_perf,False,True
3057663648,airbyte-cdk/bulk/core/load/src/main/kotlin/io/airbyte/cdk/load/file/SpillFileProvider.kt,Devin,https://github.com/airbytehq/airbyte/pull/60225,True,generic_perf,False,True
3057663648,airbyte-cdk/bulk/core/load/src/main/kotlin/io/airbyte/cdk/load/message/Batch.kt,Devin,https://github.com/airbytehq/airbyte/pull/60225,True,generic_perf,False,True
3057663648,airbyte-cdk/bulk/core/load/src/main/kotlin/io/airbyte/cdk/load/message/DestinationMessage.kt,Devin,https://github.com/airbytehq/airbyte/pull/60225,True,generic_perf,False,True
3057663648,airbyte-cdk/bulk/core/load/src/main/kotlin/io/airbyte/cdk/load/message/DestinationMessageQueues.kt,Devin,https://github.com/airbytehq/airbyte/pull/60225,True,generic_perf,False,True
3057663648,airbyte-cdk/bulk/core/load/src/main/kotlin/io/airbyte/cdk/load/message/FileTransferQueueMessageLegacy.kt,Devin,https://github.com/airbytehq/airbyte/pull/60225,True,generic_perf,False,True
3057663648,airbyte-cdk/bulk/core/load/src/main/kotlin/io/airbyte/cdk/load/message/InputMessage.kt,Devin,https://github.com/airbytehq/airbyte/pull/60225,True,generic_perf,False,True
3057663648,airbyte-cdk/bulk/core/load/src/main/kotlin/io/airbyte/cdk/load/message/MessageQueue.kt,Devin,https://github.com/airbytehq/airbyte/pull/60225,True,generic_perf,False,True
3057663648,airbyte-cdk/bulk/core/load/src/main/kotlin/io/airbyte/cdk/load/message/PartitionedQueue.kt,Devin,https://github.com/airbytehq/airbyte/pull/60225,True,generic_perf,False,True
3057663648,airbyte-cdk/bulk/core/load/src/main/kotlin/io/airbyte/cdk/load/pipeline/DirectLoadPipelineStep.kt,Devin,https://github.com/airbytehq/airbyte/pull/60225,True,generic_perf,False,True
3057663648,airbyte-cdk/bulk/core/load/src/main/kotlin/io/airbyte/cdk/load/state/CheckpointManager.kt,Devin,https://github.com/airbytehq/airbyte/pull/60225,True,generic_perf,False,True
3057663648,airbyte-cdk/bulk/core/load/src/main/kotlin/io/airbyte/cdk/load/state/FlushStrategy.kt,Devin,https://github.com/airbytehq/airbyte/pull/60225,True,generic_perf,False,True
3057663648,airbyte-cdk/bulk/core/load/src/main/kotlin/io/airbyte/cdk/load/state/StreamManager.kt,Devin,https://github.com/airbytehq/airbyte/pull/60225,True,generic_perf,False,True
3057663648,airbyte-cdk/bulk/core/load/src/main/kotlin/io/airbyte/cdk/load/state/TimeWindowTrigger.kt,Devin,https://github.com/airbytehq/airbyte/pull/60225,True,generic_perf,False,True
3057663648,airbyte-cdk/bulk/core/load/src/main/kotlin/io/airbyte/cdk/load/task/DestinationTaskLauncher.kt,Devin,https://github.com/airbytehq/airbyte/pull/60225,True,generic_perf,False,True
3057663648,airbyte-cdk/bulk/core/load/src/main/kotlin/io/airbyte/cdk/load/task/implementor/CloseStreamTask.kt,Devin,https://github.com/airbytehq/airbyte/pull/60225,True,generic_perf,False,True
3057663648,airbyte-cdk/bulk/core/load/src/main/kotlin/io/airbyte/cdk/load/task/implementor/FailStreamTask.kt,Devin,https://github.com/airbytehq/airbyte/pull/60225,True,generic_perf,False,True
3057663648,airbyte-cdk/bulk/core/load/src/main/kotlin/io/airbyte/cdk/load/task/implementor/FailSyncTask.kt,Devin,https://github.com/airbytehq/airbyte/pull/60225,True,generic_perf,False,True
3057663648,airbyte-cdk/bulk/core/load/src/main/kotlin/io/airbyte/cdk/load/task/implementor/OpenStreamTask.kt,Devin,https://github.com/airbytehq/airbyte/pull/60225,True,generic_perf,False,True
3057663648,airbyte-cdk/bulk/core/load/src/main/kotlin/io/airbyte/cdk/load/task/implementor/ProcessBatchTask.kt,Devin,https://github.com/airbytehq/airbyte/pull/60225,True,generic_perf,False,True
3057663648,airbyte-cdk/bulk/core/load/src/main/kotlin/io/airbyte/cdk/load/task/implementor/ProcessFileTask.kt,Devin,https://github.com/airbytehq/airbyte/pull/60225,True,generic_perf,False,True
3057663648,airbyte-cdk/bulk/core/load/src/main/kotlin/io/airbyte/cdk/load/task/implementor/ProcessRecordsTask.kt,Devin,https://github.com/airbytehq/airbyte/pull/60225,True,generic_perf,False,True
3057663648,airbyte-cdk/bulk/core/load/src/main/kotlin/io/airbyte/cdk/load/task/implementor/SetupTask.kt,Devin,https://github.com/airbytehq/airbyte/pull/60225,True,generic_perf,False,True
3057663648,airbyte-cdk/bulk/core/load/src/main/kotlin/io/airbyte/cdk/load/task/implementor/TeardownTask.kt,Devin,https://github.com/airbytehq/airbyte/pull/60225,True,generic_perf,False,True
3057663648,airbyte-cdk/bulk/core/load/src/main/kotlin/io/airbyte/cdk/load/task/internal/FlushCheckpointsTask.kt,Devin,https://github.com/airbytehq/airbyte/pull/60225,True,generic_perf,False,True
3057663648,airbyte-cdk/bulk/core/load/src/main/kotlin/io/airbyte/cdk/load/task/internal/FlushTickTask.kt,Devin,https://github.com/airbytehq/airbyte/pull/60225,True,generic_perf,False,True
3057663648,airbyte-cdk/bulk/core/load/src/main/kotlin/io/airbyte/cdk/load/task/internal/HeartbeatTask.kt,Devin,https://github.com/airbytehq/airbyte/pull/60225,True,generic_perf,False,True
3057663648,airbyte-cdk/bulk/core/load/src/main/kotlin/io/airbyte/cdk/load/task/internal/InputConsumerTask.kt,Devin,https://github.com/airbytehq/airbyte/pull/60225,True,generic_perf,False,True
3057663648,airbyte-cdk/bulk/core/load/src/main/kotlin/io/airbyte/cdk/load/task/internal/LoadPipelineStepTask.kt,Devin,https://github.com/airbytehq/airbyte/pull/60225,True,generic_perf,False,True
3057663648,airbyte-cdk/bulk/core/load/src/main/kotlin/io/airbyte/cdk/load/task/internal/SpillToDiskTask.kt,Devin,https://github.com/airbytehq/airbyte/pull/60225,True,generic_perf,False,True
3057663648,airbyte-cdk/bulk/core/load/src/main/kotlin/io/airbyte/cdk/load/task/internal/UpdateBatchStateTaskFactory.kt,Devin,https://github.com/airbytehq/airbyte/pull/60225,True,generic_perf,False,True
3057663648,airbyte-cdk/bulk/core/load/src/main/kotlin/io/airbyte/cdk/load/task/internal/UpdateCheckpointsTask.kt,Devin,https://github.com/airbytehq/airbyte/pull/60225,True,generic_perf,False,True
3057663648,airbyte-cdk/bulk/core/load/src/main/kotlin/io/airbyte/cdk/load/util/CoroutineUtils.kt,Devin,https://github.com/airbytehq/airbyte/pull/60225,True,generic_perf,False,True
3057663648,airbyte-cdk/bulk/core/load/src/main/kotlin/io/airbyte/cdk/load/util/InputStreamUtil.kt,Devin,https://github.com/airbytehq/airbyte/pull/60225,True,generic_perf,False,True
3057663648,airbyte-cdk/bulk/core/load/src/main/kotlin/io/airbyte/cdk/load/util/RangeUtils.kt,Devin,https://github.com/airbytehq/airbyte/pull/60225,True,generic_perf,False,True
3057663648,airbyte-cdk/bulk/core/load/src/main/kotlin/io/airbyte/cdk/load/write/DirectLoader.kt,Devin,https://github.com/airbytehq/airbyte/pull/60225,True,generic_perf,False,True
3057663648,airbyte-cdk/bulk/core/load/src/main/kotlin/io/airbyte/cdk/load/write/StreamLoader.kt,Devin,https://github.com/airbytehq/airbyte/pull/60225,True,generic_perf,False,True
3057663648,airbyte-cdk/bulk/core/load/src/main/resources/application.yaml,Devin,https://github.com/airbytehq/airbyte/pull/60225,True,generic_perf,False,True
3057663648,airbyte-cdk/bulk/core/load/src/test/kotlin/io/airbyte/cdk/load/command/MockDestinationConfiguration.kt,Devin,https://github.com/airbytehq/airbyte/pull/60225,True,generic_perf,False,True
3057663648,airbyte-cdk/bulk/core/load/src/test/kotlin/io/airbyte/cdk/load/config/DataChannelBeanFactoryTest.kt,Devin,https://github.com/airbytehq/airbyte/pull/60225,True,generic_perf,False,True
3057663648,airbyte-cdk/bulk/core/load/src/test/kotlin/io/airbyte/cdk/load/config/SyncBeanFactoryTest.kt,Devin,https://github.com/airbytehq/airbyte/pull/60225,True,generic_perf,False,True
3057663648,airbyte-cdk/bulk/core/load/src/test/kotlin/io/airbyte/cdk/load/state/CheckpointManagerTest.kt,Devin,https://github.com/airbytehq/airbyte/pull/60225,True,generic_perf,False,True
3057663648,airbyte-cdk/bulk/core/load/src/test/kotlin/io/airbyte/cdk/load/state/CheckpointManagerUTest.kt,Devin,https://github.com/airbytehq/airbyte/pull/60225,True,generic_perf,False,True
3057663648,airbyte-cdk/bulk/core/load/src/test/kotlin/io/airbyte/cdk/load/state/DefaultFlushStrategyTest.kt,Devin,https://github.com/airbytehq/airbyte/pull/60225,True,generic_perf,False,True
3057663648,airbyte-cdk/bulk/core/load/src/test/kotlin/io/airbyte/cdk/load/state/StreamManagerTest.kt,Devin,https://github.com/airbytehq/airbyte/pull/60225,True,generic_perf,False,True
3057663648,airbyte-cdk/bulk/core/load/src/test/kotlin/io/airbyte/cdk/load/state/SyncManagerUtils.kt,Devin,https://github.com/airbytehq/airbyte/pull/60225,True,generic_perf,False,True
3057663648,airbyte-cdk/bulk/core/load/src/test/kotlin/io/airbyte/cdk/load/state/TimeWindowTriggerTest.kt,Devin,https://github.com/airbytehq/airbyte/pull/60225,True,generic_perf,False,True
3057663648,airbyte-cdk/bulk/core/load/src/test/kotlin/io/airbyte/cdk/load/task/DestinationTaskLauncherTest.kt,Devin,https://github.com/airbytehq/airbyte/pull/60225,True,generic_perf,False,True
3057663648,airbyte-cdk/bulk/core/load/src/test/kotlin/io/airbyte/cdk/load/task/DestinationTaskLauncherUTest.kt,Devin,https://github.com/airbytehq/airbyte/pull/60225,True,generic_perf,False,True
3057663648,airbyte-cdk/bulk/core/load/src/test/kotlin/io/airbyte/cdk/load/task/ProcessBatchTaskTest.kt,Devin,https://github.com/airbytehq/airbyte/pull/60225,True,generic_perf,False,True
3057663648,airbyte-cdk/bulk/core/load/src/test/kotlin/io/airbyte/cdk/load/task/implementor/OpenStreamTaskTest.kt,Devin,https://github.com/airbytehq/airbyte/pull/60225,True,generic_perf,False,True
3057663648,airbyte-cdk/bulk/core/load/src/test/kotlin/io/airbyte/cdk/load/task/implementor/ProcessRecordsTaskTest.kt,Devin,https://github.com/airbytehq/airbyte/pull/60225,True,generic_perf,False,True
3057663648,airbyte-cdk/bulk/core/load/src/test/kotlin/io/airbyte/cdk/load/task/internal/FlushTickTaskTest.kt,Devin,https://github.com/airbytehq/airbyte/pull/60225,True,generic_perf,False,True
3057663648,airbyte-cdk/bulk/core/load/src/test/kotlin/io/airbyte/cdk/load/task/internal/HeartbeatTaskTest.kt,Devin,https://github.com/airbytehq/airbyte/pull/60225,True,generic_perf,False,True
3057663648,airbyte-cdk/bulk/core/load/src/test/kotlin/io/airbyte/cdk/load/task/internal/InputConsumerTaskTest.kt,Devin,https://github.com/airbytehq/airbyte/pull/60225,True,generic_perf,False,True
3057663648,airbyte-cdk/bulk/core/load/src/test/kotlin/io/airbyte/cdk/load/task/internal/InputConsumerTaskUTest.kt,Devin,https://github.com/airbytehq/airbyte/pull/60225,True,generic_perf,False,True
3057663648,airbyte-cdk/bulk/core/load/src/test/kotlin/io/airbyte/cdk/load/task/internal/SpillToDiskTaskTest.kt,Devin,https://github.com/airbytehq/airbyte/pull/60225,True,generic_perf,False,True
3057663648,airbyte-cdk/bulk/core/load/src/testFixtures/kotlin/io/airbyte/cdk/load/test/mock/MockDestinationBackend.kt,Devin,https://github.com/airbytehq/airbyte/pull/60225,True,generic_perf,False,True
3057663648,airbyte-cdk/bulk/core/load/src/testFixtures/kotlin/io/airbyte/cdk/load/test/util/ExpectedRecordMapper.kt,Devin,https://github.com/airbytehq/airbyte/pull/60225,True,generic_perf,False,True
3057663648,airbyte-cdk/bulk/core/load/src/testFixtures/kotlin/io/airbyte/cdk/load/test/util/IntegrationTest.kt,Devin,https://github.com/airbytehq/airbyte/pull/60225,True,generic_perf,False,True
3057663648,airbyte-cdk/bulk/core/load/src/testFixtures/kotlin/io/airbyte/cdk/load/test/util/OutputRecord.kt,Devin,https://github.com/airbytehq/airbyte/pull/60225,True,generic_perf,False,True
3057663648,airbyte-cdk/bulk/core/load/src/testFixtures/kotlin/io/airbyte/cdk/load/write/BasicFunctionalityIntegrationTest.kt,Devin,https://github.com/airbytehq/airbyte/pull/60225,True,generic_perf,False,True
3057663648,airbyte-cdk/bulk/toolkits/load-avro/src/testFixtures/kotlin/io/airbyte/cdk/load/data/avro/AvroExpectedRecordMapper.kt,Devin,https://github.com/airbytehq/airbyte/pull/60225,True,generic_perf,False,True
3057663648,airbyte-cdk/bulk/toolkits/load-aws/src/main/kotlin/io/airbyte/cdk/load/command/aws/AWSAccessKeySpecification.kt,Devin,https://github.com/airbytehq/airbyte/pull/60225,True,generic_perf,False,True
3057663648,airbyte-cdk/bulk/toolkits/load-db/build.gradle,Devin,https://github.com/airbytehq/airbyte/pull/60225,True,generic_perf,False,True
3057663648,airbyte-cdk/bulk/toolkits/load-db/src/main/kotlin/io/airbyte/cdk/load/orchestration/db/DatabaseHandler.kt,Devin,https://github.com/airbytehq/airbyte/pull/60225,True,generic_perf,False,True
3057663648,airbyte-cdk/bulk/toolkits/load-db/src/main/kotlin/io/airbyte/cdk/load/orchestration/db/DatabaseInitialStatusGatherer.kt,Devin,https://github.com/airbytehq/airbyte/pull/60225,True,generic_perf,False,True
3057663648,airbyte-cdk/bulk/toolkits/load-db/src/main/kotlin/io/airbyte/cdk/load/orchestration/db/DestinationNames.kt,Devin,https://github.com/airbytehq/airbyte/pull/60225,True,generic_perf,False,True
3057663648,airbyte-cdk/bulk/toolkits/load-db/src/main/kotlin/io/airbyte/cdk/load/orchestration/db/Sql.kt,Devin,https://github.com/airbytehq/airbyte/pull/60225,True,generic_perf,False,True
3057663648,airbyte-cdk/bulk/toolkits/load-db/src/main/kotlin/io/airbyte/cdk/load/orchestration/db/legacy_typing_deduping/AlterTableReport.kt,Devin,https://github.com/airbytehq/airbyte/pull/60225,True,generic_perf,False,True
3057663648,airbyte-cdk/bulk/toolkits/load-db/src/main/kotlin/io/airbyte/cdk/load/orchestration/db/legacy_typing_deduping/TableCatalogFactory.kt,Devin,https://github.com/airbytehq/airbyte/pull/60225,True,generic_perf,False,True
3057663648,airbyte-cdk/bulk/toolkits/load-db/src/main/kotlin/io/airbyte/cdk/load/orchestration/db/legacy_typing_deduping/TypingDedupingDatabaseInitialStatus.kt,Devin,https://github.com/airbytehq/airbyte/pull/60225,True,generic_perf,False,True
3057663648,airbyte-cdk/bulk/toolkits/load-db/src/main/kotlin/io/airbyte/cdk/load/orchestration/db/legacy_typing_deduping/TypingDedupingExecutionConfig.kt,Devin,https://github.com/airbytehq/airbyte/pull/60225,True,generic_perf,False,True
3057663648,airbyte-cdk/bulk/toolkits/load-db/src/main/kotlin/io/airbyte/cdk/load/orchestration/db/legacy_typing_deduping/TypingDedupingFinalTableOperations.kt,Devin,https://github.com/airbytehq/airbyte/pull/60225,True,generic_perf,False,True
3057663648,airbyte-cdk/bulk/toolkits/load-db/src/main/kotlin/io/airbyte/cdk/load/orchestration/db/legacy_typing_deduping/TypingDedupingRawTableOperations.kt,Devin,https://github.com/airbytehq/airbyte/pull/60225,True,generic_perf,False,True
3057663648,airbyte-cdk/bulk/toolkits/load-db/src/main/kotlin/io/airbyte/cdk/load/orchestration/db/legacy_typing_deduping/TypingDedupingSqlGenerator.kt,Devin,https://github.com/airbytehq/airbyte/pull/60225,True,generic_perf,False,True
3057663648,airbyte-cdk/bulk/toolkits/load-db/src/main/kotlin/io/airbyte/cdk/load/orchestration/db/legacy_typing_deduping/TypingDedupingStreamLoader.kt,Devin,https://github.com/airbytehq/airbyte/pull/60225,True,generic_perf,False,True
3057663648,airbyte-cdk/bulk/toolkits/load-db/src/main/kotlin/io/airbyte/cdk/load/orchestration/db/legacy_typing_deduping/TypingDedupingUtil.kt,Devin,https://github.com/airbytehq/airbyte/pull/60225,True,generic_perf,False,True
3057663648,airbyte-cdk/bulk/toolkits/load-db/src/main/kotlin/io/airbyte/cdk/load/orchestration/db/legacy_typing_deduping/TypingDedupingWriter.kt,Devin,https://github.com/airbytehq/airbyte/pull/60225,True,generic_perf,False,True
3057663648,airbyte-cdk/bulk/toolkits/load-db/src/main/kotlin/io/airbyte/cdk/load/write/db/DbConstants.kt,Devin,https://github.com/airbytehq/airbyte/pull/60225,True,generic_perf,False,True
3057663648,airbyte-cdk/bulk/toolkits/load-db/src/test/kotlin/io/airbyte/cdk/load/toolkits/load/db/orchestration/TableCatalogFactoryTest.kt,Devin,https://github.com/airbytehq/airbyte/pull/60225,True,generic_perf,False,True
3057663648,airbyte-cdk/bulk/toolkits/load-db/src/testFixtures/kotlin/io/airbyte/cdk/load/toolkits/load/db/orchestration/ColumnNameModifyingMapper.kt,Devin,https://github.com/airbytehq/airbyte/pull/60225,True,generic_perf,False,True
3057663648,airbyte-cdk/bulk/toolkits/load-db/src/testFixtures/kotlin/io/airbyte/cdk/load/toolkits/load/db/orchestration/RootLevelTimestampsToUtcMapper.kt,Devin,https://github.com/airbytehq/airbyte/pull/60225,True,generic_perf,False,True
3057663648,airbyte-cdk/bulk/toolkits/load-db/src/testFixtures/kotlin/io/airbyte/cdk/load/toolkits/load/db/orchestration/TypingDedupingMetaChangeMapper.kt,Devin,https://github.com/airbytehq/airbyte/pull/60225,True,generic_perf,False,True
3057663648,airbyte-cdk/bulk/toolkits/load-gcs/src/main/kotlin/io/airbyte/cdk/load/command/gcs/GcsAuthSpecification.kt,Devin,https://github.com/airbytehq/airbyte/pull/60225,True,generic_perf,False,True
3057663648,airbyte-cdk/bulk/toolkits/load-iceberg-parquet/src/testFixtures/kotlin/io/airbyte/cdk/load/data/icerberg/parquet/IcebergWriteTest.kt,Devin,https://github.com/airbytehq/airbyte/pull/60225,True,generic_perf,False,True
3057663648,airbyte-cdk/bulk/toolkits/load-object-storage/src/main/kotlin/io/airbyte/cdk/load/factory/object_storage/ObjectLoaderQueueBeanFactory.kt,Devin,https://github.com/airbytehq/airbyte/pull/60225,True,generic_perf,False,True
3057663648,airbyte-cdk/bulk/toolkits/load-object-storage/src/main/kotlin/io/airbyte/cdk/load/factory/object_storage/ObjectLoaderStepBeanFactory.kt,Devin,https://github.com/airbytehq/airbyte/pull/60225,True,generic_perf,False,True
3057663648,airbyte-cdk/bulk/toolkits/load-object-storage/src/main/kotlin/io/airbyte/cdk/load/file/object_storage/ObjectStorageFormattingWriter.kt,Devin,https://github.com/airbytehq/airbyte/pull/60225,True,generic_perf,False,True
3057663648,airbyte-cdk/bulk/toolkits/load-object-storage/src/main/kotlin/io/airbyte/cdk/load/message/object_storage/ObjectStorageBatch.kt,Devin,https://github.com/airbytehq/airbyte/pull/60225,True,generic_perf,False,True
3057663648,airbyte-cdk/bulk/toolkits/load-object-storage/src/main/kotlin/io/airbyte/cdk/load/pipline/object_storage/ObjectLoaderPartFormatter.kt,Devin,https://github.com/airbytehq/airbyte/pull/60225,True,generic_perf,False,True
3057663648,airbyte-cdk/bulk/toolkits/load-object-storage/src/main/kotlin/io/airbyte/cdk/load/pipline/object_storage/ObjectLoaderPartFormatterStep.kt,Devin,https://github.com/airbytehq/airbyte/pull/60225,True,generic_perf,False,True
3057663648,airbyte-cdk/bulk/toolkits/load-object-storage/src/main/kotlin/io/airbyte/cdk/load/pipline/object_storage/ObjectLoaderPartLoaderStep.kt,Devin,https://github.com/airbytehq/airbyte/pull/60225,True,generic_perf,False,True
3057663648,airbyte-cdk/bulk/toolkits/load-object-storage/src/main/kotlin/io/airbyte/cdk/load/pipline/object_storage/ObjectLoaderPipeline.kt,Devin,https://github.com/airbytehq/airbyte/pull/60225,True,generic_perf,False,True
3057663648,airbyte-cdk/bulk/toolkits/load-object-storage/src/main/kotlin/io/airbyte/cdk/load/pipline/object_storage/ObjectLoaderUploadCompleterStep.kt,Devin,https://github.com/airbytehq/airbyte/pull/60225,True,generic_perf,False,True
3057663648,airbyte-cdk/bulk/toolkits/load-object-storage/src/main/kotlin/io/airbyte/cdk/load/pipline/object_storage/file/ForwardFileRecordTask.kt,Devin,https://github.com/airbytehq/airbyte/pull/60225,True,generic_perf,False,True
3057663648,airbyte-cdk/bulk/toolkits/load-object-storage/src/main/kotlin/io/airbyte/cdk/load/pipline/object_storage/file/ProcessFileTaskLegacy.kt,Devin,https://github.com/airbytehq/airbyte/pull/60225,True,generic_perf,False,True
3057663648,airbyte-cdk/bulk/toolkits/load-object-storage/src/main/kotlin/io/airbyte/cdk/load/pipline/object_storage/file/ProcessFileTaskLegacyStep.kt,Devin,https://github.com/airbytehq/airbyte/pull/60225,True,generic_perf,False,True
3057663648,airbyte-cdk/bulk/toolkits/load-object-storage/src/main/kotlin/io/airbyte/cdk/load/pipline/object_storage/file/RouteEventStep.kt,Devin,https://github.com/airbytehq/airbyte/pull/60225,True,generic_perf,False,True
3057663648,airbyte-cdk/bulk/toolkits/load-object-storage/src/main/kotlin/io/airbyte/cdk/load/pipline/object_storage/file/RouteEventTask.kt,Devin,https://github.com/airbytehq/airbyte/pull/60225,True,generic_perf,False,True
3057663648,airbyte-cdk/bulk/toolkits/load-object-storage/src/main/kotlin/io/airbyte/cdk/load/write/object_storage/FilePartAccumulator.kt,Devin,https://github.com/airbytehq/airbyte/pull/60225,True,generic_perf,False,True
3057663648,airbyte-cdk/bulk/toolkits/load-object-storage/src/main/kotlin/io/airbyte/cdk/load/write/object_storage/FilePartAccumulatorLegacy.kt,Devin,https://github.com/airbytehq/airbyte/pull/60225,True,generic_perf,False,True
3057663648,airbyte-cdk/bulk/toolkits/load-object-storage/src/main/kotlin/io/airbyte/cdk/load/write/object_storage/ObjectStorageStreamLoaderFactory.kt,Devin,https://github.com/airbytehq/airbyte/pull/60225,True,generic_perf,False,True
3057663648,airbyte-cdk/bulk/toolkits/load-object-storage/src/main/kotlin/io/airbyte/cdk/load/write/object_storage/PartToObjectAccumulator.kt,Devin,https://github.com/airbytehq/airbyte/pull/60225,True,generic_perf,False,True
3057663648,airbyte-cdk/bulk/toolkits/load-object-storage/src/main/kotlin/io/airbyte/cdk/load/write/object_storage/RecordToPartAccumulator.kt,Devin,https://github.com/airbytehq/airbyte/pull/60225,True,generic_perf,False,True
3057663648,airbyte-cdk/bulk/toolkits/load-object-storage/src/test/kotlin/io/airbyte/cdk/load/pipeline/object_storage/file/ForwardFileRecordTaskTest.kt,Devin,https://github.com/airbytehq/airbyte/pull/60225,True,generic_perf,False,True
3057663648,airbyte-cdk/bulk/toolkits/load-object-storage/src/test/kotlin/io/airbyte/cdk/load/pipeline/object_storage/file/RouteEventTaskTest.kt,Devin,https://github.com/airbytehq/airbyte/pull/60225,True,generic_perf,False,True
3057663648,airbyte-cdk/bulk/toolkits/load-object-storage/src/test/kotlin/io/airbyte/cdk/load/write/object_storage/FilePartAccumulatorLegacyTest.kt,Devin,https://github.com/airbytehq/airbyte/pull/60225,True,generic_perf,False,True
3057663648,airbyte-cdk/bulk/toolkits/load-object-storage/src/test/kotlin/io/airbyte/cdk/load/write/object_storage/ObjectLoaderPartFormatterTest.kt,Devin,https://github.com/airbytehq/airbyte/pull/60225,True,generic_perf,False,True
3057663648,airbyte-cdk/bulk/toolkits/load-object-storage/src/test/kotlin/io/airbyte/cdk/load/write/object_storage/ObjectLoaderPartLoaderTest.kt,Devin,https://github.com/airbytehq/airbyte/pull/60225,True,generic_perf,False,True
3057663648,airbyte-cdk/bulk/toolkits/load-object-storage/src/test/kotlin/io/airbyte/cdk/load/write/object_storage/PartToObjectAccumulatorTest.kt,Devin,https://github.com/airbytehq/airbyte/pull/60225,True,generic_perf,False,True
3057663648,airbyte-cdk/bulk/toolkits/load-object-storage/src/test/kotlin/io/airbyte/cdk/load/write/object_storage/RecordToPartAccumulatorTest.kt,Devin,https://github.com/airbytehq/airbyte/pull/60225,True,generic_perf,False,True
3179165014,.github/workflows/large_oltp_benchmark.yml,Devin,https://github.com/neondatabase/neon/pull/12353,True,generic_perf,False,True
2971120661,benchmarks/synth-bm/Cargo.lock,Devin,https://github.com/near/nearcore/pull/13281,True,generic_perf,False,True
2971120661,benchmarks/sharded-bm/bench.sh,Devin,https://github.com/near/nearcore/pull/13281,True,generic_perf,False,True
2971120661,benchmarks/transactions-generator/justfile,Devin,https://github.com/near/nearcore/pull/13281,True,generic_perf,False,True
2971120661,integration-tests/src/tests/client/benchmarks.rs,Devin,https://github.com/near/nearcore/pull/13281,True,generic_perf,False,True
3058337882,source/load-balancers/tests/dns-seedlist-discovery.json,Devin,https://github.com/mongodb/specifications/pull/1802,True,generic_perf,False,True
3058337882,source/load-balancers/tests/dns-seedlist-discovery.yml,Devin,https://github.com/mongodb/specifications/pull/1802,True,generic_perf,False,True
3058337882,source/load-balancers/tests/driver-sessions.json,Devin,https://github.com/mongodb/specifications/pull/1802,True,generic_perf,False,True
3058337882,source/load-balancers/tests/driver-sessions.yml,Devin,https://github.com/mongodb/specifications/pull/1802,True,generic_perf,False,True
3058337882,source/load-balancers/tests/log-messages.json,Devin,https://github.com/mongodb/specifications/pull/1802,True,generic_perf,False,True
3058337882,source/load-balancers/tests/log-messages.yml,Devin,https://github.com/mongodb/specifications/pull/1802,True,generic_perf,False,True
3058337882,source/load-balancers/tests/sdam-events.json,Devin,https://github.com/mongodb/specifications/pull/1802,True,generic_perf,False,True
3058337882,source/load-balancers/tests/sdam-events.yml,Devin,https://github.com/mongodb/specifications/pull/1802,True,generic_perf,False,True
3058337882,source/load-balancers/tests/uri-validation.json,Devin,https://github.com/mongodb/specifications/pull/1802,True,generic_perf,False,True
3058337882,source/load-balancers/tests/uri-validation.yml,Devin,https://github.com/mongodb/specifications/pull/1802,True,generic_perf,False,True
3058337882,source/load-balancers/tests/dns-seedlist-discovery.json,Devin,https://github.com/mongodb/specifications/pull/1802,True,generic_perf,False,True
3058337882,source/load-balancers/tests/driver-sessions.json,Devin,https://github.com/mongodb/specifications/pull/1802,True,generic_perf,False,True
3058337882,source/load-balancers/tests/log-messages.json,Devin,https://github.com/mongodb/specifications/pull/1802,True,generic_perf,False,True
3058337882,source/load-balancers/tests/sdam-events.json,Devin,https://github.com/mongodb/specifications/pull/1802,True,generic_perf,False,True
3058337882,source/load-balancers/tests/uri-validation.json,Devin,https://github.com/mongodb/specifications/pull/1802,True,generic_perf,False,True
2812399095,app/client/cypress/e2e/Regression/ServerSide/OnLoadTests/JSOnLoad_cyclic_dependency_errors_spec.js,Devin,https://github.com/appsmithorg/appsmith/pull/38849,True,generic_perf,False,True
3235022674,frontend/internal-packages/schema-bench/benchmark-workspace-default/execution/reference/case-001-difficult.json,Devin,https://github.com/liam-hq/liam/pull/2579,True,generic_perf,False,True
3235022674,frontend/internal-packages/schema-bench/benchmark-workspace-default/execution/reference/case-001.json,Devin,https://github.com/liam-hq/liam/pull/2579,True,generic_perf,False,True
3235022674,frontend/internal-packages/schema-bench/benchmark-workspace-default/execution/reference/case-002.json,Devin,https://github.com/liam-hq/liam/pull/2579,True,generic_perf,False,True
2950550778,target_chains/ethereum/contracts/forge-test/PulseGasBenchmark.t.sol,Devin,https://github.com/pyth-network/pyth-crosschain/pull/2525,True,generic_perf,False,True
3133585449,comprehensive_mobile_performance_test.py,Devin,https://github.com/test-zeus-ai/testzeus-hercules/pull/61,True,generic_perf,False,True
3133585449,mobile_performance_test_runner.py,Devin,https://github.com/test-zeus-ai/testzeus-hercules/pull/61,True,generic_perf,False,True
3133585449,mobile_specific_performance_test.py,Devin,https://github.com/test-zeus-ai/testzeus-hercules/pull/61,True,generic_perf,False,True
2821659019,airbyte-cdk/bulk/core/load/src/integrationTest/kotlin/io/airbyte/cdk/load/mock_integration_test/MockBasicFunctionalityIntegrationTest.kt,Devin,https://github.com/airbytehq/airbyte/pull/52663,True,generic_perf,False,True
2821659019,airbyte-cdk/bulk/core/load/src/main/kotlin/io/airbyte/cdk/load/command/DestinationConfigurationFactory.kt,Devin,https://github.com/airbytehq/airbyte/pull/52663,True,generic_perf,False,True
2821659019,airbyte-cdk/bulk/core/load/src/main/kotlin/io/airbyte/cdk/load/command/DestinationStream.kt,Devin,https://github.com/airbytehq/airbyte/pull/52663,True,generic_perf,False,True
2821659019,airbyte-cdk/bulk/core/load/src/main/kotlin/io/airbyte/cdk/load/message/MessageQueue.kt,Devin,https://github.com/airbytehq/airbyte/pull/52663,True,generic_perf,False,True
2821659019,airbyte-cdk/bulk/core/load/src/main/kotlin/io/airbyte/cdk/load/state/FlushStrategy.kt,Devin,https://github.com/airbytehq/airbyte/pull/52663,True,generic_perf,False,True
2821659019,airbyte-cdk/bulk/core/load/src/main/kotlin/io/airbyte/cdk/load/task/DestinationTaskLauncher.kt,Devin,https://github.com/airbytehq/airbyte/pull/52663,True,generic_perf,False,True
2821659019,airbyte-cdk/bulk/core/load/src/main/kotlin/io/airbyte/cdk/load/task/TaskScopeProvider.kt,Devin,https://github.com/airbytehq/airbyte/pull/52663,True,generic_perf,False,True
2821659019,airbyte-cdk/bulk/core/load/src/main/kotlin/io/airbyte/cdk/load/task/implementor/FailStreamTask.kt,Devin,https://github.com/airbytehq/airbyte/pull/52663,True,generic_perf,False,True
2821659019,airbyte-cdk/bulk/core/load/src/main/kotlin/io/airbyte/cdk/load/task/internal/TimedForcedCheckpointFlushTask.kt,Devin,https://github.com/airbytehq/airbyte/pull/52663,True,generic_perf,False,True
2821659019,airbyte-cdk/bulk/core/load/src/test/kotlin/io/airbyte/cdk/load/command/DestinationStreamUTest.kt,Devin,https://github.com/airbytehq/airbyte/pull/52663,True,generic_perf,False,True
2821659019,airbyte-cdk/bulk/core/load/src/test/kotlin/io/airbyte/cdk/load/state/DefaultFlushStrategyTest.kt,Devin,https://github.com/airbytehq/airbyte/pull/52663,True,generic_perf,False,True
2821659019,airbyte-cdk/bulk/core/load/src/test/kotlin/io/airbyte/cdk/load/task/DestinationTaskLauncherTest.kt,Devin,https://github.com/airbytehq/airbyte/pull/52663,True,generic_perf,False,True
2821659019,airbyte-cdk/bulk/core/load/src/test/kotlin/io/airbyte/cdk/load/task/DestinationTaskLauncherUTest.kt,Devin,https://github.com/airbytehq/airbyte/pull/52663,True,generic_perf,False,True
2821659019,airbyte-cdk/bulk/core/load/src/test/kotlin/io/airbyte/cdk/load/task/internal/TimedForcedCheckpointFlushTaskTest.kt,Devin,https://github.com/airbytehq/airbyte/pull/52663,True,generic_perf,False,True
2821659019,airbyte-cdk/bulk/core/load/src/testFixtures/kotlin/io/airbyte/cdk/load/check/CheckIntegrationTest.kt,Devin,https://github.com/airbytehq/airbyte/pull/52663,True,generic_perf,False,True
2821659019,airbyte-cdk/bulk/core/load/src/testFixtures/kotlin/io/airbyte/cdk/load/test/util/ConfigurationUpdater.kt,Devin,https://github.com/airbytehq/airbyte/pull/52663,True,generic_perf,False,True
2821659019,airbyte-cdk/bulk/core/load/src/testFixtures/kotlin/io/airbyte/cdk/load/test/util/IntegrationTest.kt,Devin,https://github.com/airbytehq/airbyte/pull/52663,True,generic_perf,False,True
2821659019,airbyte-cdk/bulk/core/load/src/testFixtures/kotlin/io/airbyte/cdk/load/test/util/destination_process/DestinationUncleanExitException.kt,Devin,https://github.com/airbytehq/airbyte/pull/52663,True,generic_perf,False,True
2821659019,airbyte-cdk/bulk/core/load/src/testFixtures/kotlin/io/airbyte/cdk/load/write/BasicFunctionalityIntegrationTest.kt,Devin,https://github.com/airbytehq/airbyte/pull/52663,True,generic_perf,False,True
2821659019,airbyte-cdk/bulk/core/load/src/testFixtures/kotlin/io/airbyte/cdk/load/write/BasicPerformanceTest.kt,Devin,https://github.com/airbytehq/airbyte/pull/52663,True,generic_perf,False,True
2821659019,airbyte-cdk/bulk/toolkits/load-avro/src/testFixtures/kotlin/io/airbyte/cdk/load/data/avro/AvroExpectedRecordMapper.kt,Devin,https://github.com/airbytehq/airbyte/pull/52663,True,generic_perf,False,True
2821659019,airbyte-cdk/bulk/toolkits/load-aws/src/main/kotlin/io/airbyte/cdk/load/command/aws/AWSArnRoleSpecification.kt,Devin,https://github.com/airbytehq/airbyte/pull/52663,True,generic_perf,False,True
2821659019,airbyte-cdk/bulk/toolkits/load-iceberg-parquet/src/main/kotlin/io/airbyte/cdk/load/command/iceberg/parquet/IcebergCatalogSpecifications.kt,Devin,https://github.com/airbytehq/airbyte/pull/52663,True,generic_perf,False,True
2821659019,airbyte-cdk/bulk/toolkits/load-iceberg-parquet/src/main/kotlin/io/airbyte/cdk/load/data/iceberg/parquet/AirbyteValueToIcebergRecord.kt,Devin,https://github.com/airbytehq/airbyte/pull/52663,True,generic_perf,False,True
2821659019,airbyte-cdk/bulk/toolkits/load-object-storage/src/main/kotlin/io/airbyte/cdk/load/file/object_storage/ObjectStorageClient.kt,Devin,https://github.com/airbytehq/airbyte/pull/52663,True,generic_perf,False,True
2821659019,airbyte-cdk/bulk/toolkits/load-object-storage/src/main/kotlin/io/airbyte/cdk/load/state/object_storage/ObjectStorageDestinationStateManager.kt,Devin,https://github.com/airbytehq/airbyte/pull/52663,True,generic_perf,False,True
2821659019,airbyte-cdk/bulk/toolkits/load-object-storage/src/main/kotlin/io/airbyte/cdk/load/write/object_storage/FilePartAccumulator.kt,Devin,https://github.com/airbytehq/airbyte/pull/52663,True,generic_perf,False,True
2821659019,airbyte-cdk/bulk/toolkits/load-object-storage/src/main/kotlin/io/airbyte/cdk/load/write/object_storage/PartToObjectAccumulator.kt,Devin,https://github.com/airbytehq/airbyte/pull/52663,True,generic_perf,False,True
2821659019,airbyte-cdk/bulk/toolkits/load-object-storage/src/test/kotlin/io/airbyte/cdk/load/file/object_storage/ObjectStoragePathFactoryUTest.kt,Devin,https://github.com/airbytehq/airbyte/pull/52663,True,generic_perf,False,True
2821659019,airbyte-cdk/bulk/toolkits/load-object-storage/src/test/kotlin/io/airbyte/cdk/load/write/object_storage/FilePartAccumulatorTest.kt,Devin,https://github.com/airbytehq/airbyte/pull/52663,True,generic_perf,False,True
2821659019,airbyte-cdk/bulk/toolkits/load-object-storage/src/testFixtures/kotlin/io/airbyte/cdk/load/MockObjectStorageClient.kt,Devin,https://github.com/airbytehq/airbyte/pull/52663,True,generic_perf,False,True
2821659019,airbyte-cdk/bulk/toolkits/load-s3/src/main/kotlin/io/airbyte/cdk/load/file/s3/S3Client.kt,Devin,https://github.com/airbytehq/airbyte/pull/52663,True,generic_perf,False,True
2821659019,airbyte-cdk/bulk/toolkits/load-s3/src/main/kotlin/io/airbyte/cdk/load/file/s3/S3MultipartUpload.kt,Devin,https://github.com/airbytehq/airbyte/pull/52663,True,generic_perf,False,True
2821659019,airbyte-cdk/bulk/toolkits/load-s3/src/main/kotlin/io/airbyte/cdk/load/file/s3/S3StreamingUpload.kt,Devin,https://github.com/airbytehq/airbyte/pull/52663,True,generic_perf,False,True
2821716083,airbyte-cdk/bulk/core/load/src/testFixtures/kotlin/io/airbyte/cdk/load/write/BasicPerformanceTest.kt,Devin,https://github.com/airbytehq/airbyte/pull/52664,True,generic_perf,False,True
2970823147,benchmarks/synth-bm/Cargo.lock,Devin,https://github.com/near/nearcore/pull/13269,True,generic_perf,False,True
2971122854,benchmarks/sharded-bm/bench.sh,Devin,https://github.com/near/nearcore/pull/13282,True,generic_perf,False,True
2971122854,benchmarks/synth-bm/Cargo.lock,Devin,https://github.com/near/nearcore/pull/13282,True,generic_perf,False,True
2971122854,benchmarks/synth-bm/Cargo.toml,Devin,https://github.com/near/nearcore/pull/13282,True,generic_perf,False,True
2971122854,benchmarks/transactions-generator/justfile,Devin,https://github.com/near/nearcore/pull/13282,True,generic_perf,False,True
2971122854,integration-tests/src/tests/client/benchmarks.rs,Devin,https://github.com/near/nearcore/pull/13282,True,generic_perf,False,True
2971122854,benchmarks/sharded-bm/bench.sh,Devin,https://github.com/near/nearcore/pull/13282,True,generic_perf,False,True
2971122854,benchmarks/synth-bm/Cargo.lock,Devin,https://github.com/near/nearcore/pull/13282,True,generic_perf,False,True
2971122854,benchmarks/synth-bm/Cargo.toml,Devin,https://github.com/near/nearcore/pull/13282,True,generic_perf,False,True
2971122854,benchmarks/transactions-generator/justfile,Devin,https://github.com/near/nearcore/pull/13282,True,generic_perf,False,True
2971122854,integration-tests/src/tests/client/benchmarks.rs,Devin,https://github.com/near/nearcore/pull/13282,True,generic_perf,False,True
2989257623,airbyte-cdk/bulk/core/load/src/main/kotlin/io/airbyte/cdk/load/command/DestinationConfiguration.kt,Devin,https://github.com/airbytehq/airbyte/pull/57579,True,generic_perf,False,True
2989257623,airbyte-cdk/bulk/core/load/src/main/kotlin/io/airbyte/cdk/load/message/MemoryReservingPartitionedQueue.kt,Devin,https://github.com/airbytehq/airbyte/pull/57579,True,generic_perf,False,True
2989257623,airbyte-cdk/bulk/core/load/src/main/kotlin/io/airbyte/cdk/load/message/PipelineEvent.kt,Devin,https://github.com/airbytehq/airbyte/pull/57579,True,generic_perf,False,True
2989257623,airbyte-cdk/bulk/core/load/src/main/kotlin/io/airbyte/cdk/load/pipeline/ByPrimaryKeyInputPartitioner.kt,Devin,https://github.com/airbytehq/airbyte/pull/57579,True,generic_perf,False,True
2989257623,airbyte-cdk/bulk/core/load/src/main/kotlin/io/airbyte/cdk/load/pipeline/DefaultPipelineFlushStrategy.kt,Devin,https://github.com/airbytehq/airbyte/pull/57579,True,generic_perf,False,True
2989257623,airbyte-cdk/bulk/core/load/src/main/kotlin/io/airbyte/cdk/load/pipeline/OutputPartitioner.kt,Devin,https://github.com/airbytehq/airbyte/pull/57579,True,generic_perf,False,True
2989257623,airbyte-cdk/bulk/core/load/src/main/kotlin/io/airbyte/cdk/load/pipeline/PipelineFlushStrategy.kt,Devin,https://github.com/airbytehq/airbyte/pull/57579,True,generic_perf,False,True
2989257623,airbyte-cdk/bulk/core/load/src/main/kotlin/io/airbyte/cdk/load/pipeline/RandomInputPartitioner.kt,Devin,https://github.com/airbytehq/airbyte/pull/57579,True,generic_perf,False,True
2989257623,airbyte-cdk/bulk/core/load/src/main/kotlin/io/airbyte/cdk/load/pipeline/RecordCountFlushStrategy.kt,Devin,https://github.com/airbytehq/airbyte/pull/57579,True,generic_perf,False,True
2989257623,airbyte-cdk/bulk/core/load/src/main/kotlin/io/airbyte/cdk/load/spec/DestinationSpecificationInternal.kt,Devin,https://github.com/airbytehq/airbyte/pull/57579,True,generic_perf,False,True
2989257623,airbyte-cdk/bulk/core/load/src/main/kotlin/io/airbyte/cdk/load/task/DestinationTaskLauncher.kt,Devin,https://github.com/airbytehq/airbyte/pull/57579,True,generic_perf,False,True
2989257623,airbyte-cdk/bulk/core/load/src/main/kotlin/io/airbyte/cdk/load/task/internal/HeartbeatTask.kt,Devin,https://github.com/airbytehq/airbyte/pull/57579,True,generic_perf,False,True
2989257623,airbyte-cdk/bulk/core/load/src/main/kotlin/io/airbyte/cdk/load/task/internal/LoadPipelineStepTask.kt,Devin,https://github.com/airbytehq/airbyte/pull/57579,True,generic_perf,False,True
2989257623,airbyte-cdk/bulk/core/load/src/test/kotlin/io/airbyte/cdk/load/command/MockDestinationConfiguration.kt,Devin,https://github.com/airbytehq/airbyte/pull/57579,True,generic_perf,False,True
2989257623,airbyte-cdk/bulk/core/load/src/test/kotlin/io/airbyte/cdk/load/message/ResourceReservingPartitionedQueueTest.kt,Devin,https://github.com/airbytehq/airbyte/pull/57579,True,generic_perf,False,True
2989257623,airbyte-cdk/bulk/core/load/src/test/kotlin/io/airbyte/cdk/load/pipeline/DefaultPipelineFlushStrategyTest.kt,Devin,https://github.com/airbytehq/airbyte/pull/57579,True,generic_perf,False,True
2989257623,airbyte-cdk/bulk/core/load/src/test/kotlin/io/airbyte/cdk/load/task/DestinationTaskLauncherUTest.kt,Devin,https://github.com/airbytehq/airbyte/pull/57579,True,generic_perf,False,True
2989257623,airbyte-cdk/bulk/core/load/src/test/kotlin/io/airbyte/cdk/load/task/internal/HeartbeatTaskTest.kt,Devin,https://github.com/airbytehq/airbyte/pull/57579,True,generic_perf,False,True
2989257623,airbyte-cdk/bulk/core/load/src/test/kotlin/io/airbyte/cdk/load/task/internal/LoadPipelineStepTaskUTest.kt,Devin,https://github.com/airbytehq/airbyte/pull/57579,True,generic_perf,False,True
2989257623,airbyte-cdk/bulk/toolkits/load-azure-blob-storage/src/main/kotlin/io/airbyte/cdk/load/file/azureBlobStorage/AzureBlobStorageClient.kt,Devin,https://github.com/airbytehq/airbyte/pull/57579,True,generic_perf,False,True
2989257623,airbyte-cdk/bulk/toolkits/load-azure-blob-storage/src/main/kotlin/io/airbyte/cdk/load/file/azureBlobStorage/AzureBlobStreamingUpload.kt,Devin,https://github.com/airbytehq/airbyte/pull/57579,True,generic_perf,False,True
2989257623,airbyte-cdk/bulk/toolkits/load-azure-blob-storage/src/test/kotlin/io/airbyte/cdk/load/file/azureBlobStorage/AzureBlobStreamingUploadTest.kt,Devin,https://github.com/airbytehq/airbyte/pull/57579,True,generic_perf,False,True
2989257623,airbyte-cdk/bulk/toolkits/load-db/src/main/kotlin/io/airbyte/cdk/load/pipeline/db/BulkLoadCompletedUploadPartitioner.kt,Devin,https://github.com/airbytehq/airbyte/pull/57579,True,generic_perf,False,True
2989257623,airbyte-cdk/bulk/toolkits/load-db/src/main/kotlin/io/airbyte/cdk/load/pipeline/db/InsertLoaderInputPartitioner.kt,Devin,https://github.com/airbytehq/airbyte/pull/57579,True,generic_perf,False,True
2989257623,airbyte-cdk/bulk/toolkits/load-db/src/main/kotlin/io/airbyte/cdk/load/pipeline/db/InsertLoaderPipeline.kt,Devin,https://github.com/airbytehq/airbyte/pull/57579,True,generic_perf,False,True
2989257623,airbyte-cdk/bulk/toolkits/load-db/src/main/kotlin/io/airbyte/cdk/load/pipeline/db/InsertLoaderRequestBuilderAccumulator.kt,Devin,https://github.com/airbytehq/airbyte/pull/57579,True,generic_perf,False,True
2989257623,airbyte-cdk/bulk/toolkits/load-db/src/main/kotlin/io/airbyte/cdk/load/pipeline/db/InsertLoaderRequestBuilderStep.kt,Devin,https://github.com/airbytehq/airbyte/pull/57579,True,generic_perf,False,True
2989257623,airbyte-cdk/bulk/toolkits/load-db/src/main/kotlin/io/airbyte/cdk/load/pipeline/db/InsertLoaderRequestExecutorAccumulator.kt,Devin,https://github.com/airbytehq/airbyte/pull/57579,True,generic_perf,False,True
2989257623,airbyte-cdk/bulk/toolkits/load-db/src/main/kotlin/io/airbyte/cdk/load/pipeline/db/InsertLoaderRequestExecutorStep.kt,Devin,https://github.com/airbytehq/airbyte/pull/57579,True,generic_perf,False,True
2989257623,airbyte-cdk/bulk/toolkits/load-db/src/main/kotlin/io/airbyte/cdk/load/pipeline/db/InsertLoaderRequestPartitioner.kt,Devin,https://github.com/airbytehq/airbyte/pull/57579,True,generic_perf,False,True
2989257623,airbyte-cdk/bulk/toolkits/load-db/src/main/kotlin/io/airbyte/cdk/load/pipeline/db/InsertLoaderRequestQueueFactory.kt,Devin,https://github.com/airbytehq/airbyte/pull/57579,True,generic_perf,False,True
2989257623,airbyte-cdk/bulk/toolkits/load-db/src/main/kotlin/io/airbyte/cdk/load/write/db/InsertLoader.kt,Devin,https://github.com/airbytehq/airbyte/pull/57579,True,generic_perf,False,True
2989257623,airbyte-cdk/bulk/toolkits/load-object-storage/src/main/kotlin/io/airbyte/cdk/load/pipline/object_storage/ObjectLoaderFormattedPartPartitioner.kt,Devin,https://github.com/airbytehq/airbyte/pull/57579,True,generic_perf,False,True
2989257623,airbyte-cdk/bulk/toolkits/load-object-storage/src/main/kotlin/io/airbyte/cdk/load/pipline/object_storage/ObjectLoaderLoadedPartPartitioner.kt,Devin,https://github.com/airbytehq/airbyte/pull/57579,True,generic_perf,False,True
2989257623,airbyte-cdk/bulk/toolkits/load-object-storage/src/main/kotlin/io/airbyte/cdk/load/pipline/object_storage/ObjectLoaderPartLoader.kt,Devin,https://github.com/airbytehq/airbyte/pull/57579,True,generic_perf,False,True
2989257623,airbyte-cdk/bulk/toolkits/load-object-storage/src/main/kotlin/io/airbyte/cdk/load/pipline/object_storage/ObjectLoaderPartQueueFactory.kt,Devin,https://github.com/airbytehq/airbyte/pull/57579,True,generic_perf,False,True
2989257623,airbyte-cdk/bulk/toolkits/load-object-storage/src/main/kotlin/io/airbyte/cdk/load/state/object_storage/ObjectStorageDestinationStateManager.kt,Devin,https://github.com/airbytehq/airbyte/pull/57579,True,generic_perf,False,True
2989257623,airbyte-cdk/bulk/toolkits/load-object-storage/src/main/kotlin/io/airbyte/cdk/load/write/object_storage/ObjectLoader.kt,Devin,https://github.com/airbytehq/airbyte/pull/57579,True,generic_perf,False,True
2989257623,airbyte-cdk/bulk/toolkits/load-object-storage/src/main/kotlin/io/airbyte/cdk/load/write/object_storage/ObjectStorageStreamLoaderFactory.kt,Devin,https://github.com/airbytehq/airbyte/pull/57579,True,generic_perf,False,True
2989257623,airbyte-cdk/bulk/toolkits/load-object-storage/src/main/kotlin/io/airbyte/cdk/load/write/object_storage/PartToObjectAccumulator.kt,Devin,https://github.com/airbytehq/airbyte/pull/57579,True,generic_perf,False,True
2989257623,airbyte-cdk/bulk/toolkits/load-object-storage/src/test/kotlin/io/airbyte/cdk/load/pipeline/object_storage/ObjectLoaderPartQueueTest.kt,Devin,https://github.com/airbytehq/airbyte/pull/57579,True,generic_perf,False,True
2989257623,airbyte-cdk/bulk/toolkits/load-object-storage/src/test/kotlin/io/airbyte/cdk/load/state/object_storage/ObjectStorageDestinationStateUTest.kt,Devin,https://github.com/airbytehq/airbyte/pull/57579,True,generic_perf,False,True
2989257623,airbyte-cdk/bulk/toolkits/load-object-storage/src/test/kotlin/io/airbyte/cdk/load/write/object_storage/PartToObjectAccumulatorTest.kt,Devin,https://github.com/airbytehq/airbyte/pull/57579,True,generic_perf,False,True
2989257623,airbyte-cdk/bulk/core/load/src/integrationTest/kotlin/io/airbyte/cdk/load/mock_integration_test/MockDestinationBackend.kt,Devin,https://github.com/airbytehq/airbyte/pull/57579,True,generic_perf,False,True
2989257623,airbyte-cdk/bulk/core/load/src/testFixtures/kotlin/io/airbyte/cdk/load/test/util/DestinationDataDumper.kt,Devin,https://github.com/airbytehq/airbyte/pull/57579,True,generic_perf,False,True
2989257623,airbyte-cdk/bulk/core/load/src/testFixtures/kotlin/io/airbyte/cdk/load/write/BasicFunctionalityIntegrationTest.kt,Devin,https://github.com/airbytehq/airbyte/pull/57579,True,generic_perf,False,True
2989257623,airbyte-cdk/bulk/toolkits/load-azure-blob-storage/build.gradle,Devin,https://github.com/airbytehq/airbyte/pull/57579,True,generic_perf,False,True
2989257623,airbyte-cdk/bulk/toolkits/load-azure-blob-storage/src/main/kotlin/io/airbyte/cdk/load/command/azureBlobStorage/AzureBlobStorageClientSpecification.kt,Devin,https://github.com/airbytehq/airbyte/pull/57579,True,generic_perf,False,True
2989257623,airbyte-cdk/bulk/toolkits/load-azure-blob-storage/src/main/kotlin/io/airbyte/cdk/load/file/azureBlobStorage/AzureBlobStorageClient.kt,Devin,https://github.com/airbytehq/airbyte/pull/57579,True,generic_perf,False,True
2989257623,airbyte-cdk/bulk/toolkits/load-azure-blob-storage/src/main/kotlin/io/airbyte/cdk/load/file/azureBlobStorage/AzureBlobStorageClientFactory.kt,Devin,https://github.com/airbytehq/airbyte/pull/57579,True,generic_perf,False,True
2989257623,airbyte-cdk/bulk/toolkits/load-azure-blob-storage/src/main/kotlin/io/airbyte/cdk/load/file/azureBlobStorage/AzureBlobStreamingUpload.kt,Devin,https://github.com/airbytehq/airbyte/pull/57579,True,generic_perf,False,True
2989257623,airbyte-cdk/bulk/toolkits/load-azure-blob-storage/src/test/kotlin/io/airbyte/cdk/load/file/azureBlobStorage/AzureBlobClientTest.kt,Devin,https://github.com/airbytehq/airbyte/pull/57579,True,generic_perf,False,True
2989257623,airbyte-cdk/bulk/toolkits/load-azure-blob-storage/src/test/kotlin/io/airbyte/cdk/load/file/azureBlobStorage/AzureBlobStreamingUploadTest.kt,Devin,https://github.com/airbytehq/airbyte/pull/57579,True,generic_perf,False,True
2989257623,airbyte-cdk/bulk/toolkits/load-iceberg-parquet/src/testFixtures/kotlin/io/airbyte/cdk/load/data/icerberg/parquet/IcebergDataDumper.kt,Devin,https://github.com/airbytehq/airbyte/pull/57579,True,generic_perf,False,True
2989257623,airbyte-cdk/bulk/toolkits/load-object-storage/src/main/kotlin/io/airbyte/cdk/load/command/object_storage/DeprecatedObjectStorageFormatSpecification.kt,Devin,https://github.com/airbytehq/airbyte/pull/57579,True,generic_perf,False,True
2989257623,airbyte-cdk/bulk/toolkits/load-object-storage/src/main/kotlin/io/airbyte/cdk/load/command/object_storage/ObjectStorageFormatSpecification.kt,Devin,https://github.com/airbytehq/airbyte/pull/57579,True,generic_perf,False,True
2989257623,airbyte-cdk/bulk/toolkits/load-object-storage/src/testFixtures/kotlin/io/airbyte/cdk/load/ObjectStorageDataDumper.kt,Devin,https://github.com/airbytehq/airbyte/pull/57579,True,generic_perf,False,True
3068941331,pkg/tools/benchmark/doc.go,Devin,https://github.com/vdaas/vald/pull/2973,True,generic_perf,False,True
3068941331,pkg/tools/benchmark/job/usecase/benchmarkd.go,Devin,https://github.com/vdaas/vald/pull/2973,True,generic_perf,False,True
3068941331,pkg/tools/benchmark/job/usecase/doc.go,Devin,https://github.com/vdaas/vald/pull/2973,True,generic_perf,False,True
3068941331,pkg/tools/benchmark/operator/usecase/benchmarkd.go,Devin,https://github.com/vdaas/vald/pull/2973,True,generic_perf,False,True
3068941331,pkg/tools/benchmark/operator/usecase/doc.go,Devin,https://github.com/vdaas/vald/pull/2973,True,generic_perf,False,True
3068941331,internal/config/benchmark.go,Devin,https://github.com/vdaas/vald/pull/2973,True,generic_perf,False,True
3068941331,internal/errors/benchmark.go,Devin,https://github.com/vdaas/vald/pull/2973,True,generic_perf,False,True
3068941331,cmd/tools/benchmark/doc.go,Devin,https://github.com/vdaas/vald/pull/2973,True,generic_perf,False,True
3068941331,hack/benchmark/doc.go,Devin,https://github.com/vdaas/vald/pull/2973,True,generic_perf,False,True
3068941331,cmd/tools/benchmark/job/doc.go,Devin,https://github.com/vdaas/vald/pull/2973,True,generic_perf,False,True
3068941331,cmd/tools/benchmark/operator/doc.go,Devin,https://github.com/vdaas/vald/pull/2973,True,generic_perf,False,True
3068941331,cmd/tools/cli/benchmark/core/doc.go,Devin,https://github.com/vdaas/vald/pull/2973,True,generic_perf,False,True
3068941331,cmd/tools/cli/benchmark/doc.go,Devin,https://github.com/vdaas/vald/pull/2973,True,generic_perf,False,True
3068941331,pkg/tools/benchmark/operator/doc.go,Devin,https://github.com/vdaas/vald/pull/2973,True,generic_perf,False,True
3068941331,pkg/tools/benchmark/operator/handler/grpc/doc.go,Devin,https://github.com/vdaas/vald/pull/2973,True,generic_perf,False,True
3068941331,pkg/tools/benchmark/operator/handler/rest/doc.go,Devin,https://github.com/vdaas/vald/pull/2973,True,generic_perf,False,True
3068941331,pkg/tools/benchmark/job/doc.go,Devin,https://github.com/vdaas/vald/pull/2973,True,generic_perf,False,True
3068941331,pkg/tools/benchmark/job/handler/grpc/doc.go,Devin,https://github.com/vdaas/vald/pull/2973,True,generic_perf,False,True
3068941331,pkg/tools/benchmark/job/handler/rest/doc.go,Devin,https://github.com/vdaas/vald/pull/2973,True,generic_perf,False,True
2975829994,benchmarks/sharded-bm/bench.sh,Devin,https://github.com/near/nearcore/pull/13306,True,generic_perf,False,True
2975829994,benchmarks/synth-bm/Cargo.lock,Devin,https://github.com/near/nearcore/pull/13306,True,generic_perf,False,True
2975829994,benchmarks/synth-bm/Cargo.toml,Devin,https://github.com/near/nearcore/pull/13306,True,generic_perf,False,True
2975829994,benchmarks/transactions-generator/justfile,Devin,https://github.com/near/nearcore/pull/13306,True,generic_perf,False,True
2975829994,integration-tests/src/tests/client/benchmarks.rs,Devin,https://github.com/near/nearcore/pull/13306,True,generic_perf,False,True
3233626304,airbyte-integrations/connectors/source-k6-cloud/acceptance-test-config.yml,Devin,https://github.com/airbytehq/airbyte/pull/63317,True,k6,False,True
3272147769,.claude/commands/benchmark-execute.md,Devin,https://github.com/liam-hq/liam/pull/2746,True,generic_perf,False,True
2990501610,tests/load_tests/monitor_db.py,Devin,https://github.com/ai-shifu/ai-shifu/pull/345,True,generic_perf,False,True
2990501610,tests/load_tests/test_concurrency.py,Devin,https://github.com/ai-shifu/ai-shifu/pull/345,True,generic_perf,False,True
2990501610,tests/load_tests/transaction_test.py,Devin,https://github.com/ai-shifu/ai-shifu/pull/345,True,generic_perf,False,True
2990501610,tests/load_tests/monitor_db.py,Devin,https://github.com/ai-shifu/ai-shifu/pull/345,True,generic_perf,False,True
2990501610,tests/load_tests/test_concurrency.py,Devin,https://github.com/ai-shifu/ai-shifu/pull/345,True,generic_perf,False,True
2990501610,tests/load_tests/transaction_test.py,Devin,https://github.com/ai-shifu/ai-shifu/pull/345,True,generic_perf,False,True
2990011113,benches/codec_benchmark.rs,Devin,https://github.com/cberner/raptorq/pull/188,True,generic_perf,False,True
2990011113,benches/decode_benchmark.rs,Devin,https://github.com/cberner/raptorq/pull/188,True,generic_perf,False,True
2990011113,benches/encode_benchmark.rs,Devin,https://github.com/cberner/raptorq/pull/188,True,generic_perf,False,True
3193985099,apps/hermes/server/src/state/benchmarks.rs,Devin,https://github.com/pyth-network/pyth-crosschain/pull/2827,True,generic_perf,False,True
3150592086,.github/workflows/turbopack-benchmark.yml,Devin,https://github.com/vercel/next.js/pull/80580,True,generic_perf,False,True
2841035709,airbyte-cdk/bulk/core/load/src/testFixtures/kotlin/io/airbyte/cdk/load/write/BasicPerformanceTest.kt,Devin,https://github.com/airbytehq/airbyte/pull/53607,True,generic_perf,False,True
2841035709,airbyte-cdk/bulk/core/load/src/testFixtures/kotlin/io/airbyte/cdk/load/write/PerformanceTestScenarios.kt,Devin,https://github.com/airbytehq/airbyte/pull/53607,True,generic_perf,False,True
2841035709,airbyte-cdk/bulk/toolkits/load-iceberg-parquet/src/main/kotlin/io/airbyte/cdk/load/command/iceberg/parquet/IcebergCatalogSpecifications.kt,Devin,https://github.com/airbytehq/airbyte/pull/53607,True,generic_perf,False,True
3140243326,.github/workflows/benchmarks.yml,Devin,https://github.com/openvm-org/openvm/pull/1732,True,generic_perf,False,True
3140243326,benchmarks/guest/keccak256/Cargo.toml,Devin,https://github.com/openvm-org/openvm/pull/1732,True,generic_perf,False,True
3140243326,benchmarks/guest/keccak256/src/main.rs,Devin,https://github.com/openvm-org/openvm/pull/1732,True,generic_perf,False,True
3140243326,benchmarks/guest/keccak256_iter/Cargo.toml,Devin,https://github.com/openvm-org/openvm/pull/1732,True,generic_perf,False,True
3140243326,benchmarks/guest/keccak256_iter/src/main.rs,Devin,https://github.com/openvm-org/openvm/pull/1732,True,generic_perf,False,True
3140243326,benchmarks/guest/kitchen-sink/Cargo.toml,Devin,https://github.com/openvm-org/openvm/pull/1732,True,generic_perf,False,True
3140243326,benchmarks/guest/kitchen-sink/openvm.toml,Devin,https://github.com/openvm-org/openvm/pull/1732,True,generic_perf,False,True
3140243326,benchmarks/guest/kitchen-sink/src/main.rs,Devin,https://github.com/openvm-org/openvm/pull/1732,True,generic_perf,False,True
3140243326,benchmarks/guest/pairing/openvm.toml,Devin,https://github.com/openvm-org/openvm/pull/1732,True,generic_perf,False,True
3140243326,benchmarks/guest/pairing/src/main.rs,Devin,https://github.com/openvm-org/openvm/pull/1732,True,generic_perf,False,True
3140243326,benchmarks/guest/sha256/Cargo.toml,Devin,https://github.com/openvm-org/openvm/pull/1732,True,generic_perf,False,True
3140243326,benchmarks/guest/sha256/src/main.rs,Devin,https://github.com/openvm-org/openvm/pull/1732,True,generic_perf,False,True
3140243326,benchmarks/guest/sha256_iter/Cargo.toml,Devin,https://github.com/openvm-org/openvm/pull/1732,True,generic_perf,False,True
3140243326,benchmarks/guest/sha256_iter/src/main.rs,Devin,https://github.com/openvm-org/openvm/pull/1732,True,generic_perf,False,True
3140243326,benchmarks/prove/Cargo.toml,Devin,https://github.com/openvm-org/openvm/pull/1732,True,generic_perf,False,True
3117107303,lib/agents/load-agent.ts,Devin,https://github.com/ibelick/zola/pull/185,True,generic_perf,False,True
2927463862,tests/benchmark/benchmark_init.py,Devin,https://github.com/AgentOps-AI/agentops/pull/865,True,generic_perf,False,True
3131468667,sdk/monitor/monitor-opentelemetry-perf-tests/package.json,GitHub Copilot,https://github.com/Azure/azure-sdk-for-js/pull/34756,True,generic_perf,False,True
3194210207,cmake/benchmark.cmake,GitHub Copilot,https://github.com/open-telemetry/opentelemetry-cpp/pull/3513,True,generic_perf,False,True
3124252797,test/e2e/runner/benchmark.go,GitHub Copilot,https://github.com/celestiaorg/celestia-core/pull/1914,True,generic_perf,False,True
3166856651,core/src/test/kotlin/integration_tests/LoadTestsFromExternalisedFiles.kt,GitHub Copilot,https://github.com/specmatic/specmatic/pull/1922,True,generic_perf,False,True
3186642813,app/benchmarks/benchmark_ibc_update_client_test.go,GitHub Copilot,https://github.com/celestiaorg/celestia-app/pull/5101,True,generic_perf,False,True
3186642813,app/benchmarks/benchmark_msg_send_test.go,GitHub Copilot,https://github.com/celestiaorg/celestia-app/pull/5101,True,generic_perf,False,True
3186642813,app/benchmarks/benchmark_pfb_test.go,GitHub Copilot,https://github.com/celestiaorg/celestia-app/pull/5101,True,generic_perf,False,True
3186642813,app/benchmarks/gas_estimator_test.go,GitHub Copilot,https://github.com/celestiaorg/celestia-app/pull/5101,True,generic_perf,False,True
3186642813,tools/chainbuilder/benchmark_test.go,GitHub Copilot,https://github.com/celestiaorg/celestia-app/pull/5101,True,generic_perf,False,True
3183651013,test/e2e/benchmark/benchmark.go,GitHub Copilot,https://github.com/celestiaorg/celestia-app/pull/5095,True,generic_perf,False,True
3183651013,test/e2e/benchmark/main.go,GitHub Copilot,https://github.com/celestiaorg/celestia-app/pull/5095,True,generic_perf,False,True
3183651013,test/e2e/benchmark/manifest.go,GitHub Copilot,https://github.com/celestiaorg/celestia-app/pull/5095,True,generic_perf,False,True
3183651013,test/e2e/benchmark/throughput.go,GitHub Copilot,https://github.com/celestiaorg/celestia-app/pull/5095,True,generic_perf,False,True
3192880319,tests/SharpSite.Tests.Web/ApplicationState/Load/WhenFileDoesNotExist.cs,GitHub Copilot,https://github.com/FritzAndFriends/SharpSite/pull/340,True,generic_perf,False,True
3192880319,tests/SharpSite.Tests.Web/ApplicationState/Load/WhenFileExists.cs,GitHub Copilot,https://github.com/FritzAndFriends/SharpSite/pull/340,True,generic_perf,False,True
3188777808,extensions/vscode-colorize-perf-tests/src/index.ts,GitHub Copilot,https://github.com/microsoft/vscode/pull/253012,True,generic_perf,False,True
3259111897,vendor/bundle/ruby/3.2.0/gems/activesupport-8.0.2/lib/active_support/benchmark.rb,GitHub Copilot,https://github.com/middleman/middleman-blog/pull/395,True,generic_perf,False,True
3259111897,vendor/bundle/ruby/3.2.0/gems/activesupport-8.0.2/lib/active_support/benchmarkable.rb,GitHub Copilot,https://github.com/middleman/middleman-blog/pull/395,True,generic_perf,False,True
3259111897,vendor/bundle/ruby/3.2.0/gems/activesupport-8.0.2/lib/active_support/concurrency/load_interlock_aware_monitor.rb,GitHub Copilot,https://github.com/middleman/middleman-blog/pull/395,True,generic_perf,False,True
3259111897,vendor/bundle/ruby/3.2.0/gems/activesupport-8.0.2/lib/active_support/core_ext/benchmark.rb,GitHub Copilot,https://github.com/middleman/middleman-blog/pull/395,True,generic_perf,False,True
3259111897,vendor/bundle/ruby/3.2.0/gems/activesupport-8.0.2/lib/active_support/core_ext/load_error.rb,GitHub Copilot,https://github.com/middleman/middleman-blog/pull/395,True,generic_perf,False,True
3259111897,vendor/bundle/ruby/3.2.0/gems/activesupport-8.0.2/lib/active_support/lazy_load_hooks.rb,GitHub Copilot,https://github.com/middleman/middleman-blog/pull/395,True,generic_perf,False,True
3259111897,vendor/bundle/ruby/3.2.0/gems/activesupport-8.0.2/lib/active_support/benchmark.rb,GitHub Copilot,https://github.com/middleman/middleman-blog/pull/395,True,generic_perf,False,True
3259111897,vendor/bundle/ruby/3.2.0/gems/activesupport-8.0.2/lib/active_support/benchmarkable.rb,GitHub Copilot,https://github.com/middleman/middleman-blog/pull/395,True,generic_perf,False,True
3259111897,vendor/bundle/ruby/3.2.0/gems/activesupport-8.0.2/lib/active_support/concurrency/load_interlock_aware_monitor.rb,GitHub Copilot,https://github.com/middleman/middleman-blog/pull/395,True,generic_perf,False,True
3259111897,vendor/bundle/ruby/3.2.0/gems/activesupport-8.0.2/lib/active_support/core_ext/benchmark.rb,GitHub Copilot,https://github.com/middleman/middleman-blog/pull/395,True,generic_perf,False,True
3259111897,vendor/bundle/ruby/3.2.0/gems/activesupport-8.0.2/lib/active_support/core_ext/load_error.rb,GitHub Copilot,https://github.com/middleman/middleman-blog/pull/395,True,generic_perf,False,True
3259111897,vendor/bundle/ruby/3.2.0/gems/activesupport-8.0.2/lib/active_support/lazy_load_hooks.rb,GitHub Copilot,https://github.com/middleman/middleman-blog/pull/395,True,generic_perf,False,True
3231937964,benchmarks/csharp/csharp_benchmark.csproj,GitHub Copilot,https://github.com/valkey-io/valkey-glide/pull/4386,True,generic_perf,False,True
3231937964,java/benchmarks/build.gradle,GitHub Copilot,https://github.com/valkey-io/valkey-glide/pull/4386,True,generic_perf,False,True
3174268903,playground/Stress/Stress.AppHost/Program.cs,GitHub Copilot,https://github.com/dotnet/aspire/pull/10035,True,generic_perf,False,True
3083854650,src/Http/Http/perf/Microbenchmarks/Microsoft.AspNetCore.Http.Microbenchmarks.csproj,GitHub Copilot,https://github.com/dotnet/aspnetcore/pull/62071,True,generic_perf,False,True
3083854650,src/Http/Http/perf/Microbenchmarks/ValidatableTypesBenchmark.cs,GitHub Copilot,https://github.com/dotnet/aspnetcore/pull/62071,True,generic_perf,False,True
3169504363,common/perf-test-core/pom.xml,GitHub Copilot,https://github.com/Azure/azure-sdk-for-java/pull/45800,True,generic_perf,False,True
3169504363,sdk/appconfiguration/azure-data-appconfiguration-perf/pom.xml,GitHub Copilot,https://github.com/Azure/azure-sdk-for-java/pull/45800,True,generic_perf,False,True
3272931611,packages/docs/docs/fonts-api/load-font.mdx,GitHub Copilot,https://github.com/remotion-dev/remotion/pull/5538,True,generic_perf,False,True
3272931611,packages/docs/docs/google-fonts/load-font-from-info.mdx,GitHub Copilot,https://github.com/remotion-dev/remotion/pull/5538,True,generic_perf,False,True
3272931611,packages/docs/docs/google-fonts/load-font.mdx,GitHub Copilot,https://github.com/remotion-dev/remotion/pull/5538,True,generic_perf,False,True
3080023392,tests/benchmarks/CompiledCodeBenchmarks/MicroPerf/ArraySlicing.fs,GitHub Copilot,https://github.com/dotnet/fsharp/pull/18584,True,generic_perf,False,True
3080023392,tests/benchmarks/CompiledCodeBenchmarks/MicroPerf/MicroPerf.fsproj,GitHub Copilot,https://github.com/dotnet/fsharp/pull/18584,True,generic_perf,False,True
3223695360,examples/compare_cpu_load_and_RAPL.py,GitHub Copilot,https://github.com/mlco2/codecarbon/pull/892,True,generic_perf,False,True
3100789352,tools/perf/Compare-PerformanceData.ps1,GitHub Copilot,https://github.com/AArnott/Nerdbank.MessagePack/pull/414,True,generic_perf,False,True
3100789352,tools/perf/Post-PerfComment.ps1,GitHub Copilot,https://github.com/AArnott/Nerdbank.MessagePack/pull/414,True,generic_perf,False,True
3100789352,tools/perf/README.md,GitHub Copilot,https://github.com/AArnott/Nerdbank.MessagePack/pull/414,True,generic_perf,False,True
3100789352,tools/perf/Store-PerformanceData.ps1,GitHub Copilot,https://github.com/AArnott/Nerdbank.MessagePack/pull/414,True,generic_perf,False,True
3100789352,tools/perf/Compare-PerformanceData.ps1,GitHub Copilot,https://github.com/AArnott/Nerdbank.MessagePack/pull/414,True,generic_perf,False,True
3100789352,tools/perf/EXAMPLES.md,GitHub Copilot,https://github.com/AArnott/Nerdbank.MessagePack/pull/414,True,generic_perf,False,True
3100789352,tools/perf/Store-PerformanceData.ps1,GitHub Copilot,https://github.com/AArnott/Nerdbank.MessagePack/pull/414,True,generic_perf,False,True
3100789352,tools/perf/Test-PerformanceLogic.ps1,GitHub Copilot,https://github.com/AArnott/Nerdbank.MessagePack/pull/414,True,generic_perf,False,True
3100789352,tools/perf/Compare-PerformanceData.ps1,GitHub Copilot,https://github.com/AArnott/Nerdbank.MessagePack/pull/414,True,generic_perf,False,True
3100789352,tools/perf/Store-PerformanceData.ps1,GitHub Copilot,https://github.com/AArnott/Nerdbank.MessagePack/pull/414,True,generic_perf,False,True
3262417356,src/Platform/Microsoft.Testing.Extensions.HotReload/HotReloadTestHostTestFrameworkInvoker.cs,GitHub Copilot,https://github.com/microsoft/testfx/pull/6165,True,generic_perf,False,True
3090593775,src/start/startBenchmark.ts,GitHub Copilot,https://github.com/bennycode/trading-signals/pull/806,True,generic_perf,False,True
3090593775,src/start/startBenchmark.ts,GitHub Copilot,https://github.com/bennycode/trading-signals/pull/806,True,generic_perf,False,True
3090593775,src/start/startBenchmark.ts,GitHub Copilot,https://github.com/bennycode/trading-signals/pull/806,True,generic_perf,False,True
3139980757,tests/benchmarks/CompiledCodeBenchmarks/MicroPerf/ArraySlicing.fs,GitHub Copilot,https://github.com/dotnet/fsharp/pull/18687,True,generic_perf,False,True
3139980757,tests/benchmarks/CompiledCodeBenchmarks/MicroPerf/MicroPerf.fsproj,GitHub Copilot,https://github.com/dotnet/fsharp/pull/18687,True,generic_perf,False,True
3075074837,packages/tokens-studio-for-figma/benchmark/build/tests/applyToDocument.js,GitHub Copilot,https://github.com/tokens-studio/figma-plugin/pull/3359,True,generic_perf,False,True
3075074837,packages/tokens-studio-for-figma/benchmark/build/tests/applyToDocument.js.map,GitHub Copilot,https://github.com/tokens-studio/figma-plugin/pull/3359,True,generic_perf,False,True
3075074837,packages/tokens-studio-for-figma/benchmark/build/tests/baseline.js,GitHub Copilot,https://github.com/tokens-studio/figma-plugin/pull/3359,True,generic_perf,False,True
3075074837,packages/tokens-studio-for-figma/benchmark/build/tests/baseline.js.map,GitHub Copilot,https://github.com/tokens-studio/figma-plugin/pull/3359,True,generic_perf,False,True
3075074837,packages/tokens-studio-for-figma/benchmark/build/tests/transform_link_5.js,GitHub Copilot,https://github.com/tokens-studio/figma-plugin/pull/3359,True,generic_perf,False,True
3075074837,packages/tokens-studio-for-figma/benchmark/build/tests/transform_link_5.js.map,GitHub Copilot,https://github.com/tokens-studio/figma-plugin/pull/3359,True,generic_perf,False,True
3075074837,packages/tokens-studio-for-figma/benchmark/build/tests/transform_n-plus-one-equals-n-squared_n10.js,GitHub Copilot,https://github.com/tokens-studio/figma-plugin/pull/3359,True,generic_perf,False,True
3075074837,packages/tokens-studio-for-figma/benchmark/build/tests/transform_n-plus-one-equals-n-squared_n10.js.map,GitHub Copilot,https://github.com/tokens-studio/figma-plugin/pull/3359,True,generic_perf,False,True
3075074837,packages/tokens-studio-for-figma/benchmark/build/tests/transform_n-plus-one-equals-n-squared_n4.js,GitHub Copilot,https://github.com/tokens-studio/figma-plugin/pull/3359,True,generic_perf,False,True
3075074837,packages/tokens-studio-for-figma/benchmark/build/tests/transform_n-plus-one-equals-n-squared_n4.js.map,GitHub Copilot,https://github.com/tokens-studio/figma-plugin/pull/3359,True,generic_perf,False,True
3075074837,packages/tokens-studio-for-figma/benchmark/build/tests/transform_nest_10.js,GitHub Copilot,https://github.com/tokens-studio/figma-plugin/pull/3359,True,generic_perf,False,True
3075074837,packages/tokens-studio-for-figma/benchmark/build/tests/transform_nest_10.js.map,GitHub Copilot,https://github.com/tokens-studio/figma-plugin/pull/3359,True,generic_perf,False,True
3075074837,packages/tokens-studio-for-figma/benchmark/build/tests/transform_nest_100.js,GitHub Copilot,https://github.com/tokens-studio/figma-plugin/pull/3359,True,generic_perf,False,True
3075074837,packages/tokens-studio-for-figma/benchmark/build/tests/transform_nest_100.js.map,GitHub Copilot,https://github.com/tokens-studio/figma-plugin/pull/3359,True,generic_perf,False,True
3075074837,packages/tokens-studio-for-figma/benchmark/build/tests/transform_nest_2.js,GitHub Copilot,https://github.com/tokens-studio/figma-plugin/pull/3359,True,generic_perf,False,True
3075074837,packages/tokens-studio-for-figma/benchmark/build/tests/transform_nest_2.js.map,GitHub Copilot,https://github.com/tokens-studio/figma-plugin/pull/3359,True,generic_perf,False,True
3075074837,packages/tokens-studio-for-figma/benchmark/build/tests/applyToDocument.js,GitHub Copilot,https://github.com/tokens-studio/figma-plugin/pull/3359,True,generic_perf,False,True
3075074837,packages/tokens-studio-for-figma/benchmark/build/tests/applyToDocument.js.map,GitHub Copilot,https://github.com/tokens-studio/figma-plugin/pull/3359,True,generic_perf,False,True
3075074837,packages/tokens-studio-for-figma/benchmark/build/tests/baseline.js,GitHub Copilot,https://github.com/tokens-studio/figma-plugin/pull/3359,True,generic_perf,False,True
3075074837,packages/tokens-studio-for-figma/benchmark/build/tests/baseline.js.map,GitHub Copilot,https://github.com/tokens-studio/figma-plugin/pull/3359,True,generic_perf,False,True
3075074837,packages/tokens-studio-for-figma/benchmark/build/tests/transform_link_5.js,GitHub Copilot,https://github.com/tokens-studio/figma-plugin/pull/3359,True,generic_perf,False,True
3075074837,packages/tokens-studio-for-figma/benchmark/build/tests/transform_link_5.js.map,GitHub Copilot,https://github.com/tokens-studio/figma-plugin/pull/3359,True,generic_perf,False,True
3075074837,packages/tokens-studio-for-figma/benchmark/build/tests/transform_n-plus-one-equals-n-squared_n10.js,GitHub Copilot,https://github.com/tokens-studio/figma-plugin/pull/3359,True,generic_perf,False,True
3075074837,packages/tokens-studio-for-figma/benchmark/build/tests/transform_n-plus-one-equals-n-squared_n10.js.map,GitHub Copilot,https://github.com/tokens-studio/figma-plugin/pull/3359,True,generic_perf,False,True
3075074837,packages/tokens-studio-for-figma/benchmark/build/tests/transform_n-plus-one-equals-n-squared_n4.js,GitHub Copilot,https://github.com/tokens-studio/figma-plugin/pull/3359,True,generic_perf,False,True
3075074837,packages/tokens-studio-for-figma/benchmark/build/tests/transform_n-plus-one-equals-n-squared_n4.js.map,GitHub Copilot,https://github.com/tokens-studio/figma-plugin/pull/3359,True,generic_perf,False,True
3075074837,packages/tokens-studio-for-figma/benchmark/build/tests/transform_nest_10.js,GitHub Copilot,https://github.com/tokens-studio/figma-plugin/pull/3359,True,generic_perf,False,True
3075074837,packages/tokens-studio-for-figma/benchmark/build/tests/transform_nest_10.js.map,GitHub Copilot,https://github.com/tokens-studio/figma-plugin/pull/3359,True,generic_perf,False,True
3075074837,packages/tokens-studio-for-figma/benchmark/build/tests/transform_nest_100.js,GitHub Copilot,https://github.com/tokens-studio/figma-plugin/pull/3359,True,generic_perf,False,True
3075074837,packages/tokens-studio-for-figma/benchmark/build/tests/transform_nest_100.js.map,GitHub Copilot,https://github.com/tokens-studio/figma-plugin/pull/3359,True,generic_perf,False,True
3075074837,packages/tokens-studio-for-figma/benchmark/build/tests/transform_nest_2.js,GitHub Copilot,https://github.com/tokens-studio/figma-plugin/pull/3359,True,generic_perf,False,True
3075074837,packages/tokens-studio-for-figma/benchmark/build/tests/transform_nest_2.js.map,GitHub Copilot,https://github.com/tokens-studio/figma-plugin/pull/3359,True,generic_perf,False,True
3074542976,docs-mslearn/framework/quantify/benchmarking.md,GitHub Copilot,https://github.com/microsoft/finops-toolkit/pull/1606,True,generic_perf,False,True
3074542976,docs/svg/microsoft.loadtestservice/loadtests.svg,GitHub Copilot,https://github.com/microsoft/finops-toolkit/pull/1606,True,generic_perf,False,True
3193068019,src/perf/lib/PerfServer.cpp,GitHub Copilot,https://github.com/microsoft/msquic/pull/5213,True,generic_perf,False,True
3193068019,src/perf/lib/PerfServer.cpp,GitHub Copilot,https://github.com/microsoft/msquic/pull/5213,True,generic_perf,False,True
3080811433,conda/conda-releaselogs/azure-developer-loadtesting.md,GitHub Copilot,https://github.com/Azure/azure-sdk-for-python/pull/41243,True,generic_perf,False,True
3146327522,tools/dft_benchmark.cpp,GitHub Copilot,https://github.com/microsoft/onnxruntime/pull/25061,True,generic_perf,False,True
3133474971,test/e2e/runner/benchmark.go,GitHub Copilot,https://github.com/celestiaorg/celestia-core/pull/1959,True,generic_perf,False,True
3255737322,src/Components/benchmarkapps/Wasm.Performance/dockerfile,GitHub Copilot,https://github.com/dotnet/aspnetcore/pull/62877,True,generic_perf,False,True
3113120635,test/e2e/runner/benchmark.go,GitHub Copilot,https://github.com/celestiaorg/celestia-core/pull/1902,True,generic_perf,False,True
3221613034,test/SuperSocket.Benchmarks/SuperSocket.Benchmarks.csproj,GitHub Copilot,https://github.com/kerryjiang/SuperSocket/pull/809,True,generic_perf,False,True
3221613034,test/SuperSocket.Benchmarks/SuperSocket.Benchmarks.csproj,GitHub Copilot,https://github.com/kerryjiang/SuperSocket/pull/809,True,generic_perf,False,True
3168623396,.github/workflows/upload-perf-results.yml,GitHub Copilot,https://github.com/microsoft/ebpf-for-windows/pull/4471,True,generic_perf,False,True
3075035064,src/stable/build/commands/build/wasm_binary/rust/stable_canister_template/src/benchmarking.rs,GitHub Copilot,https://github.com/demergent-labs/azle/pull/3053,True,generic_perf,False,True
3075035064,src/stable/build/commands/build/wasm_binary/rust/stable_canister_template/src/benchmarking.rs,GitHub Copilot,https://github.com/demergent-labs/azle/pull/3053,True,generic_perf,False,True
3121953999,common/perf-test-core/pom.xml,GitHub Copilot,https://github.com/Azure/azure-sdk-for-java/pull/45609,True,generic_perf,False,True
3121953999,sdk/appconfiguration/azure-data-appconfiguration-perf/pom.xml,GitHub Copilot,https://github.com/Azure/azure-sdk-for-java/pull/45609,True,generic_perf,False,True
3121953999,sdk/communication/azure-communication-common-perf/pom.xml,GitHub Copilot,https://github.com/Azure/azure-sdk-for-java/pull/45609,True,generic_perf,False,True
3121953999,sdk/containerregistry/azure-containers-containerregistry-perf/pom.xml,GitHub Copilot,https://github.com/Azure/azure-sdk-for-java/pull/45609,True,generic_perf,False,True
3121953999,sdk/cosmos/azure-cosmos-benchmark/pom.xml,GitHub Copilot,https://github.com/Azure/azure-sdk-for-java/pull/45609,True,generic_perf,False,True
3121953999,common/perf-test-core/pom.xml,GitHub Copilot,https://github.com/Azure/azure-sdk-for-java/pull/45609,True,generic_perf,False,True
3121953999,sdk/core/azure-core-perf/pom.xml,GitHub Copilot,https://github.com/Azure/azure-sdk-for-java/pull/45609,True,generic_perf,False,True
3121953999,sdk/eventhubs/azure-messaging-eventhubs-track2-perf/pom.xml,GitHub Copilot,https://github.com/Azure/azure-sdk-for-java/pull/45609,True,generic_perf,False,True
3121953999,sdk/parents/azure-perf-test-parent-v2/CHANGELOG.md,GitHub Copilot,https://github.com/Azure/azure-sdk-for-java/pull/45609,True,generic_perf,False,True
3121953999,sdk/parents/azure-perf-test-parent-v2/README.md,GitHub Copilot,https://github.com/Azure/azure-sdk-for-java/pull/45609,True,generic_perf,False,True
3121953999,sdk/parents/azure-perf-test-parent-v2/pom.xml,GitHub Copilot,https://github.com/Azure/azure-sdk-for-java/pull/45609,True,generic_perf,False,True
3121953999,common/perf-test-core/pom.xml,GitHub Copilot,https://github.com/Azure/azure-sdk-for-java/pull/45609,True,generic_perf,False,True
3121953999,sdk/appconfiguration/azure-data-appconfiguration-perf/pom.xml,GitHub Copilot,https://github.com/Azure/azure-sdk-for-java/pull/45609,True,generic_perf,False,True
3121953999,sdk/clientcore/http-stress/README.md,GitHub Copilot,https://github.com/Azure/azure-sdk-for-java/pull/45609,True,generic_perf,False,True
3121953999,sdk/communication/azure-communication-common-perf/pom.xml,GitHub Copilot,https://github.com/Azure/azure-sdk-for-java/pull/45609,True,generic_perf,False,True
3121953999,sdk/containerregistry/azure-containers-containerregistry-perf/pom.xml,GitHub Copilot,https://github.com/Azure/azure-sdk-for-java/pull/45609,True,generic_perf,False,True
3121953999,sdk/cosmos/azure-cosmos-benchmark/pom.xml,GitHub Copilot,https://github.com/Azure/azure-sdk-for-java/pull/45609,True,generic_perf,False,True
3121953999,sdk/cosmos/azure-cosmos-benchmark/src/main/java/com/azure/cosmos/benchmark/AsyncBenchmark.java,GitHub Copilot,https://github.com/Azure/azure-sdk-for-java/pull/45609,True,generic_perf,False,True
3121953999,sdk/cosmos/azure-cosmos-benchmark/src/main/java/com/azure/cosmos/benchmark/CosmosSamplingDiagnosticsLogger.java,GitHub Copilot,https://github.com/Azure/azure-sdk-for-java/pull/45609,True,generic_perf,False,True
3121953999,sdk/cosmos/azure-cosmos-benchmark/src/main/java/com/azure/cosmos/benchmark/CosmosTotalResultReporter.java,GitHub Copilot,https://github.com/Azure/azure-sdk-for-java/pull/45609,True,generic_perf,False,True
3121953999,sdk/cosmos/azure-cosmos-benchmark/src/main/resources/log4j2.properties,GitHub Copilot,https://github.com/Azure/azure-sdk-for-java/pull/45609,True,generic_perf,False,True
3140584473,packages/typespec-test/test/loadTest/generated/typespec-ts/package.json,GitHub Copilot,https://github.com/Azure/autorest.typescript/pull/3279,True,generic_perf,False,True
3140584473,packages/typespec-test/test/loadTest/generated/typespec-ts/review/load-testing.api.md,GitHub Copilot,https://github.com/Azure/autorest.typescript/pull/3279,True,generic_perf,False,True
3140584473,packages/typespec-test/test/loadtesting_modular/generated/typespec-ts/package.json,GitHub Copilot,https://github.com/Azure/autorest.typescript/pull/3279,True,generic_perf,False,True
3140584473,packages/typespec-test/test/loadtesting_modular/generated/typespec-ts/review/load-testing.api.md,GitHub Copilot,https://github.com/Azure/autorest.typescript/pull/3279,True,generic_perf,False,True
3113051088,performance_test.go,GitHub Copilot,https://github.com/celestiaorg/rsmt2d/pull/361,True,generic_perf,False,True
3113051088,performance_test.go,GitHub Copilot,https://github.com/celestiaorg/rsmt2d/pull/361,True,generic_perf,False,True
3125744468,test/e2e/runner/benchmark.go,GitHub Copilot,https://github.com/celestiaorg/celestia-core/pull/1938,True,generic_perf,False,True
3161009617,.setuptools-cmake-build/_deps/pybind11-src/docs/benchmark.py,GitHub Copilot,https://github.com/onnx/onnx/pull/7058,True,generic_perf,False,True
3161009617,.setuptools-cmake-build/_deps/pybind11-src/docs/benchmark.rst,GitHub Copilot,https://github.com/onnx/onnx/pull/7058,True,generic_perf,False,True
3172846336,packages/http-client-csharp/generator/Microsoft.TypeSpec.Generator.Input/perf/TestData/StringEnum/tspCodeModel.json,GitHub Copilot,https://github.com/microsoft/typespec/pull/7729,True,generic_perf,False,True
3172846336,packages/http-client-csharp/generator/Microsoft.TypeSpec.Generator/perf/Projects/Model/Configuration.json,GitHub Copilot,https://github.com/microsoft/typespec/pull/7729,True,generic_perf,False,True
3172846336,packages/http-client-csharp/generator/Microsoft.TypeSpec.Generator/perf/Projects/Model/tspCodeModel.json,GitHub Copilot,https://github.com/microsoft/typespec/pull/7729,True,generic_perf,False,True
3195329595,docs-mslearn/framework/quantify/benchmarking.md,GitHub Copilot,https://github.com/microsoft/finops-toolkit/pull/1741,True,generic_perf,False,True
3195329595,docs/svg/microsoft.loadtestservice/playwrightworkspaces.svg,GitHub Copilot,https://github.com/microsoft/finops-toolkit/pull/1741,True,generic_perf,False,True
3251035072,lisa/tools/superbenchmark.py,GitHub Copilot,https://github.com/microsoft/lisa/pull/3927,True,generic_perf,False,True
3251035072,lisa/tools/superbenchmark.py,GitHub Copilot,https://github.com/microsoft/lisa/pull/3927,True,generic_perf,False,True
3259279446,vendor/bundle/ruby/3.2.0/gems/activesupport-8.0.2/lib/active_support/benchmark.rb,GitHub Copilot,https://github.com/middleman/middleman-blog/pull/396,True,generic_perf,False,True
3259279446,vendor/bundle/ruby/3.2.0/gems/activesupport-8.0.2/lib/active_support/benchmarkable.rb,GitHub Copilot,https://github.com/middleman/middleman-blog/pull/396,True,generic_perf,False,True
3259279446,vendor/bundle/ruby/3.2.0/gems/activesupport-8.0.2/lib/active_support/concurrency/load_interlock_aware_monitor.rb,GitHub Copilot,https://github.com/middleman/middleman-blog/pull/396,True,generic_perf,False,True
3259279446,vendor/bundle/ruby/3.2.0/gems/activesupport-8.0.2/lib/active_support/core_ext/benchmark.rb,GitHub Copilot,https://github.com/middleman/middleman-blog/pull/396,True,generic_perf,False,True
3259279446,vendor/bundle/ruby/3.2.0/gems/activesupport-8.0.2/lib/active_support/core_ext/load_error.rb,GitHub Copilot,https://github.com/middleman/middleman-blog/pull/396,True,generic_perf,False,True
3259279446,vendor/bundle/ruby/3.2.0/gems/activesupport-8.0.2/lib/active_support/lazy_load_hooks.rb,GitHub Copilot,https://github.com/middleman/middleman-blog/pull/396,True,generic_perf,False,True
3259279446,vendor/bundle/ruby/3.2.0/gems/activesupport-8.0.2/lib/active_support/benchmark.rb,GitHub Copilot,https://github.com/middleman/middleman-blog/pull/396,True,generic_perf,False,True
3259279446,vendor/bundle/ruby/3.2.0/gems/activesupport-8.0.2/lib/active_support/benchmarkable.rb,GitHub Copilot,https://github.com/middleman/middleman-blog/pull/396,True,generic_perf,False,True
3259279446,vendor/bundle/ruby/3.2.0/gems/activesupport-8.0.2/lib/active_support/concurrency/load_interlock_aware_monitor.rb,GitHub Copilot,https://github.com/middleman/middleman-blog/pull/396,True,generic_perf,False,True
3259279446,vendor/bundle/ruby/3.2.0/gems/activesupport-8.0.2/lib/active_support/core_ext/benchmark.rb,GitHub Copilot,https://github.com/middleman/middleman-blog/pull/396,True,generic_perf,False,True
3259279446,vendor/bundle/ruby/3.2.0/gems/activesupport-8.0.2/lib/active_support/core_ext/load_error.rb,GitHub Copilot,https://github.com/middleman/middleman-blog/pull/396,True,generic_perf,False,True
3259279446,vendor/bundle/ruby/3.2.0/gems/activesupport-8.0.2/lib/active_support/lazy_load_hooks.rb,GitHub Copilot,https://github.com/middleman/middleman-blog/pull/396,True,generic_perf,False,True
3209484916,.github/workflows/upload-perf-results.yml,GitHub Copilot,https://github.com/microsoft/ebpf-for-windows/pull/4501,True,generic_perf,False,True
3209484916,tests/stress/km/stress_tests_km.cpp,GitHub Copilot,https://github.com/microsoft/ebpf-for-windows/pull/4501,True,generic_perf,False,True
3238046925,src/Core/tests/Benchmarks/Benchmarks/FlexLayoutBenchmarker.cs,GitHub Copilot,https://github.com/dotnet/maui/pull/30672,True,generic_perf,False,True
3133692616,packages/typespec-test/test/loadTest/generated/typespec-ts/package.json,GitHub Copilot,https://github.com/Azure/autorest.typescript/pull/3253,True,generic_perf,False,True
3133692616,packages/typespec-test/test/loadTest/generated/typespec-ts/review/load-testing.api.md,GitHub Copilot,https://github.com/Azure/autorest.typescript/pull/3253,True,generic_perf,False,True
3133692616,packages/typespec-test/test/loadtesting_modular/generated/typespec-ts/api-extractor.json,GitHub Copilot,https://github.com/Azure/autorest.typescript/pull/3253,True,generic_perf,False,True
3133692616,packages/typespec-test/test/loadtesting_modular/generated/typespec-ts/package.json,GitHub Copilot,https://github.com/Azure/autorest.typescript/pull/3253,True,generic_perf,False,True
3133692616,packages/typespec-test/test/loadtesting_modular/generated/typespec-ts/review/load-testing.api.md,GitHub Copilot,https://github.com/Azure/autorest.typescript/pull/3253,True,generic_perf,False,True
3133692616,packages/typespec-test/test/loadtesting_modular/generated/typespec-ts/src/index.ts,GitHub Copilot,https://github.com/Azure/autorest.typescript/pull/3253,True,generic_perf,False,True
3133692616,packages/typespec-test/test/loadtesting_modular/generated/typespec-ts/src/loadTestAdministration/api/index.ts,GitHub Copilot,https://github.com/Azure/autorest.typescript/pull/3253,True,generic_perf,False,True
3133692616,packages/typespec-test/test/loadtesting_modular/generated/typespec-ts/src/loadTestAdministration/api/loadTestAdministrationContext.ts,GitHub Copilot,https://github.com/Azure/autorest.typescript/pull/3253,True,generic_perf,False,True
3133692616,packages/typespec-test/test/loadtesting_modular/generated/typespec-ts/src/loadTestAdministration/api/operations.ts,GitHub Copilot,https://github.com/Azure/autorest.typescript/pull/3253,True,generic_perf,False,True
3133692616,packages/typespec-test/test/loadtesting_modular/generated/typespec-ts/src/loadTestAdministration/api/options.ts,GitHub Copilot,https://github.com/Azure/autorest.typescript/pull/3253,True,generic_perf,False,True
3133692616,packages/typespec-test/test/loadtesting_modular/generated/typespec-ts/src/loadTestAdministration/index.ts,GitHub Copilot,https://github.com/Azure/autorest.typescript/pull/3253,True,generic_perf,False,True
3133692616,packages/typespec-test/test/loadtesting_modular/generated/typespec-ts/src/loadTestAdministration/loadTestAdministrationClient.ts,GitHub Copilot,https://github.com/Azure/autorest.typescript/pull/3253,True,generic_perf,False,True
3133692616,packages/typespec-test/test/loadtesting_modular/generated/typespec-ts/src/loadTestRun/api/index.ts,GitHub Copilot,https://github.com/Azure/autorest.typescript/pull/3253,True,generic_perf,False,True
3133692616,packages/typespec-test/test/loadtesting_modular/generated/typespec-ts/src/loadTestRun/api/loadTestRunContext.ts,GitHub Copilot,https://github.com/Azure/autorest.typescript/pull/3253,True,generic_perf,False,True
3133692616,packages/typespec-test/test/loadtesting_modular/generated/typespec-ts/src/loadTestRun/api/operations.ts,GitHub Copilot,https://github.com/Azure/autorest.typescript/pull/3253,True,generic_perf,False,True
3133692616,packages/typespec-test/test/loadtesting_modular/generated/typespec-ts/src/loadTestRun/api/options.ts,GitHub Copilot,https://github.com/Azure/autorest.typescript/pull/3253,True,generic_perf,False,True
3133692616,packages/typespec-test/test/loadtesting_modular/generated/typespec-ts/src/loadTestRun/index.ts,GitHub Copilot,https://github.com/Azure/autorest.typescript/pull/3253,True,generic_perf,False,True
3133692616,packages/typespec-test/test/loadtesting_modular/generated/typespec-ts/src/loadTestRun/loadTestRunClient.ts,GitHub Copilot,https://github.com/Azure/autorest.typescript/pull/3253,True,generic_perf,False,True
3133692616,packages/typespec-test/test/loadtesting_modular/generated/typespec-ts/src/models/index.ts,GitHub Copilot,https://github.com/Azure/autorest.typescript/pull/3253,True,generic_perf,False,True
3133692616,packages/typespec-test/test/loadtesting_modular/generated/typespec-ts/src/models/models.ts,GitHub Copilot,https://github.com/Azure/autorest.typescript/pull/3253,True,generic_perf,False,True
3133692616,packages/typespec-test/test/loadtesting_modular/generated/typespec-ts/src/testProfileAdministration/api/index.ts,GitHub Copilot,https://github.com/Azure/autorest.typescript/pull/3253,True,generic_perf,False,True
3133692616,packages/typespec-test/test/loadtesting_modular/generated/typespec-ts/src/testProfileAdministration/api/operations.ts,GitHub Copilot,https://github.com/Azure/autorest.typescript/pull/3253,True,generic_perf,False,True
3133692616,packages/typespec-test/test/loadtesting_modular/generated/typespec-ts/src/testProfileAdministration/api/options.ts,GitHub Copilot,https://github.com/Azure/autorest.typescript/pull/3253,True,generic_perf,False,True
3133692616,packages/typespec-test/test/loadtesting_modular/generated/typespec-ts/src/testProfileAdministration/api/testProfileAdministrationContext.ts,GitHub Copilot,https://github.com/Azure/autorest.typescript/pull/3253,True,generic_perf,False,True
3133692616,packages/typespec-test/test/loadtesting_modular/generated/typespec-ts/src/testProfileAdministration/index.ts,GitHub Copilot,https://github.com/Azure/autorest.typescript/pull/3253,True,generic_perf,False,True
3133692616,packages/typespec-test/test/loadtesting_modular/generated/typespec-ts/src/testProfileAdministration/testProfileAdministrationClient.ts,GitHub Copilot,https://github.com/Azure/autorest.typescript/pull/3253,True,generic_perf,False,True
3133692616,packages/typespec-test/test/loadtesting_modular/generated/typespec-ts/src/testProfileRun/api/index.ts,GitHub Copilot,https://github.com/Azure/autorest.typescript/pull/3253,True,generic_perf,False,True
3133692616,packages/typespec-test/test/loadtesting_modular/generated/typespec-ts/src/testProfileRun/api/operations.ts,GitHub Copilot,https://github.com/Azure/autorest.typescript/pull/3253,True,generic_perf,False,True
3133692616,packages/typespec-test/test/loadtesting_modular/generated/typespec-ts/src/testProfileRun/api/options.ts,GitHub Copilot,https://github.com/Azure/autorest.typescript/pull/3253,True,generic_perf,False,True
3133692616,packages/typespec-test/test/loadtesting_modular/generated/typespec-ts/src/testProfileRun/index.ts,GitHub Copilot,https://github.com/Azure/autorest.typescript/pull/3253,True,generic_perf,False,True
3133692616,packages/typespec-test/test/loadtesting_modular/generated/typespec-ts/src/testProfileRun/testProfileRunClient.ts,GitHub Copilot,https://github.com/Azure/autorest.typescript/pull/3253,True,generic_perf,False,True
3133692616,packages/typespec-test/test/loadTest/generated/typespec-ts/src/package.json,GitHub Copilot,https://github.com/Azure/autorest.typescript/pull/3253,True,generic_perf,False,True
3231948361,benchmarks/csharp/csharp_benchmark.csproj,GitHub Copilot,https://github.com/valkey-io/valkey-glide/pull/4390,True,generic_perf,False,True
3231948361,java/benchmarks/build.gradle,GitHub Copilot,https://github.com/valkey-io/valkey-glide/pull/4390,True,generic_perf,False,True
3078729881,Microsoft.Azure.Cosmos.Samples/Tools/Benchmark/BenchmarkConfig.cs,GitHub Copilot,https://github.com/Azure/azure-cosmos-dotnet-v3/pull/5209,True,generic_perf,False,True
3078729881,Microsoft.Azure.Cosmos.Samples/Tools/Benchmark/Program.cs,GitHub Copilot,https://github.com/Azure/azure-cosmos-dotnet-v3/pull/5209,True,generic_perf,False,True
3078729881,Microsoft.Azure.Cosmos.Samples/Tools/Benchmark/RunSummary.cs,GitHub Copilot,https://github.com/Azure/azure-cosmos-dotnet-v3/pull/5209,True,generic_perf,False,True
3078729881,Microsoft.Azure.Cosmos.Samples/Tools/Benchmark/loop.sh,GitHub Copilot,https://github.com/Azure/azure-cosmos-dotnet-v3/pull/5209,True,generic_perf,False,True
3078729881,Microsoft.Azure.Cosmos.Samples/Tools/Benchmark/run.sh,GitHub Copilot,https://github.com/Azure/azure-cosmos-dotnet-v3/pull/5209,True,generic_perf,False,True
3078729881,Microsoft.Azure.Cosmos.Samples/Tools/Benchmark/v3/CreateItemV3BenchmarkOperation.cs,GitHub Copilot,https://github.com/Azure/azure-cosmos-dotnet-v3/pull/5209,True,generic_perf,False,True
3078729881,Microsoft.Azure.Cosmos.Samples/Tools/Benchmark/v3/DeleteItemStreamV3BenchmarkOperation.cs,GitHub Copilot,https://github.com/Azure/azure-cosmos-dotnet-v3/pull/5209,True,generic_perf,False,True
3078729881,Microsoft.Azure.Cosmos.Samples/Tools/Benchmark/v3/DeleteItemV3BenchmarkOperation.cs,GitHub Copilot,https://github.com/Azure/azure-cosmos-dotnet-v3/pull/5209,True,generic_perf,False,True
3078729881,Microsoft.Azure.Cosmos.Samples/Tools/Benchmark/v3/ReadItemV3BenchmarkOperation.cs,GitHub Copilot,https://github.com/Azure/azure-cosmos-dotnet-v3/pull/5209,True,generic_perf,False,True
3078729881,Microsoft.Azure.Cosmos.Samples/Tools/Benchmark/v3/ReplaceItemStreamV3BenchmarkOperation.cs,GitHub Copilot,https://github.com/Azure/azure-cosmos-dotnet-v3/pull/5209,True,generic_perf,False,True
3078729881,Microsoft.Azure.Cosmos.Samples/Tools/Benchmark/v3/ReplaceItemV3BenchmarkOperation.cs,GitHub Copilot,https://github.com/Azure/azure-cosmos-dotnet-v3/pull/5209,True,generic_perf,False,True
3078729881,Microsoft.Azure.Cosmos.Samples/Tools/Benchmark/v3/UpsertItemStreamV3BenchmarkOperation.cs,GitHub Copilot,https://github.com/Azure/azure-cosmos-dotnet-v3/pull/5209,True,generic_perf,False,True
3078729881,Microsoft.Azure.Cosmos.Samples/Tools/Benchmark/v3/UpsertItemV3BenchmarkOperation.cs,GitHub Copilot,https://github.com/Azure/azure-cosmos-dotnet-v3/pull/5209,True,generic_perf,False,True
3078729881,Microsoft.Azure.Cosmos/tests/Microsoft.Azure.Cosmos.EmulatorTests/QueryPerfTest/MetricsAccumulator.cs,GitHub Copilot,https://github.com/Azure/azure-cosmos-dotnet-v3/pull/5209,True,generic_perf,False,True
3145680961,component/xload/xload_test.go,GitHub Copilot,https://github.com/Azure/azure-storage-fuse/pull/1836,True,generic_perf,False,True
3145680961,component/xload/xload_test.go,GitHub Copilot,https://github.com/Azure/azure-storage-fuse/pull/1836,True,generic_perf,False,True
3259545843,packages/tokens-studio-for-figma/benchmark/BENCHMARK.md,GitHub Copilot,https://github.com/tokens-studio/figma-plugin/pull/3470,True,generic_perf,False,True
3259545843,packages/tokens-studio-for-figma/benchmark/tests/applyToDocument.ts,GitHub Copilot,https://github.com/tokens-studio/figma-plugin/pull/3470,True,generic_perf,False,True
3259545843,packages/tokens-studio-for-figma/benchmark/tests/baseline.ts,GitHub Copilot,https://github.com/tokens-studio/figma-plugin/pull/3470,True,generic_perf,False,True
3259545843,packages/tokens-studio-for-figma/benchmark/BENCHMARK.md,GitHub Copilot,https://github.com/tokens-studio/figma-plugin/pull/3470,True,generic_perf,False,True
3259545843,packages/tokens-studio-for-figma/benchmark/tests/applyToDocument.ts,GitHub Copilot,https://github.com/tokens-studio/figma-plugin/pull/3470,True,generic_perf,False,True
3259545843,packages/tokens-studio-for-figma/benchmark/tests/baseline.ts,GitHub Copilot,https://github.com/tokens-studio/figma-plugin/pull/3470,True,generic_perf,False,True
3231934199,benchmarks/csharp/csharp_benchmark.csproj,GitHub Copilot,https://github.com/valkey-io/valkey-glide/pull/4378,True,generic_perf,False,True
3231934199,java/benchmarks/build.gradle,GitHub Copilot,https://github.com/valkey-io/valkey-glide/pull/4378,True,generic_perf,False,True
3139377588,packages/typespec-test/test/loadtesting_modular/generated/typespec-ts/package.json,GitHub Copilot,https://github.com/Azure/autorest.typescript/pull/3270,True,generic_perf,False,True
3139377588,packages/typespec-test/test/loadtesting_modular/generated/typespec-ts/review/load-testing.api.md,GitHub Copilot,https://github.com/Azure/autorest.typescript/pull/3270,True,generic_perf,False,True
3139377588,packages/typespec-test/test/loadtesting_modular/generated/typespec-ts/package.json,GitHub Copilot,https://github.com/Azure/autorest.typescript/pull/3270,True,generic_perf,False,True
3139377588,packages/typespec-test/test/loadtesting_modular/generated/typespec-ts/review/load-testing.api.md,GitHub Copilot,https://github.com/Azure/autorest.typescript/pull/3270,True,generic_perf,False,True
3231432076,packages/docs/components/Aac/Benchmarks.tsx,GitHub Copilot,https://github.com/remotion-dev/remotion/pull/5506,True,generic_perf,False,True
3081726892,test/BDNPerfTests/BDN_Benchmark_Config.json,GitHub Copilot,https://github.com/microsoft/garnet/pull/1213,True,generic_perf,False,True
3259062672,vendor/bundle/ruby/3.2.0/gems/activesupport-8.0.2/lib/active_support/benchmark.rb,GitHub Copilot,https://github.com/middleman/middleman-blog/pull/394,True,generic_perf,False,True
3259062672,vendor/bundle/ruby/3.2.0/gems/activesupport-8.0.2/lib/active_support/benchmarkable.rb,GitHub Copilot,https://github.com/middleman/middleman-blog/pull/394,True,generic_perf,False,True
3259062672,vendor/bundle/ruby/3.2.0/gems/activesupport-8.0.2/lib/active_support/concurrency/load_interlock_aware_monitor.rb,GitHub Copilot,https://github.com/middleman/middleman-blog/pull/394,True,generic_perf,False,True
3259062672,vendor/bundle/ruby/3.2.0/gems/activesupport-8.0.2/lib/active_support/core_ext/benchmark.rb,GitHub Copilot,https://github.com/middleman/middleman-blog/pull/394,True,generic_perf,False,True
3259062672,vendor/bundle/ruby/3.2.0/gems/activesupport-8.0.2/lib/active_support/core_ext/load_error.rb,GitHub Copilot,https://github.com/middleman/middleman-blog/pull/394,True,generic_perf,False,True
3259062672,vendor/bundle/ruby/3.2.0/gems/activesupport-8.0.2/lib/active_support/lazy_load_hooks.rb,GitHub Copilot,https://github.com/middleman/middleman-blog/pull/394,True,generic_perf,False,True
3164019328,src/cmi/scorm2004/cmi.ts,GitHub Copilot,https://github.com/jcputney/scorm-again/pull/1040,False,k6_content_only,True,True
3135413297,rebuild_benchmark.sh,GitHub Copilot,https://github.com/yegor256/micromap/pull/311,True,generic_perf,False,True
3135413297,rebuild_benchmark.sh,GitHub Copilot,https://github.com/yegor256/micromap/pull/311,True,generic_perf,False,True
3135413297,rebuild_benchmark.sh,GitHub Copilot,https://github.com/yegor256/micromap/pull/311,True,generic_perf,False,True
3135363020,sdk/loadtestservice/Azure.Developer.LoadTesting/src/Generated/Internal/ModelSerializationExtensions.cs,GitHub Copilot,https://github.com/Azure/azure-sdk-for-net/pull/50539,True,generic_perf,False,True
3135363020,sdk/loadtestservice/Azure.ResourceManager.LoadTesting/src/Generated/Internal/ModelSerializationExtensions.cs,GitHub Copilot,https://github.com/Azure/azure-sdk-for-net/pull/50539,True,generic_perf,False,True
3153218899,packages/docs/docs/fonts-api/load-font.mdx,GitHub Copilot,https://github.com/remotion-dev/remotion/pull/5396,True,generic_perf,False,True
3200233643,extensions/vscode-colorize-perf-tests/src/index.ts,GitHub Copilot,https://github.com/microsoft/vscode/pull/253969,True,generic_perf,False,True
3099639511,tests/fsharp/core/load-script/ProjectDriver.fsx,GitHub Copilot,https://github.com/dotnet/fsharp/pull/18631,True,generic_perf,False,True
3147261806,packages/cli/src/benchmark.ts,GitHub Copilot,https://github.com/remotion-dev/remotion/pull/5371,True,generic_perf,False,True
3147261806,packages/docs/docs/cli/benchmark.mdx,GitHub Copilot,https://github.com/remotion-dev/remotion/pull/5371,True,generic_perf,False,True
3169050288,test/benchmarks/Directory.Build.props,GitHub Copilot,https://github.com/dotnet/sdk/pull/49530,True,generic_perf,False,True
3169050288,test/benchmarks/StaticWebAssetsSdk/.gitignore,GitHub Copilot,https://github.com/dotnet/sdk/pull/49530,True,generic_perf,False,True
3169050288,test/benchmarks/StaticWebAssetsSdk/Directory.Build.template,GitHub Copilot,https://github.com/dotnet/sdk/pull/49530,True,generic_perf,False,True
3169050288,test/benchmarks/StaticWebAssetsSdk/EmptyBenchmark.cs,GitHub Copilot,https://github.com/dotnet/sdk/pull/49530,True,generic_perf,False,True
3169050288,test/benchmarks/StaticWebAssetsSdk/Microsoft.NET.Sdk.StaticWebAssets.Benchmarks.csproj,GitHub Copilot,https://github.com/dotnet/sdk/pull/49530,True,generic_perf,False,True
3169050288,test/benchmarks/StaticWebAssetsSdk/Program.cs,GitHub Copilot,https://github.com/dotnet/sdk/pull/49530,True,generic_perf,False,True
3214469484,care/emr/management/commands/load_fixtures.py,GitHub Copilot,https://github.com/ohcnetwork/care/pull/3127,True,generic_perf,False,True
3207665528,test/SuperSocket.Benchmarks/SuperSocket.Benchmarks.csproj,GitHub Copilot,https://github.com/kerryjiang/SuperSocket/pull/808,True,generic_perf,False,True
3207665528,test/SuperSocket.Benchmarks/SuperSocket.Benchmarks.csproj,GitHub Copilot,https://github.com/kerryjiang/SuperSocket/pull/808,True,generic_perf,False,True
3207665528,test/SuperSocket.Benchmarks/SuperSocket.Benchmarks.csproj,GitHub Copilot,https://github.com/kerryjiang/SuperSocket/pull/808,True,generic_perf,False,True
3207665528,test/SuperSocket.Benchmarks/SuperSocket.Benchmarks.csproj,GitHub Copilot,https://github.com/kerryjiang/SuperSocket/pull/808,True,generic_perf,False,True
3195801570,playground/Stress/Stress.AppHost/InteractionCommands.cs,GitHub Copilot,https://github.com/dotnet/aspire/pull/10203,True,generic_perf,False,True
3150709470,packages/typespec-test/test/loadTest/generated/typespec-ts/package.json,GitHub Copilot,https://github.com/Azure/autorest.typescript/pull/3295,True,generic_perf,False,True
3150709470,packages/typespec-test/test/loadtesting_modular/generated/typespec-ts/package.json,GitHub Copilot,https://github.com/Azure/autorest.typescript/pull/3295,True,generic_perf,False,True
3150709470,packages/typespec-test/test/loadTest/generated/typespec-ts/package.json,GitHub Copilot,https://github.com/Azure/autorest.typescript/pull/3295,True,generic_perf,False,True
3150709470,packages/typespec-test/test/loadtesting_modular/generated/typespec-ts/package.json,GitHub Copilot,https://github.com/Azure/autorest.typescript/pull/3295,True,generic_perf,False,True
3167097865,sdk/ml/azure-ai-ml/azure/ai/ml/entities/_job/pipeline/_load_component.py,GitHub Copilot,https://github.com/Azure/azure-sdk-for-python/pull/41715,True,generic_perf,False,True
3231934716,benchmarks/csharp/csharp_benchmark.csproj,GitHub Copilot,https://github.com/valkey-io/valkey-glide/pull/4379,True,generic_perf,False,True
3231934716,java/benchmarks/build.gradle,GitHub Copilot,https://github.com/valkey-io/valkey-glide/pull/4379,True,generic_perf,False,True
3089144159,playground/Stress/Stress.AppHost/aspire-manifest.json,GitHub Copilot,https://github.com/dotnet/aspire/pull/9503,True,generic_perf,False,True
3196955536,benchmarks/csharp/Program.cs,GitHub Copilot,https://github.com/valkey-io/valkey-glide/pull/4289,True,generic_perf,False,True
3094980327,sdk/servicebus/Azure.Messaging.ServiceBus/stress/Run-Stress.ps1,GitHub Copilot,https://github.com/Azure/azure-sdk-for-net/pull/50285,True,generic_perf,False,True
3094980327,sdk/storage/Azure.Storage.DataMovement.Blobs/stress/Run-Stress.ps1,GitHub Copilot,https://github.com/Azure/azure-sdk-for-net/pull/50285,True,generic_perf,False,True
3094980327,sdk/loadtestservice/Azure.Developer.LoadTesting/api/Azure.Developer.LoadTesting.net8.0.cs,GitHub Copilot,https://github.com/Azure/azure-sdk-for-net/pull/50285,True,generic_perf,False,True
3094980327,sdk/loadtestservice/Azure.Developer.LoadTesting/src/Generated/AzureLoadTestingClientBuilderExtensions.cs,GitHub Copilot,https://github.com/Azure/azure-sdk-for-net/pull/50285,True,generic_perf,False,True
3094980327,sdk/loadtestservice/Azure.Developer.Playwright.MSTest/Azure.Developer.Playwright.MSTest.sln,GitHub Copilot,https://github.com/Azure/azure-sdk-for-net/pull/50285,True,generic_perf,False,True
3094980327,sdk/loadtestservice/Azure.Developer.Playwright.MSTest/CHANGELOG.md,GitHub Copilot,https://github.com/Azure/azure-sdk-for-net/pull/50285,True,generic_perf,False,True
3094980327,sdk/loadtestservice/Azure.Developer.Playwright.MSTest/README.md,GitHub Copilot,https://github.com/Azure/azure-sdk-for-net/pull/50285,True,generic_perf,False,True
3094980327,sdk/loadtestservice/Azure.Developer.Playwright.MSTest/api/Azure.Developer.Playwright.MSTest.net8.0.cs,GitHub Copilot,https://github.com/Azure/azure-sdk-for-net/pull/50285,True,generic_perf,False,True
3094980327,sdk/loadtestservice/Azure.Developer.Playwright.MSTest/api/Azure.Developer.Playwright.MSTest.netstandard2.0.cs,GitHub Copilot,https://github.com/Azure/azure-sdk-for-net/pull/50285,True,generic_perf,False,True
3094980327,sdk/loadtestservice/Azure.Developer.Playwright.MSTest/samples/README.md,GitHub Copilot,https://github.com/Azure/azure-sdk-for-net/pull/50285,True,generic_perf,False,True
3094980327,sdk/loadtestservice/Azure.Developer.Playwright.MSTest/samples/Sample1_SimpleSetup.md,GitHub Copilot,https://github.com/Azure/azure-sdk-for-net/pull/50285,True,generic_perf,False,True
3094980327,sdk/loadtestservice/Azure.Developer.Playwright.MSTest/samples/Sample2_CustomisingServiceParameters.md,GitHub Copilot,https://github.com/Azure/azure-sdk-for-net/pull/50285,True,generic_perf,False,True
3094980327,sdk/loadtestservice/Azure.Developer.Playwright.MSTest/src/Azure.Developer.Playwright.MSTest.csproj,GitHub Copilot,https://github.com/Azure/azure-sdk-for-net/pull/50285,True,generic_perf,False,True
3094980327,sdk/loadtestservice/Azure.Developer.Playwright.MSTest/src/MSTestLogger.cs,GitHub Copilot,https://github.com/Azure/azure-sdk-for-net/pull/50285,True,generic_perf,False,True
3094980327,sdk/loadtestservice/Azure.Developer.Playwright.MSTest/src/PlaywrightServiceBrowserMSTest.cs,GitHub Copilot,https://github.com/Azure/azure-sdk-for-net/pull/50285,True,generic_perf,False,True
3094980327,sdk/loadtestservice/Azure.Developer.Playwright.MSTest/tests/Azure.Developer.Playwright.MSTest.Tests.csproj,GitHub Copilot,https://github.com/Azure/azure-sdk-for-net/pull/50285,True,generic_perf,False,True
3094980327,sdk/loadtestservice/Azure.Developer.Playwright.MSTest/tests/samples/README.md,GitHub Copilot,https://github.com/Azure/azure-sdk-for-net/pull/50285,True,generic_perf,False,True
3094980327,sdk/loadtestservice/Azure.Developer.Playwright.MSTest/tests/samples/Sample1_SimpleSetup.cs,GitHub Copilot,https://github.com/Azure/azure-sdk-for-net/pull/50285,True,generic_perf,False,True
3094980327,sdk/loadtestservice/Azure.Developer.Playwright.MSTest/tests/samples/Sample2_CustomisingServiceParameters.cs,GitHub Copilot,https://github.com/Azure/azure-sdk-for-net/pull/50285,True,generic_perf,False,True
3094980327,sdk/loadtestservice/Azure.Developer.Playwright.NUnit/Azure.Developer.Playwright.NUnit.sln,GitHub Copilot,https://github.com/Azure/azure-sdk-for-net/pull/50285,True,generic_perf,False,True
3094980327,sdk/loadtestservice/Azure.Developer.Playwright.NUnit/CHANGELOG.md,GitHub Copilot,https://github.com/Azure/azure-sdk-for-net/pull/50285,True,generic_perf,False,True
3094980327,sdk/loadtestservice/Azure.Developer.Playwright.NUnit/README.md,GitHub Copilot,https://github.com/Azure/azure-sdk-for-net/pull/50285,True,generic_perf,False,True
3094980327,sdk/loadtestservice/Azure.Developer.Playwright.NUnit/api/Azure.Developer.Playwright.NUnit.net8.0.cs,GitHub Copilot,https://github.com/Azure/azure-sdk-for-net/pull/50285,True,generic_perf,False,True
3094980327,sdk/loadtestservice/Azure.Developer.Playwright.NUnit/api/Azure.Developer.Playwright.NUnit.netstandard2.0.cs,GitHub Copilot,https://github.com/Azure/azure-sdk-for-net/pull/50285,True,generic_perf,False,True
3094980327,sdk/loadtestservice/Azure.Developer.Playwright.NUnit/samples/README.md,GitHub Copilot,https://github.com/Azure/azure-sdk-for-net/pull/50285,True,generic_perf,False,True
3094980327,sdk/loadtestservice/Azure.Developer.Playwright.NUnit/samples/Sample1_SimpleSetup.md,GitHub Copilot,https://github.com/Azure/azure-sdk-for-net/pull/50285,True,generic_perf,False,True
3094980327,sdk/loadtestservice/Azure.Developer.Playwright.NUnit/samples/Sample2_CustomisingServiceParameters.md,GitHub Copilot,https://github.com/Azure/azure-sdk-for-net/pull/50285,True,generic_perf,False,True
3094980327,sdk/loadtestservice/Azure.Developer.Playwright.NUnit/src/Azure.Developer.Playwright.NUnit.csproj,GitHub Copilot,https://github.com/Azure/azure-sdk-for-net/pull/50285,True,generic_perf,False,True
3094980327,sdk/loadtestservice/Azure.Developer.Playwright.NUnit/src/NUnitLogger.cs,GitHub Copilot,https://github.com/Azure/azure-sdk-for-net/pull/50285,True,generic_perf,False,True
3094980327,sdk/loadtestservice/Azure.Developer.Playwright.NUnit/src/PlaywrightServiceBrowserNUnit.cs,GitHub Copilot,https://github.com/Azure/azure-sdk-for-net/pull/50285,True,generic_perf,False,True
3094980327,sdk/loadtestservice/Azure.Developer.Playwright.NUnit/tests/Azure.Developer.Playwright.NUnit.Tests.csproj,GitHub Copilot,https://github.com/Azure/azure-sdk-for-net/pull/50285,True,generic_perf,False,True
3094980327,sdk/loadtestservice/Azure.Developer.Playwright.NUnit/tests/samples/README.md,GitHub Copilot,https://github.com/Azure/azure-sdk-for-net/pull/50285,True,generic_perf,False,True
3094980327,sdk/loadtestservice/Azure.Developer.Playwright.NUnit/tests/samples/Sample1_SimpleSetup.cs,GitHub Copilot,https://github.com/Azure/azure-sdk-for-net/pull/50285,True,generic_perf,False,True
3094980327,sdk/loadtestservice/Azure.Developer.Playwright.NUnit/tests/samples/Sample2_CustomisingServiceParameters.cs,GitHub Copilot,https://github.com/Azure/azure-sdk-for-net/pull/50285,True,generic_perf,False,True
3094980327,sdk/loadtestservice/Azure.Developer.Playwright/Azure.Developer.Playwright.sln,GitHub Copilot,https://github.com/Azure/azure-sdk-for-net/pull/50285,True,generic_perf,False,True
3094980327,sdk/loadtestservice/Azure.Developer.Playwright/CHANGELOG.md,GitHub Copilot,https://github.com/Azure/azure-sdk-for-net/pull/50285,True,generic_perf,False,True
3094980327,sdk/loadtestservice/Azure.Developer.Playwright/Directory.Build.props,GitHub Copilot,https://github.com/Azure/azure-sdk-for-net/pull/50285,True,generic_perf,False,True
3094980327,sdk/loadtestservice/Azure.Developer.Playwright/README.md,GitHub Copilot,https://github.com/Azure/azure-sdk-for-net/pull/50285,True,generic_perf,False,True
3094980327,sdk/loadtestservice/Azure.Developer.Playwright/api/Azure.Developer.Playwright.net8.0.cs,GitHub Copilot,https://github.com/Azure/azure-sdk-for-net/pull/50285,True,generic_perf,False,True
3094980327,sdk/loadtestservice/Azure.Developer.Playwright/api/Azure.Developer.Playwright.netstandard2.0.cs,GitHub Copilot,https://github.com/Azure/azure-sdk-for-net/pull/50285,True,generic_perf,False,True
3094980327,sdk/loadtestservice/Azure.Developer.Playwright/src/AssemblyInfo.cs,GitHub Copilot,https://github.com/Azure/azure-sdk-for-net/pull/50285,True,generic_perf,False,True
3094980327,sdk/loadtestservice/Azure.Developer.Playwright/src/Azure.Developer.Playwright.csproj,GitHub Copilot,https://github.com/Azure/azure-sdk-for-net/pull/50285,True,generic_perf,False,True
3094980327,sdk/loadtestservice/Azure.Developer.Playwright/src/ConnectOptions.cs,GitHub Copilot,https://github.com/Azure/azure-sdk-for-net/pull/50285,True,generic_perf,False,True
3094980327,sdk/loadtestservice/Azure.Developer.Playwright/src/Constants.cs,GitHub Copilot,https://github.com/Azure/azure-sdk-for-net/pull/50285,True,generic_perf,False,True
3094980327,sdk/loadtestservice/Azure.Developer.Playwright/src/Implementation/EntraLifecycle.cs,GitHub Copilot,https://github.com/Azure/azure-sdk-for-net/pull/50285,True,generic_perf,False,True
3094980327,sdk/loadtestservice/Azure.Developer.Playwright/src/Implementation/EnvironmentHandler.cs,GitHub Copilot,https://github.com/Azure/azure-sdk-for-net/pull/50285,True,generic_perf,False,True
3094980327,sdk/loadtestservice/Azure.Developer.Playwright/src/Interface/IEntraLifecycle.cs,GitHub Copilot,https://github.com/Azure/azure-sdk-for-net/pull/50285,True,generic_perf,False,True
3094980327,sdk/loadtestservice/Azure.Developer.Playwright/src/Interface/IEnvironment.cs,GitHub Copilot,https://github.com/Azure/azure-sdk-for-net/pull/50285,True,generic_perf,False,True
3094980327,sdk/loadtestservice/Azure.Developer.Playwright/src/Model/CIInfo.cs,GitHub Copilot,https://github.com/Azure/azure-sdk-for-net/pull/50285,True,generic_perf,False,True
3094980327,sdk/loadtestservice/Azure.Developer.Playwright/src/PlaywrightServiceBrowserClient.cs,GitHub Copilot,https://github.com/Azure/azure-sdk-for-net/pull/50285,True,generic_perf,False,True
3094980327,sdk/loadtestservice/Azure.Developer.Playwright/src/PlaywrightServiceBrowserClientOptions.cs,GitHub Copilot,https://github.com/Azure/azure-sdk-for-net/pull/50285,True,generic_perf,False,True
3094980327,sdk/loadtestservice/Azure.Developer.Playwright/src/Utility/CIProvider.cs,GitHub Copilot,https://github.com/Azure/azure-sdk-for-net/pull/50285,True,generic_perf,False,True
3094980327,sdk/loadtestservice/Azure.Developer.Playwright/src/Utility/ClientUtilities.cs,GitHub Copilot,https://github.com/Azure/azure-sdk-for-net/pull/50285,True,generic_perf,False,True
3094980327,sdk/loadtestservice/Azure.Developer.Playwright/tests/Azure.Developer.Playwright.Tests.csproj,GitHub Copilot,https://github.com/Azure/azure-sdk-for-net/pull/50285,True,generic_perf,False,True
3094980327,sdk/loadtestservice/Azure.Developer.Playwright/tests/Implementation/EntraLifecycleTests.cs,GitHub Copilot,https://github.com/Azure/azure-sdk-for-net/pull/50285,True,generic_perf,False,True
3094980327,sdk/loadtestservice/Azure.Developer.Playwright/tests/PlaywrightServiceBrowserClientOptionsTests.cs,GitHub Copilot,https://github.com/Azure/azure-sdk-for-net/pull/50285,True,generic_perf,False,True
3094980327,sdk/loadtestservice/Azure.Developer.Playwright/tests/PlaywrightServiceBrowserClientTests.cs,GitHub Copilot,https://github.com/Azure/azure-sdk-for-net/pull/50285,True,generic_perf,False,True
3094980327,sdk/loadtestservice/Azure.Developer.Playwright/tests/TestUtilities.cs,GitHub Copilot,https://github.com/Azure/azure-sdk-for-net/pull/50285,True,generic_perf,False,True
3094980327,sdk/loadtestservice/Azure.Developer.Playwright/tests/Utility/CIProviderTests.cs,GitHub Copilot,https://github.com/Azure/azure-sdk-for-net/pull/50285,True,generic_perf,False,True
3094980327,sdk/loadtestservice/Azure.Developer.Playwright/tests/Utility/ClientUtilitiesTests.cs,GitHub Copilot,https://github.com/Azure/azure-sdk-for-net/pull/50285,True,generic_perf,False,True
3094980327,sdk/loadtestservice/ci.yml,GitHub Copilot,https://github.com/Azure/azure-sdk-for-net/pull/50285,True,generic_perf,False,True
3094980327,sdk/loadtestservice/service.projects,GitHub Copilot,https://github.com/Azure/azure-sdk-for-net/pull/50285,True,generic_perf,False,True
3094980327,sdk/storage/Azure.Storage.DataMovement.Files.Shares/tests/ShareFileStartTransferDownloadTests.cs,GitHub Copilot,https://github.com/Azure/azure-sdk-for-net/pull/50285,True,generic_perf,False,True
3231933790,benchmarks/csharp/csharp_benchmark.csproj,GitHub Copilot,https://github.com/valkey-io/valkey-glide/pull/4377,True,generic_perf,False,True
3231933790,java/benchmarks/build.gradle,GitHub Copilot,https://github.com/valkey-io/valkey-glide/pull/4377,True,generic_perf,False,True
3197748416,src/Servers/Kestrel/stress/Program.cs,GitHub Copilot,https://github.com/dotnet/aspnetcore/pull/62552,True,generic_perf,False,True
3151249906,src/cli-sdk/src/load-command.ts,GitHub Copilot,https://github.com/vltpkg/vltpkg/pull/864,True,generic_perf,False,True
3151249906,src/cli-sdk/src/load-command.ts,GitHub Copilot,https://github.com/vltpkg/vltpkg/pull/864,True,generic_perf,False,True
3151249906,src/cli-sdk/test/load-command.ts,GitHub Copilot,https://github.com/vltpkg/vltpkg/pull/864,True,generic_perf,False,True
3081407923,AISKU/Tests/Perf/src/AISKUPerf.ts,GitHub Copilot,https://github.com/microsoft/ApplicationInsights-JS/pull/2547,True,generic_perf,False,True
3125710825,test/e2e/runner/benchmark.go,GitHub Copilot,https://github.com/celestiaorg/celestia-core/pull/1936,True,generic_perf,False,True
3084597647,playground/Stress/Stress.ApiService/Program.cs,GitHub Copilot,https://github.com/dotnet/aspire/pull/9474,True,generic_perf,False,True
3238991224,devops/scripts/load_and_validate_env.sh,GitHub Copilot,https://github.com/microsoft/AzureTRE/pull/4631,True,generic_perf,False,True
3098589362,tests/fsharp/core/load-script/ProjectDriver.fsx,GitHub Copilot,https://github.com/dotnet/fsharp/pull/18627,True,generic_perf,False,True
3173227548,src/Nethermind/Nethermind.Evm.Benchmark/TestBlockhashProvider.cs,GitHub Copilot,https://github.com/NethermindEth/nethermind/pull/8856,True,generic_perf,False,True
3123449205,docs/core/compatibility/deployment/9.0/assembly-load-directory.md,GitHub Copilot,https://github.com/dotnet/docs/pull/46588,True,generic_perf,False,True
3164130684,.github/workflows/upload-perf-results.yml,GitHub Copilot,https://github.com/microsoft/ebpf-for-windows/pull/4466,True,generic_perf,False,True
3164130684,tests/stress/km/stress_tests_km.cpp,GitHub Copilot,https://github.com/microsoft/ebpf-for-windows/pull/4466,True,generic_perf,False,True
3084707450,sdk/core/core-rest-pipeline-perf-tests/CHANGELOG.md,GitHub Copilot,https://github.com/Azure/azure-sdk-for-js/pull/34531,True,generic_perf,False,True
3140383522,packages/typespec-test/test/loadtesting_modular/generated/typespec-ts/review/load-testing.api.md,GitHub Copilot,https://github.com/Azure/autorest.typescript/pull/3276,True,generic_perf,False,True
3119354820,common/perf-test-core/pom.xml,GitHub Copilot,https://github.com/Azure/azure-sdk-for-java/pull/45590,True,generic_perf,False,True
3119354820,sdk/appconfiguration/azure-data-appconfiguration-perf/pom.xml,GitHub Copilot,https://github.com/Azure/azure-sdk-for-java/pull/45590,True,generic_perf,False,True
3119354820,sdk/communication/azure-communication-common-perf/pom.xml,GitHub Copilot,https://github.com/Azure/azure-sdk-for-java/pull/45590,True,generic_perf,False,True
3119354820,common/perf-test-core/pom.xml,GitHub Copilot,https://github.com/Azure/azure-sdk-for-java/pull/45590,True,generic_perf,False,True
3119354820,sdk/appconfiguration/azure-data-appconfiguration-perf/pom.xml,GitHub Copilot,https://github.com/Azure/azure-sdk-for-java/pull/45590,True,generic_perf,False,True
3252598985,vendor/bundle/ruby/3.2.0/cache/benchmark-0.4.1.gem,GitHub Copilot,https://github.com/middleman/middleman-syntax/pull/92,True,generic_perf,False,True
3252598985,vendor/bundle/ruby/3.2.0/gems/activesupport-8.0.2/lib/active_support/benchmark.rb,GitHub Copilot,https://github.com/middleman/middleman-syntax/pull/92,True,generic_perf,False,True
3252598985,vendor/bundle/ruby/3.2.0/gems/activesupport-8.0.2/lib/active_support/benchmarkable.rb,GitHub Copilot,https://github.com/middleman/middleman-syntax/pull/92,True,generic_perf,False,True
3252598985,vendor/bundle/ruby/3.2.0/gems/activesupport-8.0.2/lib/active_support/concurrency/load_interlock_aware_monitor.rb,GitHub Copilot,https://github.com/middleman/middleman-syntax/pull/92,True,generic_perf,False,True
3252598985,vendor/bundle/ruby/3.2.0/gems/activesupport-8.0.2/lib/active_support/core_ext/benchmark.rb,GitHub Copilot,https://github.com/middleman/middleman-syntax/pull/92,True,generic_perf,False,True
3252598985,vendor/bundle/ruby/3.2.0/gems/activesupport-8.0.2/lib/active_support/core_ext/load_error.rb,GitHub Copilot,https://github.com/middleman/middleman-syntax/pull/92,True,generic_perf,False,True
3252598985,vendor/bundle/ruby/3.2.0/cache/benchmark-0.4.1.gem,GitHub Copilot,https://github.com/middleman/middleman-syntax/pull/92,True,generic_perf,False,True
3252598985,vendor/bundle/ruby/3.2.0/gems/activesupport-8.0.2/lib/active_support/benchmark.rb,GitHub Copilot,https://github.com/middleman/middleman-syntax/pull/92,True,generic_perf,False,True
3252598985,vendor/bundle/ruby/3.2.0/gems/activesupport-8.0.2/lib/active_support/benchmarkable.rb,GitHub Copilot,https://github.com/middleman/middleman-syntax/pull/92,True,generic_perf,False,True
3252598985,vendor/bundle/ruby/3.2.0/gems/activesupport-8.0.2/lib/active_support/concurrency/load_interlock_aware_monitor.rb,GitHub Copilot,https://github.com/middleman/middleman-syntax/pull/92,True,generic_perf,False,True
3252598985,vendor/bundle/ruby/3.2.0/gems/activesupport-8.0.2/lib/active_support/core_ext/benchmark.rb,GitHub Copilot,https://github.com/middleman/middleman-syntax/pull/92,True,generic_perf,False,True
3252598985,vendor/bundle/ruby/3.2.0/gems/activesupport-8.0.2/lib/active_support/core_ext/load_error.rb,GitHub Copilot,https://github.com/middleman/middleman-syntax/pull/92,True,generic_perf,False,True
3188718099,extensions/vscode-colorize-perf-tests/src/index.ts,GitHub Copilot,https://github.com/microsoft/vscode/pull/253008,True,generic_perf,False,True
3169577770,sdk/clientcore/http-stress/README.md,GitHub Copilot,https://github.com/Azure/azure-sdk-for-java/pull/45803,True,generic_perf,False,True
3169577770,sdk/containerregistry/azure-containers-containerregistry-perf/pom.xml,GitHub Copilot,https://github.com/Azure/azure-sdk-for-java/pull/45803,True,generic_perf,False,True
3169577770,sdk/core/azure-core-perf/pom.xml,GitHub Copilot,https://github.com/Azure/azure-sdk-for-java/pull/45803,True,generic_perf,False,True
3169577770,sdk/cosmos/azure-cosmos-benchmark/pom.xml,GitHub Copilot,https://github.com/Azure/azure-sdk-for-java/pull/45803,True,generic_perf,False,True
3169577770,sdk/cosmos/azure-cosmos-benchmark/src/main/java/com/azure/cosmos/benchmark/AsyncBenchmark.java,GitHub Copilot,https://github.com/Azure/azure-sdk-for-java/pull/45803,True,generic_perf,False,True
3169577770,sdk/cosmos/azure-cosmos-benchmark/src/main/java/com/azure/cosmos/benchmark/CosmosSamplingDiagnosticsLogger.java,GitHub Copilot,https://github.com/Azure/azure-sdk-for-java/pull/45803,True,generic_perf,False,True
3169577770,sdk/cosmos/azure-cosmos-benchmark/src/main/java/com/azure/cosmos/benchmark/CosmosTotalResultReporter.java,GitHub Copilot,https://github.com/Azure/azure-sdk-for-java/pull/45803,True,generic_perf,False,True
3169577770,sdk/cosmos/azure-cosmos-benchmark/src/main/resources/log4j2.properties,GitHub Copilot,https://github.com/Azure/azure-sdk-for-java/pull/45803,True,generic_perf,False,True
3080031213,tests/benchmarks/CompiledCodeBenchmarks/MicroPerf/ArraySlicing.fs,GitHub Copilot,https://github.com/dotnet/fsharp/pull/18586,True,generic_perf,False,True
3080031213,tests/benchmarks/CompiledCodeBenchmarks/MicroPerf/MicroPerf.fsproj,GitHub Copilot,https://github.com/dotnet/fsharp/pull/18586,True,generic_perf,False,True
3196997401,src/Core/tests/Benchmarks/Benchmarks/FlexLayoutBenchmarker.cs,GitHub Copilot,https://github.com/dotnet/maui/pull/30393,True,generic_perf,False,True
3103364279,playground/Stress/Stress.ApiService/Program.cs,GitHub Copilot,https://github.com/dotnet/aspire/pull/9591,True,generic_perf,False,True
3103364279,playground/Stress/Stress.AppHost/Program.cs,GitHub Copilot,https://github.com/dotnet/aspire/pull/9591,True,generic_perf,False,True
3237872620,.github/workflows/benchmark.yml,GitHub Copilot,https://github.com/open-telemetry/opentelemetry-rust/pull/3074,True,generic_perf,False,True
3169429627,sdk/cosmos/azure-cosmos-benchmark/src/main/java/com/azure/cosmos/benchmark/AsyncBenchmark.java,GitHub Copilot,https://github.com/Azure/azure-sdk-for-java/pull/45795,True,generic_perf,False,True
3169429627,sdk/cosmos/azure-cosmos-benchmark/src/main/java/com/azure/cosmos/benchmark/CosmosSamplingDiagnosticsLogger.java,GitHub Copilot,https://github.com/Azure/azure-sdk-for-java/pull/45795,True,generic_perf,False,True
3169429627,sdk/cosmos/azure-cosmos-benchmark/src/main/java/com/azure/cosmos/benchmark/CosmosTotalResultReporter.java,GitHub Copilot,https://github.com/Azure/azure-sdk-for-java/pull/45795,True,generic_perf,False,True
3169429627,sdk/cosmos/azure-cosmos-benchmark/src/main/resources/log4j2.properties,GitHub Copilot,https://github.com/Azure/azure-sdk-for-java/pull/45795,True,generic_perf,False,True
3189115708,.github/workflows/benchmark.yml,GitHub Copilot,https://github.com/open-telemetry/opentelemetry-rust/pull/3044,True,generic_perf,False,True
3140717128,extensions/vscode-colorize-perf-tests/src/index.ts,GitHub Copilot,https://github.com/microsoft/vscode/pull/251291,True,generic_perf,False,True
3165699507,test/benchmark.js,GitHub Copilot,https://github.com/CEPT-VZG/digipin/pull/22,True,generic_perf,False,True
3141477809,specification/loadtestservice/Playwright.Management/tspconfig.yaml,GitHub Copilot,https://github.com/Azure/azure-rest-api-specs/pull/35251,True,generic_perf,False,True
3141477809,specification/loadtestservice/Playwright.Management/tspconfig.yaml,GitHub Copilot,https://github.com/Azure/azure-rest-api-specs/pull/35251,True,generic_perf,False,True
3141477809,specification/loadtestservice/Playwright.Management/client.tsp,GitHub Copilot,https://github.com/Azure/azure-rest-api-specs/pull/35251,True,generic_perf,False,True
3084073522,src/start/startBenchmark.ts,GitHub Copilot,https://github.com/bennycode/trading-signals/pull/804,True,generic_perf,False,True
3084073522,src/start/startBenchmark.ts,GitHub Copilot,https://github.com/bennycode/trading-signals/pull/804,True,generic_perf,False,True
3231937207,benchmarks/csharp/csharp_benchmark.csproj,GitHub Copilot,https://github.com/valkey-io/valkey-glide/pull/4384,True,generic_perf,False,True
3231937207,java/benchmarks/build.gradle,GitHub Copilot,https://github.com/valkey-io/valkey-glide/pull/4384,True,generic_perf,False,True
3180765473,docs/perf-tests.md,GitHub Copilot,https://github.com/cordx56/rustowl/pull/284,True,generic_perf,False,True
3180765473,perf-tests/perf-tests.sh,GitHub Copilot,https://github.com/cordx56/rustowl/pull/284,True,generic_perf,False,True
3184170024,Instructions/Labs/AZ400_M08_L14_Monitor_Application_Performance_with_Azure_Load_Testing.md,GitHub Copilot,https://github.com/MicrosoftLearning/AZ400-DesigningandImplementingMicrosoftDevOpsSolutions/pull/679,True,generic_perf,False,True
3184170024,Instructions/Labs/AZ400_M08_L14_Monitor_Application_Performance_with_Azure_Load_Testing.md,GitHub Copilot,https://github.com/MicrosoftLearning/AZ400-DesigningandImplementingMicrosoftDevOpsSolutions/pull/679,True,generic_perf,False,True
3184170024,Instructions/Labs/AZ400_M08_L14_Monitor_Application_Performance_with_Azure_Load_Testing.md,GitHub Copilot,https://github.com/MicrosoftLearning/AZ400-DesigningandImplementingMicrosoftDevOpsSolutions/pull/679,True,generic_perf,False,True
3246250179,tests/benchmark/benchmark.php,GitHub Copilot,https://github.com/thephpleague/commonmark/pull/1085,True,generic_perf,False,True
3118234342,cmd/zc_traverser_benchmark.go,GitHub Copilot,https://github.com/Azure/azure-storage-azcopy/pull/3073,True,generic_perf,False,True
3075267356,src/magentic_ui/eval/benchmarks/assistantbench/README.md,GitHub Copilot,https://github.com/microsoft/magentic-ui/pull/55,True,generic_perf,False,True
3075267356,src/magentic_ui/eval/benchmarks/assistantbench/assistantbench.py,GitHub Copilot,https://github.com/microsoft/magentic-ui/pull/55,True,generic_perf,False,True
3075267356,src/magentic_ui/eval/benchmarks/bearcubs/README.md,GitHub Copilot,https://github.com/microsoft/magentic-ui/pull/55,True,generic_perf,False,True
3075267356,src/magentic_ui/eval/benchmarks/gaia/README.md,GitHub Copilot,https://github.com/microsoft/magentic-ui/pull/55,True,generic_perf,False,True
3075267356,src/magentic_ui/eval/benchmarks/webgames/README.md,GitHub Copilot,https://github.com/microsoft/magentic-ui/pull/55,True,generic_perf,False,True
3075267356,src/magentic_ui/eval/benchmarks/webvoyager/README.md,GitHub Copilot,https://github.com/microsoft/magentic-ui/pull/55,True,generic_perf,False,True
3109359968,component/xload/xload_test.go,GitHub Copilot,https://github.com/Azure/azure-storage-fuse/pull/1809,True,generic_perf,False,True
3196214574,internal/fourslash/tests/gen/completionsLiteralOverload_test.go,GitHub Copilot,https://github.com/microsoft/typescript-go/pull/1348,True,generic_perf,False,True
3181655167,docs-mslearn/framework/quantify/benchmarking.md,GitHub Copilot,https://github.com/microsoft/finops-toolkit/pull/1724,True,generic_perf,False,True
3181655167,docs/svg/microsoft.loadtestservice/playwrightworkspaces.svg,GitHub Copilot,https://github.com/microsoft/finops-toolkit/pull/1724,True,generic_perf,False,True
3186609240,extensions/vscode-colorize-perf-tests/src/index.ts,GitHub Copilot,https://github.com/microsoft/vscode/pull/252895,True,generic_perf,False,True
3196598608,src/benchmarks/micro/MicroBenchmarks.csproj,GitHub Copilot,https://github.com/dotnet/performance/pull/4881,True,generic_perf,False,True
3125706805,test/e2e/runner/benchmark.go,GitHub Copilot,https://github.com/celestiaorg/celestia-core/pull/1934,True,generic_perf,False,True
3096241645,core/src/test/kotlin/integration_tests/LoadTestsFromExternalisedFiles.kt,GitHub Copilot,https://github.com/specmatic/specmatic/pull/1856,True,generic_perf,False,True
3096241645,core/src/test/kotlin/io/specmatic/core/wsdl/payload/EmptySOAPPayloadTest.kt,GitHub Copilot,https://github.com/specmatic/specmatic/pull/1856,True,generic_perf,False,True
3096241645,core/src/test/kotlin/io/specmatic/core/wsdl/payload/SimpleTypedSOAPPayloadTest.kt,GitHub Copilot,https://github.com/specmatic/specmatic/pull/1856,True,generic_perf,False,True
3077052259,src/hyperlight_host/benches/benchmarks.rs,GitHub Copilot,https://github.com/hyperlight-dev/hyperlight/pull/512,True,generic_perf,False,True
3077052259,src/hyperlight_host/benches/benchmarks.rs,GitHub Copilot,https://github.com/hyperlight-dev/hyperlight/pull/512,True,generic_perf,False,True
3077052259,.github/workflows/Benchmarks.yml,GitHub Copilot,https://github.com/hyperlight-dev/hyperlight/pull/512,True,generic_perf,False,True
3077052259,src/hyperlight_host/benches/benchmarks.rs,GitHub Copilot,https://github.com/hyperlight-dev/hyperlight/pull/512,True,generic_perf,False,True
3149104555,packages/cli/src/benchmark.ts,GitHub Copilot,https://github.com/remotion-dev/remotion/pull/5386,True,generic_perf,False,True
3149104555,packages/docs/docs/cli/benchmark.mdx,GitHub Copilot,https://github.com/remotion-dev/remotion/pull/5386,True,generic_perf,False,True
3179388883,playground/Stress/Stress.AppHost/InteractionCommands.cs,GitHub Copilot,https://github.com/dotnet/aspire/pull/10064,True,generic_perf,False,True
3179388883,playground/Stress/Stress.AppHost/Program.cs,GitHub Copilot,https://github.com/dotnet/aspire/pull/10064,True,generic_perf,False,True
3213303702,slate/vendor/bundle/ruby/3.2.0/gems/benchmark-0.4.1/.github/dependabot.yml,GitHub Copilot,https://github.com/OpenDroneMap/WebODM/pull/1701,True,generic_perf,False,True
3213303702,slate/vendor/bundle/ruby/3.2.0/gems/benchmark-0.4.1/.github/workflows/push_gem.yml,GitHub Copilot,https://github.com/OpenDroneMap/WebODM/pull/1701,True,generic_perf,False,True
3213303702,slate/vendor/bundle/ruby/3.2.0/gems/benchmark-0.4.1/.github/workflows/test.yml,GitHub Copilot,https://github.com/OpenDroneMap/WebODM/pull/1701,True,generic_perf,False,True
3213303702,slate/vendor/bundle/ruby/3.2.0/gems/benchmark-0.4.1/.gitignore,GitHub Copilot,https://github.com/OpenDroneMap/WebODM/pull/1701,True,generic_perf,False,True
3213303702,slate/vendor/bundle/ruby/3.2.0/gems/benchmark-0.4.1/BSDL,GitHub Copilot,https://github.com/OpenDroneMap/WebODM/pull/1701,True,generic_perf,False,True
3213303702,slate/vendor/bundle/ruby/3.2.0/gems/benchmark-0.4.1/COPYING,GitHub Copilot,https://github.com/OpenDroneMap/WebODM/pull/1701,True,generic_perf,False,True
3213303702,slate/vendor/bundle/ruby/3.2.0/gems/benchmark-0.4.1/Gemfile,GitHub Copilot,https://github.com/OpenDroneMap/WebODM/pull/1701,True,generic_perf,False,True
3213303702,slate/vendor/bundle/ruby/3.2.0/gems/benchmark-0.4.1/README.md,GitHub Copilot,https://github.com/OpenDroneMap/WebODM/pull/1701,True,generic_perf,False,True
3213303702,slate/vendor/bundle/ruby/3.2.0/gems/benchmark-0.4.1/Rakefile,GitHub Copilot,https://github.com/OpenDroneMap/WebODM/pull/1701,True,generic_perf,False,True
3213303702,slate/vendor/bundle/ruby/3.2.0/gems/benchmark-0.4.1/benchmark.gemspec,GitHub Copilot,https://github.com/OpenDroneMap/WebODM/pull/1701,True,generic_perf,False,True
3213303702,slate/vendor/bundle/ruby/3.2.0/gems/benchmark-0.4.1/bin/console,GitHub Copilot,https://github.com/OpenDroneMap/WebODM/pull/1701,True,generic_perf,False,True
3213303702,slate/vendor/bundle/ruby/3.2.0/gems/benchmark-0.4.1/bin/setup,GitHub Copilot,https://github.com/OpenDroneMap/WebODM/pull/1701,True,generic_perf,False,True
3213303702,slate/vendor/bundle/ruby/3.2.0/gems/contracts-0.17.2/benchmarks/bench.rb,GitHub Copilot,https://github.com/OpenDroneMap/WebODM/pull/1701,True,generic_perf,False,True
3213303702,slate/vendor/bundle/ruby/3.2.0/gems/contracts-0.17.2/benchmarks/hash.rb,GitHub Copilot,https://github.com/OpenDroneMap/WebODM/pull/1701,True,generic_perf,False,True
3213303702,slate/vendor/bundle/ruby/3.2.0/gems/contracts-0.17.2/benchmarks/invariants.rb,GitHub Copilot,https://github.com/OpenDroneMap/WebODM/pull/1701,True,generic_perf,False,True
3213303702,slate/vendor/bundle/ruby/3.2.0/gems/contracts-0.17.2/benchmarks/io.rb,GitHub Copilot,https://github.com/OpenDroneMap/WebODM/pull/1701,True,generic_perf,False,True
3213303702,slate/vendor/bundle/ruby/3.2.0/gems/contracts-0.17.2/benchmarks/wrap_test.rb,GitHub Copilot,https://github.com/OpenDroneMap/WebODM/pull/1701,True,generic_perf,False,True
3213303702,slate/vendor/bundle/ruby/3.2.0/gems/benchmark-0.4.1/.github/dependabot.yml,GitHub Copilot,https://github.com/OpenDroneMap/WebODM/pull/1701,True,generic_perf,False,True
3213303702,slate/vendor/bundle/ruby/3.2.0/gems/benchmark-0.4.1/.github/workflows/push_gem.yml,GitHub Copilot,https://github.com/OpenDroneMap/WebODM/pull/1701,True,generic_perf,False,True
3213303702,slate/vendor/bundle/ruby/3.2.0/gems/benchmark-0.4.1/.github/workflows/test.yml,GitHub Copilot,https://github.com/OpenDroneMap/WebODM/pull/1701,True,generic_perf,False,True
3213303702,slate/vendor/bundle/ruby/3.2.0/gems/benchmark-0.4.1/.gitignore,GitHub Copilot,https://github.com/OpenDroneMap/WebODM/pull/1701,True,generic_perf,False,True
3213303702,slate/vendor/bundle/ruby/3.2.0/gems/benchmark-0.4.1/BSDL,GitHub Copilot,https://github.com/OpenDroneMap/WebODM/pull/1701,True,generic_perf,False,True
3213303702,slate/vendor/bundle/ruby/3.2.0/gems/benchmark-0.4.1/COPYING,GitHub Copilot,https://github.com/OpenDroneMap/WebODM/pull/1701,True,generic_perf,False,True
3213303702,slate/vendor/bundle/ruby/3.2.0/gems/benchmark-0.4.1/Gemfile,GitHub Copilot,https://github.com/OpenDroneMap/WebODM/pull/1701,True,generic_perf,False,True
3213303702,slate/vendor/bundle/ruby/3.2.0/gems/benchmark-0.4.1/README.md,GitHub Copilot,https://github.com/OpenDroneMap/WebODM/pull/1701,True,generic_perf,False,True
3213303702,slate/vendor/bundle/ruby/3.2.0/gems/benchmark-0.4.1/Rakefile,GitHub Copilot,https://github.com/OpenDroneMap/WebODM/pull/1701,True,generic_perf,False,True
3213303702,slate/vendor/bundle/ruby/3.2.0/gems/benchmark-0.4.1/benchmark.gemspec,GitHub Copilot,https://github.com/OpenDroneMap/WebODM/pull/1701,True,generic_perf,False,True
3213303702,slate/vendor/bundle/ruby/3.2.0/gems/benchmark-0.4.1/bin/console,GitHub Copilot,https://github.com/OpenDroneMap/WebODM/pull/1701,True,generic_perf,False,True
3213303702,slate/vendor/bundle/ruby/3.2.0/gems/benchmark-0.4.1/bin/setup,GitHub Copilot,https://github.com/OpenDroneMap/WebODM/pull/1701,True,generic_perf,False,True
3213303702,slate/vendor/bundle/ruby/3.2.0/gems/contracts-0.17.2/benchmarks/bench.rb,GitHub Copilot,https://github.com/OpenDroneMap/WebODM/pull/1701,True,generic_perf,False,True
3213303702,slate/vendor/bundle/ruby/3.2.0/gems/contracts-0.17.2/benchmarks/hash.rb,GitHub Copilot,https://github.com/OpenDroneMap/WebODM/pull/1701,True,generic_perf,False,True
3213303702,slate/vendor/bundle/ruby/3.2.0/gems/contracts-0.17.2/benchmarks/invariants.rb,GitHub Copilot,https://github.com/OpenDroneMap/WebODM/pull/1701,True,generic_perf,False,True
3213303702,slate/vendor/bundle/ruby/3.2.0/gems/contracts-0.17.2/benchmarks/io.rb,GitHub Copilot,https://github.com/OpenDroneMap/WebODM/pull/1701,True,generic_perf,False,True
3213303702,slate/vendor/bundle/ruby/3.2.0/gems/contracts-0.17.2/benchmarks/wrap_test.rb,GitHub Copilot,https://github.com/OpenDroneMap/WebODM/pull/1701,True,generic_perf,False,True
3076981888,devops/scripts/load_and_validate_env.sh,GitHub Copilot,https://github.com/microsoft/AzureTRE/pull/4554,True,generic_perf,False,True
3214130284,src/test/vscode-notebook-perf/.vscode-test.mjs,GitHub Copilot,https://github.com/microsoft/vscode-jupyter/pull/16775,True,generic_perf,False,True
3155815373,.github/workflows/Benchmarks.yml,GitHub Copilot,https://github.com/hyperlight-dev/hyperlight/pull/641,True,generic_perf,False,True
3155815373,docs/benchmarking-hyperlight.md,GitHub Copilot,https://github.com/hyperlight-dev/hyperlight/pull/641,True,generic_perf,False,True
3155815373,src/hyperlight_host/benches/benchmarks.rs,GitHub Copilot,https://github.com/hyperlight-dev/hyperlight/pull/641,True,generic_perf,False,True
3155815373,src/hyperlight_host/benches/benchmarks.rs,GitHub Copilot,https://github.com/hyperlight-dev/hyperlight/pull/641,True,generic_perf,False,True
3155815373,src/hyperlight_host/benches/benchmarks.rs,GitHub Copilot,https://github.com/hyperlight-dev/hyperlight/pull/641,True,generic_perf,False,True
3155815373,src/hyperlight_host/benches/benchmarks.rs,GitHub Copilot,https://github.com/hyperlight-dev/hyperlight/pull/641,True,generic_perf,False,True
3155815373,src/hyperlight_host/benches/benchmarks.rs,GitHub Copilot,https://github.com/hyperlight-dev/hyperlight/pull/641,True,generic_perf,False,True
3155815373,src/hyperlight_host/benches/benchmarks.rs,GitHub Copilot,https://github.com/hyperlight-dev/hyperlight/pull/641,True,generic_perf,False,True
3090696772,src/start/startBenchmark.ts,GitHub Copilot,https://github.com/bennycode/trading-signals/pull/808,True,generic_perf,False,True
3138102792,eng/ExternalBenchmarkDataFiles.props.bak,GitHub Copilot,https://github.com/dotnet/machinelearning/pull/7482,True,generic_perf,False,True
3138102792,test/Microsoft.ML.Benchmarks.Tests/Microsoft.ML.Benchmarks.Tests.csproj.bak,GitHub Copilot,https://github.com/dotnet/machinelearning/pull/7482,True,generic_perf,False,True
3138102792,eng/ExternalBenchmarkDataFiles.props.bak,GitHub Copilot,https://github.com/dotnet/machinelearning/pull/7482,True,generic_perf,False,True
3138102792,test/Microsoft.ML.Benchmarks.Tests/Microsoft.ML.Benchmarks.Tests.csproj.bak,GitHub Copilot,https://github.com/dotnet/machinelearning/pull/7482,True,generic_perf,False,True
3259689574,packages/apollo-forest-run/benchmarks/performance/benchmark-report-1753360534306.json,GitHub Copilot,https://github.com/microsoft/graphitation/pull/584,True,generic_perf,False,True
3259689574,packages/apollo-forest-run/benchmarks/performance/config.json,GitHub Copilot,https://github.com/microsoft/graphitation/pull/584,True,generic_perf,False,True
3259689574,packages/apollo-forest-run/benchmarks/performance/index.js,GitHub Copilot,https://github.com/microsoft/graphitation/pull/584,True,generic_perf,False,True
3259689574,packages/apollo-forest-run/benchmarks/performance/index.ts,GitHub Copilot,https://github.com/microsoft/graphitation/pull/584,True,generic_perf,False,True
3259689574,packages/apollo-forest-run/benchmarks/performance/nice-benchmark.ts,GitHub Copilot,https://github.com/microsoft/graphitation/pull/584,True,generic_perf,False,True
3259689574,packages/apollo-forest-run/benchmarks/performance/queries/complex-query.graphql,GitHub Copilot,https://github.com/microsoft/graphitation/pull/584,True,generic_perf,False,True
3259689574,packages/apollo-forest-run/benchmarks/performance/queries/nested-query.graphql,GitHub Copilot,https://github.com/microsoft/graphitation/pull/584,True,generic_perf,False,True
3259689574,packages/apollo-forest-run/benchmarks/performance/queries/simple-query.graphql,GitHub Copilot,https://github.com/microsoft/graphitation/pull/584,True,generic_perf,False,True
3259689574,packages/apollo-forest-run/benchmarks/performance/run.js,GitHub Copilot,https://github.com/microsoft/graphitation/pull/584,True,generic_perf,False,True
3259689574,.github/workflows/forest-run-benchmark.yml,GitHub Copilot,https://github.com/microsoft/graphitation/pull/584,True,generic_perf,False,True
3259689574,packages/apollo-forest-run/benchmarks/performance/README.md,GitHub Copilot,https://github.com/microsoft/graphitation/pull/584,True,generic_perf,False,True
3259689574,packages/apollo-forest-run/benchmarks/performance/benchmark-report-1753360534306.json,GitHub Copilot,https://github.com/microsoft/graphitation/pull/584,True,generic_perf,False,True
3259689574,packages/apollo-forest-run/benchmarks/performance/config.json,GitHub Copilot,https://github.com/microsoft/graphitation/pull/584,True,generic_perf,False,True
3259689574,packages/apollo-forest-run/benchmarks/performance/index.js,GitHub Copilot,https://github.com/microsoft/graphitation/pull/584,True,generic_perf,False,True
3259689574,packages/apollo-forest-run/benchmarks/performance/index.js,GitHub Copilot,https://github.com/microsoft/graphitation/pull/584,True,generic_perf,False,True
3259689574,packages/apollo-forest-run/benchmarks/performance/nice-benchmark.ts,GitHub Copilot,https://github.com/microsoft/graphitation/pull/584,True,generic_perf,False,True
3259689574,packages/apollo-forest-run/benchmarks/performance/README.md,GitHub Copilot,https://github.com/microsoft/graphitation/pull/584,True,generic_perf,False,True
3259689574,packages/apollo-forest-run/benchmarks/performance/config.json,GitHub Copilot,https://github.com/microsoft/graphitation/pull/584,True,generic_perf,False,True
3259689574,packages/apollo-forest-run/benchmarks/performance/index.ts,GitHub Copilot,https://github.com/microsoft/graphitation/pull/584,True,generic_perf,False,True
3259689574,packages/apollo-forest-run/benchmarks/performance/mock-data-generator.ts,GitHub Copilot,https://github.com/microsoft/graphitation/pull/584,True,generic_perf,False,True
3259689574,packages/apollo-forest-run/benchmarks/performance/queries/product-query.graphql,GitHub Copilot,https://github.com/microsoft/graphitation/pull/584,True,generic_perf,False,True
3259689574,packages/apollo-forest-run/benchmarks/performance/README.md,GitHub Copilot,https://github.com/microsoft/graphitation/pull/584,True,generic_perf,False,True
3259689574,packages/apollo-forest-run/benchmarks/performance/config.json,GitHub Copilot,https://github.com/microsoft/graphitation/pull/584,True,generic_perf,False,True
3259689574,packages/apollo-forest-run/benchmarks/performance/index.js,GitHub Copilot,https://github.com/microsoft/graphitation/pull/584,True,generic_perf,False,True
3259689574,packages/apollo-forest-run/benchmarks/performance/index.ts,GitHub Copilot,https://github.com/microsoft/graphitation/pull/584,True,generic_perf,False,True
3259689574,packages/apollo-forest-run/benchmarks/performance/mock-data-generator.ts,GitHub Copilot,https://github.com/microsoft/graphitation/pull/584,True,generic_perf,False,True
3259689574,packages/apollo-forest-run/benchmarks/performance/queries/complex-query.graphql,GitHub Copilot,https://github.com/microsoft/graphitation/pull/584,True,generic_perf,False,True
3259689574,packages/apollo-forest-run/benchmarks/performance/queries/deep-nesting.graphql,GitHub Copilot,https://github.com/microsoft/graphitation/pull/584,True,generic_perf,False,True
3259689574,packages/apollo-forest-run/benchmarks/performance/queries/fragment-query.graphql,GitHub Copilot,https://github.com/microsoft/graphitation/pull/584,True,generic_perf,False,True
3259689574,packages/apollo-forest-run/benchmarks/performance/queries/nested-query.graphql,GitHub Copilot,https://github.com/microsoft/graphitation/pull/584,True,generic_perf,False,True
3259689574,packages/apollo-forest-run/benchmarks/performance/queries/posts-list.graphql,GitHub Copilot,https://github.com/microsoft/graphitation/pull/584,True,generic_perf,False,True
3259689574,packages/apollo-forest-run/benchmarks/performance/queries/user-profile.graphql,GitHub Copilot,https://github.com/microsoft/graphitation/pull/584,True,generic_perf,False,True
3259689574,packages/apollo-forest-run/benchmarks/performance/benchmarks/performance/index.js,GitHub Copilot,https://github.com/microsoft/graphitation/pull/584,True,generic_perf,False,True
3259689574,packages/apollo-forest-run/benchmarks/performance/benchmarks/performance/mock-data-generator.js,GitHub Copilot,https://github.com/microsoft/graphitation/pull/584,True,generic_perf,False,True
3259689574,packages/apollo-forest-run/benchmarks/performance/benchmarks/performance/nice-benchmark.js,GitHub Copilot,https://github.com/microsoft/graphitation/pull/584,True,generic_perf,False,True
3259689574,packages/apollo-forest-run/benchmarks/performance/config.json,GitHub Copilot,https://github.com/microsoft/graphitation/pull/584,True,generic_perf,False,True
3259689574,packages/apollo-forest-run/benchmarks/performance/index.js,GitHub Copilot,https://github.com/microsoft/graphitation/pull/584,True,generic_perf,False,True
3259689574,packages/apollo-forest-run/benchmarks/performance/index.ts,GitHub Copilot,https://github.com/microsoft/graphitation/pull/584,True,generic_perf,False,True
3259689574,packages/apollo-forest-run/benchmarks/performance/mock-data-generator.ts,GitHub Copilot,https://github.com/microsoft/graphitation/pull/584,True,generic_perf,False,True
3259689574,packages/apollo-forest-run/benchmarks/performance/nice-benchmark.ts,GitHub Copilot,https://github.com/microsoft/graphitation/pull/584,True,generic_perf,False,True
3259689574,packages/apollo-forest-run/benchmarks/performance/queries/complex-nested.graphql,GitHub Copilot,https://github.com/microsoft/graphitation/pull/584,True,generic_perf,False,True
3259689574,packages/apollo-forest-run/benchmarks/performance/queries/fragmented-posts.graphql,GitHub Copilot,https://github.com/microsoft/graphitation/pull/584,True,generic_perf,False,True
3259689574,packages/apollo-forest-run/benchmarks/performance/queries/paginated-blog.graphql,GitHub Copilot,https://github.com/microsoft/graphitation/pull/584,True,generic_perf,False,True
3259689574,packages/apollo-forest-run/benchmarks/performance/src/ForestRun.js,GitHub Copilot,https://github.com/microsoft/graphitation/pull/584,True,generic_perf,False,True
3259689574,packages/apollo-forest-run/benchmarks/performance/src/cache/convert.js,GitHub Copilot,https://github.com/microsoft/graphitation/pull/584,True,generic_perf,False,True
3259689574,packages/apollo-forest-run/benchmarks/performance/src/cache/descriptor.js,GitHub Copilot,https://github.com/microsoft/graphitation/pull/584,True,generic_perf,False,True
3259689574,packages/apollo-forest-run/benchmarks/performance/src/cache/draftHelpers.js,GitHub Copilot,https://github.com/microsoft/graphitation/pull/584,True,generic_perf,False,True
3259689574,packages/apollo-forest-run/benchmarks/performance/src/cache/env.js,GitHub Copilot,https://github.com/microsoft/graphitation/pull/584,True,generic_perf,False,True
3259689574,packages/apollo-forest-run/benchmarks/performance/src/cache/invalidate.js,GitHub Copilot,https://github.com/microsoft/graphitation/pull/584,True,generic_perf,False,True
3259689574,packages/apollo-forest-run/benchmarks/performance/src/cache/keys.js,GitHub Copilot,https://github.com/microsoft/graphitation/pull/584,True,generic_perf,False,True
3259689574,packages/apollo-forest-run/benchmarks/performance/src/cache/modify.js,GitHub Copilot,https://github.com/microsoft/graphitation/pull/584,True,generic_perf,False,True
3259689574,packages/apollo-forest-run/benchmarks/performance/src/cache/policies.js,GitHub Copilot,https://github.com/microsoft/graphitation/pull/584,True,generic_perf,False,True
3259689574,packages/apollo-forest-run/benchmarks/performance/src/cache/read.js,GitHub Copilot,https://github.com/microsoft/graphitation/pull/584,True,generic_perf,False,True
3259689574,packages/apollo-forest-run/benchmarks/performance/src/cache/store.js,GitHub Copilot,https://github.com/microsoft/graphitation/pull/584,True,generic_perf,False,True
3259689574,packages/apollo-forest-run/benchmarks/performance/src/cache/types.js,GitHub Copilot,https://github.com/microsoft/graphitation/pull/584,True,generic_perf,False,True
3259689574,packages/apollo-forest-run/benchmarks/performance/src/cache/write.js,GitHub Copilot,https://github.com/microsoft/graphitation/pull/584,True,generic_perf,False,True
3259689574,packages/apollo-forest-run/benchmarks/performance/src/descriptor/addTypenameToDocument.js,GitHub Copilot,https://github.com/microsoft/graphitation/pull/584,True,generic_perf,False,True
3259689574,packages/apollo-forest-run/benchmarks/performance/src/descriptor/document.js,GitHub Copilot,https://github.com/microsoft/graphitation/pull/584,True,generic_perf,False,True
3259689574,packages/apollo-forest-run/benchmarks/performance/src/descriptor/operation.js,GitHub Copilot,https://github.com/microsoft/graphitation/pull/584,True,generic_perf,False,True
3259689574,packages/apollo-forest-run/benchmarks/performance/src/descriptor/possibleSelection.js,GitHub Copilot,https://github.com/microsoft/graphitation/pull/584,True,generic_perf,False,True
3259689574,packages/apollo-forest-run/benchmarks/performance/src/descriptor/resolvedSelection.js,GitHub Copilot,https://github.com/microsoft/graphitation/pull/584,True,generic_perf,False,True
3259689574,packages/apollo-forest-run/benchmarks/performance/src/descriptor/types.js,GitHub Copilot,https://github.com/microsoft/graphitation/pull/584,True,generic_perf,False,True
3259689574,packages/apollo-forest-run/benchmarks/performance/src/diff/diffErrorKind.js,GitHub Copilot,https://github.com/microsoft/graphitation/pull/584,True,generic_perf,False,True
3259689574,packages/apollo-forest-run/benchmarks/performance/src/diff/diffObject.js,GitHub Copilot,https://github.com/microsoft/graphitation/pull/584,True,generic_perf,False,True
3259689574,packages/apollo-forest-run/benchmarks/performance/src/diff/diffTree.js,GitHub Copilot,https://github.com/microsoft/graphitation/pull/584,True,generic_perf,False,True
3259689574,packages/apollo-forest-run/benchmarks/performance/src/diff/difference.js,GitHub Copilot,https://github.com/microsoft/graphitation/pull/584,True,generic_perf,False,True
3259689574,packages/apollo-forest-run/benchmarks/performance/src/diff/differenceKind.js,GitHub Copilot,https://github.com/microsoft/graphitation/pull/584,True,generic_perf,False,True
3259689574,packages/apollo-forest-run/benchmarks/performance/src/diff/types.js,GitHub Copilot,https://github.com/microsoft/graphitation/pull/584,True,generic_perf,False,True
3259689574,packages/apollo-forest-run/benchmarks/performance/src/forest/addTree.js,GitHub Copilot,https://github.com/microsoft/graphitation/pull/584,True,generic_perf,False,True
3259689574,packages/apollo-forest-run/benchmarks/performance/src/forest/indexTree.js,GitHub Copilot,https://github.com/microsoft/graphitation/pull/584,True,generic_perf,False,True
3259689574,packages/apollo-forest-run/benchmarks/performance/src/forest/transformTree.js,GitHub Copilot,https://github.com/microsoft/graphitation/pull/584,True,generic_perf,False,True
3259689574,packages/apollo-forest-run/benchmarks/performance/src/forest/types.js,GitHub Copilot,https://github.com/microsoft/graphitation/pull/584,True,generic_perf,False,True
3259689574,packages/apollo-forest-run/benchmarks/performance/src/forest/updateForest.js,GitHub Copilot,https://github.com/microsoft/graphitation/pull/584,True,generic_perf,False,True
3259689574,packages/apollo-forest-run/benchmarks/performance/src/forest/updateObject.js,GitHub Copilot,https://github.com/microsoft/graphitation/pull/584,True,generic_perf,False,True
3259689574,packages/apollo-forest-run/benchmarks/performance/src/forest/updateTree.js,GitHub Copilot,https://github.com/microsoft/graphitation/pull/584,True,generic_perf,False,True
3259689574,packages/apollo-forest-run/benchmarks/performance/src/jsutils/assert.js,GitHub Copilot,https://github.com/microsoft/graphitation/pull/584,True,generic_perf,False,True
3259689574,packages/apollo-forest-run/benchmarks/performance/src/jsutils/logger.js,GitHub Copilot,https://github.com/microsoft/graphitation/pull/584,True,generic_perf,False,True
3259689574,packages/apollo-forest-run/benchmarks/performance/src/jsutils/map.js,GitHub Copilot,https://github.com/microsoft/graphitation/pull/584,True,generic_perf,False,True
3259689574,packages/apollo-forest-run/benchmarks/performance/src/jsutils/normalize.js,GitHub Copilot,https://github.com/microsoft/graphitation/pull/584,True,generic_perf,False,True
3259689574,packages/apollo-forest-run/benchmarks/performance/src/telemetry/logStaleOperations.js,GitHub Copilot,https://github.com/microsoft/graphitation/pull/584,True,generic_perf,False,True
3259689574,packages/apollo-forest-run/benchmarks/performance/src/telemetry/types.js,GitHub Copilot,https://github.com/microsoft/graphitation/pull/584,True,generic_perf,False,True
3259689574,packages/apollo-forest-run/benchmarks/performance/src/telemetry/updateStats/logUpdateStats.js,GitHub Copilot,https://github.com/microsoft/graphitation/pull/584,True,generic_perf,False,True
3259689574,packages/apollo-forest-run/benchmarks/performance/src/telemetry/updateStats/types.js,GitHub Copilot,https://github.com/microsoft/graphitation/pull/584,True,generic_perf,False,True
3259689574,packages/apollo-forest-run/benchmarks/performance/src/telemetry/updateStats/updateLogger.js,GitHub Copilot,https://github.com/microsoft/graphitation/pull/584,True,generic_perf,False,True
3259689574,packages/apollo-forest-run/benchmarks/performance/src/values/create.js,GitHub Copilot,https://github.com/microsoft/graphitation/pull/584,True,generic_perf,False,True
3259689574,packages/apollo-forest-run/benchmarks/performance/src/values/delete.js,GitHub Copilot,https://github.com/microsoft/graphitation/pull/584,True,generic_perf,False,True
3259689574,packages/apollo-forest-run/benchmarks/performance/src/values/draft.js,GitHub Copilot,https://github.com/microsoft/graphitation/pull/584,True,generic_perf,False,True
3259689574,packages/apollo-forest-run/benchmarks/performance/src/values/execute.js,GitHub Copilot,https://github.com/microsoft/graphitation/pull/584,True,generic_perf,False,True
3259689574,packages/apollo-forest-run/benchmarks/performance/src/values/index.js,GitHub Copilot,https://github.com/microsoft/graphitation/pull/584,True,generic_perf,False,True
3259689574,packages/apollo-forest-run/benchmarks/performance/src/values/iterator.js,GitHub Copilot,https://github.com/microsoft/graphitation/pull/584,True,generic_perf,False,True
3259689574,packages/apollo-forest-run/benchmarks/performance/src/values/predicates.js,GitHub Copilot,https://github.com/microsoft/graphitation/pull/584,True,generic_perf,False,True
3259689574,packages/apollo-forest-run/benchmarks/performance/src/values/resolve.js,GitHub Copilot,https://github.com/microsoft/graphitation/pull/584,True,generic_perf,False,True
3259689574,packages/apollo-forest-run/benchmarks/performance/src/values/traverse.js,GitHub Copilot,https://github.com/microsoft/graphitation/pull/584,True,generic_perf,False,True
3259689574,packages/apollo-forest-run/benchmarks/performance/src/values/types.js,GitHub Copilot,https://github.com/microsoft/graphitation/pull/584,True,generic_perf,False,True
3259689574,packages/apollo-forest-run/benchmarks/performance/src/values/valueKind.js,GitHub Copilot,https://github.com/microsoft/graphitation/pull/584,True,generic_perf,False,True
3259689574,packages/apollo-forest-run/benchmarks/performance/benchmarks/performance/index.js,GitHub Copilot,https://github.com/microsoft/graphitation/pull/584,True,generic_perf,False,True
3259689574,packages/apollo-forest-run/benchmarks/performance/benchmarks/performance/mock-data-generator.js,GitHub Copilot,https://github.com/microsoft/graphitation/pull/584,True,generic_perf,False,True
3259689574,packages/apollo-forest-run/benchmarks/performance/benchmarks/performance/nice-benchmark.js,GitHub Copilot,https://github.com/microsoft/graphitation/pull/584,True,generic_perf,False,True
3259689574,packages/apollo-forest-run/benchmarks/performance/src/ForestRun.js,GitHub Copilot,https://github.com/microsoft/graphitation/pull/584,True,generic_perf,False,True
3259689574,packages/apollo-forest-run/benchmarks/performance/src/cache/convert.js,GitHub Copilot,https://github.com/microsoft/graphitation/pull/584,True,generic_perf,False,True
3259689574,packages/apollo-forest-run/benchmarks/performance/src/cache/descriptor.js,GitHub Copilot,https://github.com/microsoft/graphitation/pull/584,True,generic_perf,False,True
3259689574,packages/apollo-forest-run/benchmarks/performance/src/cache/draftHelpers.js,GitHub Copilot,https://github.com/microsoft/graphitation/pull/584,True,generic_perf,False,True
3259689574,packages/apollo-forest-run/benchmarks/performance/src/cache/env.js,GitHub Copilot,https://github.com/microsoft/graphitation/pull/584,True,generic_perf,False,True
3259689574,packages/apollo-forest-run/benchmarks/performance/src/cache/invalidate.js,GitHub Copilot,https://github.com/microsoft/graphitation/pull/584,True,generic_perf,False,True
3259689574,packages/apollo-forest-run/benchmarks/performance/src/cache/keys.js,GitHub Copilot,https://github.com/microsoft/graphitation/pull/584,True,generic_perf,False,True
3259689574,packages/apollo-forest-run/benchmarks/performance/src/cache/modify.js,GitHub Copilot,https://github.com/microsoft/graphitation/pull/584,True,generic_perf,False,True
3259689574,packages/apollo-forest-run/benchmarks/performance/src/cache/policies.js,GitHub Copilot,https://github.com/microsoft/graphitation/pull/584,True,generic_perf,False,True
3259689574,packages/apollo-forest-run/benchmarks/performance/src/cache/read.js,GitHub Copilot,https://github.com/microsoft/graphitation/pull/584,True,generic_perf,False,True
3259689574,packages/apollo-forest-run/benchmarks/performance/src/cache/store.js,GitHub Copilot,https://github.com/microsoft/graphitation/pull/584,True,generic_perf,False,True
3259689574,packages/apollo-forest-run/benchmarks/performance/src/cache/types.js,GitHub Copilot,https://github.com/microsoft/graphitation/pull/584,True,generic_perf,False,True
3259689574,packages/apollo-forest-run/benchmarks/performance/src/cache/write.js,GitHub Copilot,https://github.com/microsoft/graphitation/pull/584,True,generic_perf,False,True
3259689574,packages/apollo-forest-run/benchmarks/performance/src/descriptor/addTypenameToDocument.js,GitHub Copilot,https://github.com/microsoft/graphitation/pull/584,True,generic_perf,False,True
3259689574,packages/apollo-forest-run/benchmarks/performance/src/descriptor/document.js,GitHub Copilot,https://github.com/microsoft/graphitation/pull/584,True,generic_perf,False,True
3259689574,packages/apollo-forest-run/benchmarks/performance/src/descriptor/operation.js,GitHub Copilot,https://github.com/microsoft/graphitation/pull/584,True,generic_perf,False,True
3259689574,packages/apollo-forest-run/benchmarks/performance/src/descriptor/possibleSelection.js,GitHub Copilot,https://github.com/microsoft/graphitation/pull/584,True,generic_perf,False,True
3259689574,packages/apollo-forest-run/benchmarks/performance/src/descriptor/resolvedSelection.js,GitHub Copilot,https://github.com/microsoft/graphitation/pull/584,True,generic_perf,False,True
3259689574,packages/apollo-forest-run/benchmarks/performance/src/descriptor/types.js,GitHub Copilot,https://github.com/microsoft/graphitation/pull/584,True,generic_perf,False,True
3259689574,packages/apollo-forest-run/benchmarks/performance/src/diff/diffErrorKind.js,GitHub Copilot,https://github.com/microsoft/graphitation/pull/584,True,generic_perf,False,True
3259689574,packages/apollo-forest-run/benchmarks/performance/src/diff/diffObject.js,GitHub Copilot,https://github.com/microsoft/graphitation/pull/584,True,generic_perf,False,True
3259689574,packages/apollo-forest-run/benchmarks/performance/src/diff/diffTree.js,GitHub Copilot,https://github.com/microsoft/graphitation/pull/584,True,generic_perf,False,True
3259689574,packages/apollo-forest-run/benchmarks/performance/src/diff/difference.js,GitHub Copilot,https://github.com/microsoft/graphitation/pull/584,True,generic_perf,False,True
3259689574,packages/apollo-forest-run/benchmarks/performance/src/diff/differenceKind.js,GitHub Copilot,https://github.com/microsoft/graphitation/pull/584,True,generic_perf,False,True
3259689574,packages/apollo-forest-run/benchmarks/performance/src/diff/types.js,GitHub Copilot,https://github.com/microsoft/graphitation/pull/584,True,generic_perf,False,True
3259689574,packages/apollo-forest-run/benchmarks/performance/src/forest/addTree.js,GitHub Copilot,https://github.com/microsoft/graphitation/pull/584,True,generic_perf,False,True
3259689574,packages/apollo-forest-run/benchmarks/performance/src/forest/indexTree.js,GitHub Copilot,https://github.com/microsoft/graphitation/pull/584,True,generic_perf,False,True
3259689574,packages/apollo-forest-run/benchmarks/performance/src/forest/transformTree.js,GitHub Copilot,https://github.com/microsoft/graphitation/pull/584,True,generic_perf,False,True
3259689574,packages/apollo-forest-run/benchmarks/performance/src/forest/types.js,GitHub Copilot,https://github.com/microsoft/graphitation/pull/584,True,generic_perf,False,True
3259689574,packages/apollo-forest-run/benchmarks/performance/src/forest/updateForest.js,GitHub Copilot,https://github.com/microsoft/graphitation/pull/584,True,generic_perf,False,True
3259689574,packages/apollo-forest-run/benchmarks/performance/src/forest/updateObject.js,GitHub Copilot,https://github.com/microsoft/graphitation/pull/584,True,generic_perf,False,True
3259689574,packages/apollo-forest-run/benchmarks/performance/src/forest/updateTree.js,GitHub Copilot,https://github.com/microsoft/graphitation/pull/584,True,generic_perf,False,True
3259689574,packages/apollo-forest-run/benchmarks/performance/src/jsutils/assert.js,GitHub Copilot,https://github.com/microsoft/graphitation/pull/584,True,generic_perf,False,True
3259689574,packages/apollo-forest-run/benchmarks/performance/src/jsutils/logger.js,GitHub Copilot,https://github.com/microsoft/graphitation/pull/584,True,generic_perf,False,True
3259689574,packages/apollo-forest-run/benchmarks/performance/src/jsutils/map.js,GitHub Copilot,https://github.com/microsoft/graphitation/pull/584,True,generic_perf,False,True
3259689574,packages/apollo-forest-run/benchmarks/performance/src/jsutils/normalize.js,GitHub Copilot,https://github.com/microsoft/graphitation/pull/584,True,generic_perf,False,True
3259689574,packages/apollo-forest-run/benchmarks/performance/src/telemetry/logStaleOperations.js,GitHub Copilot,https://github.com/microsoft/graphitation/pull/584,True,generic_perf,False,True
3259689574,packages/apollo-forest-run/benchmarks/performance/src/telemetry/types.js,GitHub Copilot,https://github.com/microsoft/graphitation/pull/584,True,generic_perf,False,True
3259689574,packages/apollo-forest-run/benchmarks/performance/src/telemetry/updateStats/logUpdateStats.js,GitHub Copilot,https://github.com/microsoft/graphitation/pull/584,True,generic_perf,False,True
3259689574,packages/apollo-forest-run/benchmarks/performance/src/telemetry/updateStats/types.js,GitHub Copilot,https://github.com/microsoft/graphitation/pull/584,True,generic_perf,False,True
3259689574,packages/apollo-forest-run/benchmarks/performance/src/telemetry/updateStats/updateLogger.js,GitHub Copilot,https://github.com/microsoft/graphitation/pull/584,True,generic_perf,False,True
3259689574,packages/apollo-forest-run/benchmarks/performance/src/values/create.js,GitHub Copilot,https://github.com/microsoft/graphitation/pull/584,True,generic_perf,False,True
3259689574,packages/apollo-forest-run/benchmarks/performance/src/values/delete.js,GitHub Copilot,https://github.com/microsoft/graphitation/pull/584,True,generic_perf,False,True
3259689574,packages/apollo-forest-run/benchmarks/performance/src/values/draft.js,GitHub Copilot,https://github.com/microsoft/graphitation/pull/584,True,generic_perf,False,True
3259689574,packages/apollo-forest-run/benchmarks/performance/src/values/execute.js,GitHub Copilot,https://github.com/microsoft/graphitation/pull/584,True,generic_perf,False,True
3259689574,packages/apollo-forest-run/benchmarks/performance/src/values/index.js,GitHub Copilot,https://github.com/microsoft/graphitation/pull/584,True,generic_perf,False,True
3259689574,packages/apollo-forest-run/benchmarks/performance/src/values/iterator.js,GitHub Copilot,https://github.com/microsoft/graphitation/pull/584,True,generic_perf,False,True
3259689574,packages/apollo-forest-run/benchmarks/performance/src/values/predicates.js,GitHub Copilot,https://github.com/microsoft/graphitation/pull/584,True,generic_perf,False,True
3259689574,packages/apollo-forest-run/benchmarks/performance/src/values/resolve.js,GitHub Copilot,https://github.com/microsoft/graphitation/pull/584,True,generic_perf,False,True
3259689574,packages/apollo-forest-run/benchmarks/performance/src/values/traverse.js,GitHub Copilot,https://github.com/microsoft/graphitation/pull/584,True,generic_perf,False,True
3259689574,packages/apollo-forest-run/benchmarks/performance/src/values/types.js,GitHub Copilot,https://github.com/microsoft/graphitation/pull/584,True,generic_perf,False,True
3259689574,packages/apollo-forest-run/benchmarks/performance/src/values/valueKind.js,GitHub Copilot,https://github.com/microsoft/graphitation/pull/584,True,generic_perf,False,True
3259689574,packages/apollo-forest-run/benchmarks/performance/README.md,GitHub Copilot,https://github.com/microsoft/graphitation/pull/584,True,generic_perf,False,True
3259689574,packages/apollo-forest-run/benchmarks/performance/config.json,GitHub Copilot,https://github.com/microsoft/graphitation/pull/584,True,generic_perf,False,True
3259689574,packages/apollo-forest-run/benchmarks/performance/nice-benchmark.ts,GitHub Copilot,https://github.com/microsoft/graphitation/pull/584,True,generic_perf,False,True
3259689574,packages/apollo-forest-run/benchmarks/performance/README.md,GitHub Copilot,https://github.com/microsoft/graphitation/pull/584,True,generic_perf,False,True
3259689574,packages/apollo-forest-run/benchmarks/performance/benchmark-test.sh,GitHub Copilot,https://github.com/microsoft/graphitation/pull/584,True,generic_perf,False,True
3259689574,packages/apollo-forest-run/benchmarks/performance/benchmark-wrapper.sh,GitHub Copilot,https://github.com/microsoft/graphitation/pull/584,True,generic_perf,False,True
3259689574,packages/apollo-forest-run/benchmarks/performance/benchmarks/performance/index.js,GitHub Copilot,https://github.com/microsoft/graphitation/pull/584,True,generic_perf,False,True
3259689574,packages/apollo-forest-run/benchmarks/performance/benchmarks/performance/mock-data-generator.js,GitHub Copilot,https://github.com/microsoft/graphitation/pull/584,True,generic_perf,False,True
3259689574,packages/apollo-forest-run/benchmarks/performance/benchmarks/performance/nice-benchmark.js,GitHub Copilot,https://github.com/microsoft/graphitation/pull/584,True,generic_perf,False,True
3259689574,packages/apollo-forest-run/benchmarks/performance/config.json,GitHub Copilot,https://github.com/microsoft/graphitation/pull/584,True,generic_perf,False,True
3259689574,packages/apollo-forest-run/benchmarks/performance/index-with-confidence.js,GitHub Copilot,https://github.com/microsoft/graphitation/pull/584,True,generic_perf,False,True
3259689574,packages/apollo-forest-run/benchmarks/performance/index.ts,GitHub Copilot,https://github.com/microsoft/graphitation/pull/584,True,generic_perf,False,True
3259689574,packages/apollo-forest-run/benchmarks/performance/nice-benchmark.ts,GitHub Copilot,https://github.com/microsoft/graphitation/pull/584,True,generic_perf,False,True
3259689574,packages/apollo-forest-run/benchmarks/performance/src/ForestRun.js,GitHub Copilot,https://github.com/microsoft/graphitation/pull/584,True,generic_perf,False,True
3259689574,packages/apollo-forest-run/benchmarks/performance/src/cache/convert.js,GitHub Copilot,https://github.com/microsoft/graphitation/pull/584,True,generic_perf,False,True
3259689574,packages/apollo-forest-run/benchmarks/performance/src/cache/descriptor.js,GitHub Copilot,https://github.com/microsoft/graphitation/pull/584,True,generic_perf,False,True
3259689574,packages/apollo-forest-run/benchmarks/performance/src/cache/draftHelpers.js,GitHub Copilot,https://github.com/microsoft/graphitation/pull/584,True,generic_perf,False,True
3259689574,packages/apollo-forest-run/benchmarks/performance/src/cache/env.js,GitHub Copilot,https://github.com/microsoft/graphitation/pull/584,True,generic_perf,False,True
3259689574,packages/apollo-forest-run/benchmarks/performance/src/cache/invalidate.js,GitHub Copilot,https://github.com/microsoft/graphitation/pull/584,True,generic_perf,False,True
3259689574,packages/apollo-forest-run/benchmarks/performance/src/cache/keys.js,GitHub Copilot,https://github.com/microsoft/graphitation/pull/584,True,generic_perf,False,True
3259689574,packages/apollo-forest-run/benchmarks/performance/src/cache/modify.js,GitHub Copilot,https://github.com/microsoft/graphitation/pull/584,True,generic_perf,False,True
3259689574,packages/apollo-forest-run/benchmarks/performance/src/cache/policies.js,GitHub Copilot,https://github.com/microsoft/graphitation/pull/584,True,generic_perf,False,True
3259689574,packages/apollo-forest-run/benchmarks/performance/src/cache/read.js,GitHub Copilot,https://github.com/microsoft/graphitation/pull/584,True,generic_perf,False,True
3259689574,packages/apollo-forest-run/benchmarks/performance/src/cache/store.js,GitHub Copilot,https://github.com/microsoft/graphitation/pull/584,True,generic_perf,False,True
3259689574,packages/apollo-forest-run/benchmarks/performance/src/cache/types.js,GitHub Copilot,https://github.com/microsoft/graphitation/pull/584,True,generic_perf,False,True
3259689574,packages/apollo-forest-run/benchmarks/performance/src/cache/write.js,GitHub Copilot,https://github.com/microsoft/graphitation/pull/584,True,generic_perf,False,True
3259689574,packages/apollo-forest-run/benchmarks/performance/src/descriptor/addTypenameToDocument.js,GitHub Copilot,https://github.com/microsoft/graphitation/pull/584,True,generic_perf,False,True
3259689574,packages/apollo-forest-run/benchmarks/performance/src/descriptor/document.js,GitHub Copilot,https://github.com/microsoft/graphitation/pull/584,True,generic_perf,False,True
3259689574,packages/apollo-forest-run/benchmarks/performance/src/descriptor/operation.js,GitHub Copilot,https://github.com/microsoft/graphitation/pull/584,True,generic_perf,False,True
3259689574,packages/apollo-forest-run/benchmarks/performance/src/descriptor/possibleSelection.js,GitHub Copilot,https://github.com/microsoft/graphitation/pull/584,True,generic_perf,False,True
3259689574,packages/apollo-forest-run/benchmarks/performance/src/descriptor/resolvedSelection.js,GitHub Copilot,https://github.com/microsoft/graphitation/pull/584,True,generic_perf,False,True
3259689574,packages/apollo-forest-run/benchmarks/performance/src/descriptor/types.js,GitHub Copilot,https://github.com/microsoft/graphitation/pull/584,True,generic_perf,False,True
3259689574,packages/apollo-forest-run/benchmarks/performance/src/diff/diffErrorKind.js,GitHub Copilot,https://github.com/microsoft/graphitation/pull/584,True,generic_perf,False,True
3259689574,packages/apollo-forest-run/benchmarks/performance/src/diff/diffObject.js,GitHub Copilot,https://github.com/microsoft/graphitation/pull/584,True,generic_perf,False,True
3259689574,packages/apollo-forest-run/benchmarks/performance/src/diff/diffTree.js,GitHub Copilot,https://github.com/microsoft/graphitation/pull/584,True,generic_perf,False,True
3259689574,packages/apollo-forest-run/benchmarks/performance/src/diff/difference.js,GitHub Copilot,https://github.com/microsoft/graphitation/pull/584,True,generic_perf,False,True
3259689574,packages/apollo-forest-run/benchmarks/performance/src/diff/differenceKind.js,GitHub Copilot,https://github.com/microsoft/graphitation/pull/584,True,generic_perf,False,True
3259689574,packages/apollo-forest-run/benchmarks/performance/src/diff/types.js,GitHub Copilot,https://github.com/microsoft/graphitation/pull/584,True,generic_perf,False,True
3259689574,packages/apollo-forest-run/benchmarks/performance/src/forest/addTree.js,GitHub Copilot,https://github.com/microsoft/graphitation/pull/584,True,generic_perf,False,True
3259689574,packages/apollo-forest-run/benchmarks/performance/src/forest/indexTree.js,GitHub Copilot,https://github.com/microsoft/graphitation/pull/584,True,generic_perf,False,True
3259689574,packages/apollo-forest-run/benchmarks/performance/src/forest/transformTree.js,GitHub Copilot,https://github.com/microsoft/graphitation/pull/584,True,generic_perf,False,True
3259689574,packages/apollo-forest-run/benchmarks/performance/src/forest/types.js,GitHub Copilot,https://github.com/microsoft/graphitation/pull/584,True,generic_perf,False,True
3259689574,packages/apollo-forest-run/benchmarks/performance/src/forest/updateForest.js,GitHub Copilot,https://github.com/microsoft/graphitation/pull/584,True,generic_perf,False,True
3259689574,packages/apollo-forest-run/benchmarks/performance/src/forest/updateObject.js,GitHub Copilot,https://github.com/microsoft/graphitation/pull/584,True,generic_perf,False,True
3259689574,packages/apollo-forest-run/benchmarks/performance/src/forest/updateTree.js,GitHub Copilot,https://github.com/microsoft/graphitation/pull/584,True,generic_perf,False,True
3259689574,packages/apollo-forest-run/benchmarks/performance/src/jsutils/assert.js,GitHub Copilot,https://github.com/microsoft/graphitation/pull/584,True,generic_perf,False,True
3259689574,packages/apollo-forest-run/benchmarks/performance/src/jsutils/logger.js,GitHub Copilot,https://github.com/microsoft/graphitation/pull/584,True,generic_perf,False,True
3259689574,packages/apollo-forest-run/benchmarks/performance/src/jsutils/map.js,GitHub Copilot,https://github.com/microsoft/graphitation/pull/584,True,generic_perf,False,True
3259689574,packages/apollo-forest-run/benchmarks/performance/src/jsutils/normalize.js,GitHub Copilot,https://github.com/microsoft/graphitation/pull/584,True,generic_perf,False,True
3259689574,packages/apollo-forest-run/benchmarks/performance/src/telemetry/logStaleOperations.js,GitHub Copilot,https://github.com/microsoft/graphitation/pull/584,True,generic_perf,False,True
3259689574,packages/apollo-forest-run/benchmarks/performance/src/telemetry/types.js,GitHub Copilot,https://github.com/microsoft/graphitation/pull/584,True,generic_perf,False,True
3259689574,packages/apollo-forest-run/benchmarks/performance/src/telemetry/updateStats/logUpdateStats.js,GitHub Copilot,https://github.com/microsoft/graphitation/pull/584,True,generic_perf,False,True
3259689574,packages/apollo-forest-run/benchmarks/performance/src/telemetry/updateStats/types.js,GitHub Copilot,https://github.com/microsoft/graphitation/pull/584,True,generic_perf,False,True
3259689574,packages/apollo-forest-run/benchmarks/performance/src/telemetry/updateStats/updateLogger.js,GitHub Copilot,https://github.com/microsoft/graphitation/pull/584,True,generic_perf,False,True
3259689574,packages/apollo-forest-run/benchmarks/performance/src/values/create.js,GitHub Copilot,https://github.com/microsoft/graphitation/pull/584,True,generic_perf,False,True
3259689574,packages/apollo-forest-run/benchmarks/performance/src/values/delete.js,GitHub Copilot,https://github.com/microsoft/graphitation/pull/584,True,generic_perf,False,True
3259689574,packages/apollo-forest-run/benchmarks/performance/src/values/draft.js,GitHub Copilot,https://github.com/microsoft/graphitation/pull/584,True,generic_perf,False,True
3259689574,packages/apollo-forest-run/benchmarks/performance/src/values/execute.js,GitHub Copilot,https://github.com/microsoft/graphitation/pull/584,True,generic_perf,False,True
3259689574,packages/apollo-forest-run/benchmarks/performance/src/values/index.js,GitHub Copilot,https://github.com/microsoft/graphitation/pull/584,True,generic_perf,False,True
3259689574,packages/apollo-forest-run/benchmarks/performance/src/values/iterator.js,GitHub Copilot,https://github.com/microsoft/graphitation/pull/584,True,generic_perf,False,True
3259689574,packages/apollo-forest-run/benchmarks/performance/src/values/predicates.js,GitHub Copilot,https://github.com/microsoft/graphitation/pull/584,True,generic_perf,False,True
3259689574,packages/apollo-forest-run/benchmarks/performance/src/values/resolve.js,GitHub Copilot,https://github.com/microsoft/graphitation/pull/584,True,generic_perf,False,True
3259689574,packages/apollo-forest-run/benchmarks/performance/src/values/traverse.js,GitHub Copilot,https://github.com/microsoft/graphitation/pull/584,True,generic_perf,False,True
3259689574,packages/apollo-forest-run/benchmarks/performance/src/values/types.js,GitHub Copilot,https://github.com/microsoft/graphitation/pull/584,True,generic_perf,False,True
3259689574,packages/apollo-forest-run/benchmarks/performance/src/values/valueKind.js,GitHub Copilot,https://github.com/microsoft/graphitation/pull/584,True,generic_perf,False,True
3189173871,.github/workflows/benchmark.yml,GitHub Copilot,https://github.com/open-telemetry/opentelemetry-rust/pull/3046,True,generic_perf,False,True
3250549842,libs/partners/ollama/test_load_response_fix.py,GitHub Copilot,https://github.com/langchain-ai/langchain/pull/32161,True,generic_perf,False,True
3250549842,libs/partners/ollama/test_load_response_fix.py,GitHub Copilot,https://github.com/langchain-ai/langchain/pull/32161,True,generic_perf,False,True
3172482561,sdk/loadtestservice/Azure.Developer.LoadTesting/src/Generated/AzureLoadTestingClientBuilderExtensions.cs,GitHub Copilot,https://github.com/Azure/azure-sdk-for-net/pull/50826,True,generic_perf,False,True
3172482561,sdk/loadtestservice/Azure.Developer.LoadTesting/src/Generated/AzureLoadTestingClientBuilderExtensions.cs,GitHub Copilot,https://github.com/Azure/azure-sdk-for-net/pull/50826,True,generic_perf,False,True
3119512382,common/perf-test-core/pom.xml,GitHub Copilot,https://github.com/Azure/azure-sdk-for-java/pull/45595,True,generic_perf,False,True
3119512382,sdk/appconfiguration/azure-data-appconfiguration-perf/pom.xml,GitHub Copilot,https://github.com/Azure/azure-sdk-for-java/pull/45595,True,generic_perf,False,True
3119512382,sdk/communication/azure-communication-common-perf/pom.xml,GitHub Copilot,https://github.com/Azure/azure-sdk-for-java/pull/45595,True,generic_perf,False,True
3119512382,sdk/communication/azure-communication-common-perf/pom.xml,GitHub Copilot,https://github.com/Azure/azure-sdk-for-java/pull/45595,True,generic_perf,False,True
3119512382,common/perf-test-core/pom.xml,GitHub Copilot,https://github.com/Azure/azure-sdk-for-java/pull/45595,True,generic_perf,False,True
3119512382,sdk/core/azure-core-perf/pom.xml,GitHub Copilot,https://github.com/Azure/azure-sdk-for-java/pull/45595,True,generic_perf,False,True
3119512382,sdk/eventhubs/azure-messaging-eventhubs-track2-perf/pom.xml,GitHub Copilot,https://github.com/Azure/azure-sdk-for-java/pull/45595,True,generic_perf,False,True
3119512382,sdk/parents/azure-perf-test-parent-v2/CHANGELOG.md,GitHub Copilot,https://github.com/Azure/azure-sdk-for-java/pull/45595,True,generic_perf,False,True
3119512382,sdk/parents/azure-perf-test-parent-v2/README.md,GitHub Copilot,https://github.com/Azure/azure-sdk-for-java/pull/45595,True,generic_perf,False,True
3119512382,sdk/parents/azure-perf-test-parent-v2/pom.xml,GitHub Copilot,https://github.com/Azure/azure-sdk-for-java/pull/45595,True,generic_perf,False,True
3119512382,common/perf-test-core/pom.xml,GitHub Copilot,https://github.com/Azure/azure-sdk-for-java/pull/45595,True,generic_perf,False,True
3119512382,sdk/appconfiguration/azure-data-appconfiguration-perf/pom.xml,GitHub Copilot,https://github.com/Azure/azure-sdk-for-java/pull/45595,True,generic_perf,False,True
3119512382,sdk/clientcore/http-stress/README.md,GitHub Copilot,https://github.com/Azure/azure-sdk-for-java/pull/45595,True,generic_perf,False,True
3119512382,sdk/communication/azure-communication-common-perf/pom.xml,GitHub Copilot,https://github.com/Azure/azure-sdk-for-java/pull/45595,True,generic_perf,False,True
3119512382,sdk/containerregistry/azure-containers-containerregistry-perf/pom.xml,GitHub Copilot,https://github.com/Azure/azure-sdk-for-java/pull/45595,True,generic_perf,False,True
3119512382,sdk/cosmos/azure-cosmos-benchmark/pom.xml,GitHub Copilot,https://github.com/Azure/azure-sdk-for-java/pull/45595,True,generic_perf,False,True
3119512382,sdk/cosmos/azure-cosmos-benchmark/src/main/java/com/azure/cosmos/benchmark/AsyncBenchmark.java,GitHub Copilot,https://github.com/Azure/azure-sdk-for-java/pull/45595,True,generic_perf,False,True
3119512382,sdk/cosmos/azure-cosmos-benchmark/src/main/java/com/azure/cosmos/benchmark/CosmosSamplingDiagnosticsLogger.java,GitHub Copilot,https://github.com/Azure/azure-sdk-for-java/pull/45595,True,generic_perf,False,True
3119512382,sdk/cosmos/azure-cosmos-benchmark/src/main/java/com/azure/cosmos/benchmark/CosmosTotalResultReporter.java,GitHub Copilot,https://github.com/Azure/azure-sdk-for-java/pull/45595,True,generic_perf,False,True
3119512382,sdk/cosmos/azure-cosmos-benchmark/src/main/resources/log4j2.properties,GitHub Copilot,https://github.com/Azure/azure-sdk-for-java/pull/45595,True,generic_perf,False,True
3075019704,src/queries/catalog/last-n-month-price-benchmarking.kql,GitHub Copilot,https://github.com/microsoft/finops-toolkit/pull/1609,True,generic_perf,False,True
3169497988,common/perf-test-core/pom.xml,GitHub Copilot,https://github.com/Azure/azure-sdk-for-java/pull/45797,True,generic_perf,False,True
3169497988,sdk/appconfiguration/azure-data-appconfiguration-perf/pom.xml,GitHub Copilot,https://github.com/Azure/azure-sdk-for-java/pull/45797,True,generic_perf,False,True
3169497988,sdk/clientcore/http-stress/README.md,GitHub Copilot,https://github.com/Azure/azure-sdk-for-java/pull/45797,True,generic_perf,False,True
3169497988,sdk/communication/azure-communication-common-perf/pom.xml,GitHub Copilot,https://github.com/Azure/azure-sdk-for-java/pull/45797,True,generic_perf,False,True
3169497988,sdk/containerregistry/azure-containers-containerregistry-perf/pom.xml,GitHub Copilot,https://github.com/Azure/azure-sdk-for-java/pull/45797,True,generic_perf,False,True
3169497988,sdk/storage/azure-storage-blob-stress/pom.xml,GitHub Copilot,https://github.com/Azure/azure-sdk-for-java/pull/45797,True,generic_perf,False,True
3169497988,sdk/storage/azure-storage-file-datalake-stress/pom.xml,GitHub Copilot,https://github.com/Azure/azure-sdk-for-java/pull/45797,True,generic_perf,False,True
3169497988,sdk/storage/azure-storage-file-share-stress/pom.xml,GitHub Copilot,https://github.com/Azure/azure-sdk-for-java/pull/45797,True,generic_perf,False,True
3169497988,sdk/storage/azure-storage-perf/pom.xml,GitHub Copilot,https://github.com/Azure/azure-sdk-for-java/pull/45797,True,generic_perf,False,True
3169497988,sdk/computeschedule/azure-resourcemanager-computeschedule/src/test/java/com/azure/resourcemanager/computeschedule/generated/ResourceProvisionPayloadTests.java,GitHub Copilot,https://github.com/Azure/azure-sdk-for-java/pull/45797,True,generic_perf,False,True
3169497988,sdk/cosmos/azure-cosmos-benchmark/pom.xml,GitHub Copilot,https://github.com/Azure/azure-sdk-for-java/pull/45797,True,generic_perf,False,True
3169497988,sdk/cosmos/azure-cosmos-benchmark/src/main/java/com/azure/cosmos/benchmark/AsyncBenchmark.java,GitHub Copilot,https://github.com/Azure/azure-sdk-for-java/pull/45797,True,generic_perf,False,True
3169497988,sdk/cosmos/azure-cosmos-benchmark/src/main/java/com/azure/cosmos/benchmark/Configuration.java,GitHub Copilot,https://github.com/Azure/azure-sdk-for-java/pull/45797,True,generic_perf,False,True
3169497988,sdk/loadtesting/azure-developer-loadtesting/src/main/java/com/azure/developer/loadtesting/implementation/LoadTestAdministrationClientImpl.java,GitHub Copilot,https://github.com/Azure/azure-sdk-for-java/pull/45797,True,generic_perf,False,True
3169497988,sdk/loadtesting/azure-developer-loadtesting/src/main/java/com/azure/developer/loadtesting/implementation/LoadTestRunClientImpl.java,GitHub Copilot,https://github.com/Azure/azure-sdk-for-java/pull/45797,True,generic_perf,False,True
3169497988,sdk/clientcore/http-stress/checkstyle-suppressions.xml,GitHub Copilot,https://github.com/Azure/azure-sdk-for-java/pull/45797,True,generic_perf,False,True
3169497988,sdk/clientcore/http-stress/dockerfiles/java17,GitHub Copilot,https://github.com/Azure/azure-sdk-for-java/pull/45797,True,generic_perf,False,True
3169497988,sdk/clientcore/http-stress/dockerfiles/java21,GitHub Copilot,https://github.com/Azure/azure-sdk-for-java/pull/45797,True,generic_perf,False,True
3169497988,sdk/clientcore/http-stress/pom.xml,GitHub Copilot,https://github.com/Azure/azure-sdk-for-java/pull/45797,True,generic_perf,False,True
3169497988,sdk/clientcore/http-stress/spotbugs-exclude.xml,GitHub Copilot,https://github.com/Azure/azure-sdk-for-java/pull/45797,True,generic_perf,False,True
3169497988,sdk/monitor/azure-monitor-ingestion-perf/pom.xml,GitHub Copilot,https://github.com/Azure/azure-sdk-for-java/pull/45797,True,generic_perf,False,True
3105590060,src/mono/nuget/Microsoft.NET.Runtime.WorkloadTesting.Internal/Sdk/WorkloadTesting.Core.targets,GitHub Copilot,https://github.com/dotnet/runtime/pull/116176,True,generic_perf,False,True
3147372193,vendor/bundle/ruby/3.2.0/cache/benchmark-0.4.1.gem,GitHub Copilot,https://github.com/aki77/activestorage-validator/pull/39,True,generic_perf,False,True
3147372193,vendor/bundle/ruby/3.2.0/cache/benchmark-0.4.1.gem,GitHub Copilot,https://github.com/aki77/activestorage-validator/pull/39,True,generic_perf,False,True
3221072168,.github/workflows/falcor-compiler-perf-test.yml,GitHub Copilot,https://github.com/shader-slang/slang/pull/7714,True,generic_perf,False,True
3221072168,tests/cooperative-vector/load-store-arbitrary-array-vec.slang,GitHub Copilot,https://github.com/shader-slang/slang/pull/7714,True,generic_perf,False,True
3221072168,tests/cooperative-vector/load-store-arbitrary-array.slang,GitHub Copilot,https://github.com/shader-slang/slang/pull/7714,True,generic_perf,False,True
3221072168,tests/cooperative-vector/load-store-groupshared.slang,GitHub Copilot,https://github.com/shader-slang/slang/pull/7714,True,generic_perf,False,True
3221072168,tests/cooperative-vector/load-store-rwbyteaddressbuffer.slang,GitHub Copilot,https://github.com/shader-slang/slang/pull/7714,True,generic_perf,False,True
3221072168,tests/cooperative-vector/load-store-rwstructuredbuffer.slang,GitHub Copilot,https://github.com/shader-slang/slang/pull/7714,True,generic_perf,False,True
3120704042,extensions/vscode-colorize-perf-tests/src/index.ts,GitHub Copilot,https://github.com/microsoft/vscode/pull/250731,True,generic_perf,False,True
3121897365,common/perf-test-core/pom.xml,GitHub Copilot,https://github.com/Azure/azure-sdk-for-java/pull/45606,True,generic_perf,False,True
3121897365,sdk/appconfiguration/azure-data-appconfiguration-perf/pom.xml,GitHub Copilot,https://github.com/Azure/azure-sdk-for-java/pull/45606,True,generic_perf,False,True
3162485837,snippets/visualbasic/System.Reflection/Assembly/Load/Load2.vb,GitHub Copilot,https://github.com/dotnet/dotnet-api-docs/pull/11493,True,generic_perf,False,True
3162485837,snippets/visualbasic/System.Reflection/Assembly/Load/load1.vb,GitHub Copilot,https://github.com/dotnet/dotnet-api-docs/pull/11493,True,generic_perf,False,True
3078782339,graphrag/index/workflows/load_input_documents.py,GitHub Copilot,https://github.com/microsoft/graphrag/pull/1944,True,generic_perf,False,True
3078782339,graphrag/index/workflows/load_update_documents.py,GitHub Copilot,https://github.com/microsoft/graphrag/pull/1944,True,generic_perf,False,True
3084855641,tools/stress-cluster/services/Stress.Watcher/src/ChaosResources/Resource.cs,GitHub Copilot,https://github.com/Azure/azure-sdk-tools/pull/10726,True,generic_perf,False,True
3084855641,tools/stress-cluster/services/Stress.Watcher/src/ChaosResources/Resource.cs,GitHub Copilot,https://github.com/Azure/azure-sdk-tools/pull/10726,True,generic_perf,False,True
3227441495,src/Mvc/perf/benchmarkapps/BasicApi/Startup.cs,GitHub Copilot,https://github.com/dotnet/aspnetcore/pull/62703,True,generic_perf,False,True
3227441495,src/Mvc/perf/benchmarkapps/BasicViews/Startup.cs,GitHub Copilot,https://github.com/dotnet/aspnetcore/pull/62703,True,generic_perf,False,True
3227441495,src/Mvc/perf/benchmarkapps/RazorRendering/Startup.cs,GitHub Copilot,https://github.com/dotnet/aspnetcore/pull/62703,True,generic_perf,False,True
3132383081,test/e2e/runner/benchmark.go,GitHub Copilot,https://github.com/celestiaorg/celestia-core/pull/1954,True,generic_perf,False,True
3125834113,sdk/loadtesting/load-testing-rest/src/models.ts,GitHub Copilot,https://github.com/Azure/azure-sdk-for-js/pull/34737,True,generic_perf,False,True
3125834113,sdk/loadtesting/load-testing-rest/src/outputModels.ts,GitHub Copilot,https://github.com/Azure/azure-sdk-for-js/pull/34737,True,generic_perf,False,True
3125834113,sdk/loadtesting/playwright/src/utils/utils.ts,GitHub Copilot,https://github.com/Azure/azure-sdk-for-js/pull/34737,True,generic_perf,False,True
3125834113,sdk/loadtesting/playwright/test/utils/utils.spec.ts,GitHub Copilot,https://github.com/Azure/azure-sdk-for-js/pull/34737,True,generic_perf,False,True
3125834113,sdk/loadtesting/load-testing-rest/src/models.ts,GitHub Copilot,https://github.com/Azure/azure-sdk-for-js/pull/34737,True,generic_perf,False,True
3125834113,sdk/loadtesting/load-testing-rest/src/outputModels.ts,GitHub Copilot,https://github.com/Azure/azure-sdk-for-js/pull/34737,True,generic_perf,False,True
3076722865,devops/scripts/load_and_validate_env.sh,GitHub Copilot,https://github.com/microsoft/AzureTRE/pull/4552,True,generic_perf,False,True
3080969048,AISKU/Tests/Perf/src/AISKUPerf.ts,GitHub Copilot,https://github.com/microsoft/ApplicationInsights-JS/pull/2544,True,generic_perf,False,True
3083837004,specification/loadtestservice/LoadTestService/tspconfig.yaml,GitHub Copilot,https://github.com/Azure/azure-rest-api-specs/pull/34868,True,generic_perf,False,True
3083837004,specification/loadtestservice/LoadTestService/tspconfig.yaml,GitHub Copilot,https://github.com/Azure/azure-rest-api-specs/pull/34868,True,generic_perf,False,True
3101464221,conda/conda-releaselogs/azure-developer-loadtesting.md,GitHub Copilot,https://github.com/Azure/azure-sdk-for-python/pull/41352,True,generic_perf,False,True
3176922585,extensions/vscode-colorize-perf-tests/src/index.ts,GitHub Copilot,https://github.com/microsoft/vscode/pull/252448,True,generic_perf,False,True
3112462308,src/Profile/BaseBenchmark.cs,GitHub Copilot,https://github.com/tonybaloney/CSnakes/pull/490,True,generic_perf,False,True
3116063940,docs/vendor/bundle/ruby/3.2.0/cache/benchmark-0.4.0.gem,GitHub Copilot,https://github.com/DaveSkender/Stock.Indicators/pull/1343,True,generic_perf,False,True
3116063940,docs/vendor/bundle/ruby/3.2.0/gems/activesupport-8.0.2/lib/active_support/benchmark.rb,GitHub Copilot,https://github.com/DaveSkender/Stock.Indicators/pull/1343,True,generic_perf,False,True
3116063940,docs/vendor/bundle/ruby/3.2.0/gems/activesupport-8.0.2/lib/active_support/benchmarkable.rb,GitHub Copilot,https://github.com/DaveSkender/Stock.Indicators/pull/1343,True,generic_perf,False,True
3116063940,docs/vendor/bundle/ruby/3.2.0/gems/activesupport-8.0.2/lib/active_support/concurrency/load_interlock_aware_monitor.rb,GitHub Copilot,https://github.com/DaveSkender/Stock.Indicators/pull/1343,True,generic_perf,False,True
3116063940,docs/vendor/bundle/ruby/3.2.0/gems/activesupport-8.0.2/lib/active_support/core_ext/benchmark.rb,GitHub Copilot,https://github.com/DaveSkender/Stock.Indicators/pull/1343,True,generic_perf,False,True
3116063940,docs/vendor/bundle/ruby/3.2.0/gems/activesupport-8.0.2/lib/active_support/core_ext/load_error.rb,GitHub Copilot,https://github.com/DaveSkender/Stock.Indicators/pull/1343,True,generic_perf,False,True
3116063940,docs/vendor/bundle/ruby/3.2.0/cache/benchmark-0.4.0.gem,GitHub Copilot,https://github.com/DaveSkender/Stock.Indicators/pull/1343,True,generic_perf,False,True
3116063940,docs/vendor/bundle/ruby/3.2.0/gems/activesupport-8.0.2/lib/active_support/benchmark.rb,GitHub Copilot,https://github.com/DaveSkender/Stock.Indicators/pull/1343,True,generic_perf,False,True
3116063940,docs/vendor/bundle/ruby/3.2.0/gems/activesupport-8.0.2/lib/active_support/benchmarkable.rb,GitHub Copilot,https://github.com/DaveSkender/Stock.Indicators/pull/1343,True,generic_perf,False,True
3116063940,docs/vendor/bundle/ruby/3.2.0/gems/activesupport-8.0.2/lib/active_support/concurrency/load_interlock_aware_monitor.rb,GitHub Copilot,https://github.com/DaveSkender/Stock.Indicators/pull/1343,True,generic_perf,False,True
3116063940,docs/vendor/bundle/ruby/3.2.0/gems/activesupport-8.0.2/lib/active_support/core_ext/benchmark.rb,GitHub Copilot,https://github.com/DaveSkender/Stock.Indicators/pull/1343,True,generic_perf,False,True
3116063940,docs/vendor/bundle/ruby/3.2.0/gems/activesupport-8.0.2/lib/active_support/core_ext/load_error.rb,GitHub Copilot,https://github.com/DaveSkender/Stock.Indicators/pull/1343,True,generic_perf,False,True
3122971535,vendor/bundle/ruby/3.2.0/gems/activesupport-7.2.2.1/lib/active_support/benchmarkable.rb,GitHub Copilot,https://github.com/github/rubocop-github/pull/312,True,generic_perf,False,True
3122971535,vendor/bundle/ruby/3.2.0/gems/activesupport-7.2.2.1/lib/active_support/concurrency/load_interlock_aware_monitor.rb,GitHub Copilot,https://github.com/github/rubocop-github/pull/312,True,generic_perf,False,True
3122971535,vendor/bundle/ruby/3.2.0/gems/activesupport-7.2.2.1/lib/active_support/core_ext/benchmark.rb,GitHub Copilot,https://github.com/github/rubocop-github/pull/312,True,generic_perf,False,True
3122971535,vendor/bundle/ruby/3.2.0/gems/activesupport-7.2.2.1/lib/active_support/core_ext/load_error.rb,GitHub Copilot,https://github.com/github/rubocop-github/pull/312,True,generic_perf,False,True
3122971535,vendor/bundle/ruby/3.2.0/gems/activesupport-7.2.2.1/lib/active_support/benchmarkable.rb,GitHub Copilot,https://github.com/github/rubocop-github/pull/312,True,generic_perf,False,True
3122971535,vendor/bundle/ruby/3.2.0/gems/activesupport-7.2.2.1/lib/active_support/concurrency/load_interlock_aware_monitor.rb,GitHub Copilot,https://github.com/github/rubocop-github/pull/312,True,generic_perf,False,True
3122971535,vendor/bundle/ruby/3.2.0/gems/activesupport-7.2.2.1/lib/active_support/core_ext/benchmark.rb,GitHub Copilot,https://github.com/github/rubocop-github/pull/312,True,generic_perf,False,True
3122971535,vendor/bundle/ruby/3.2.0/gems/activesupport-7.2.2.1/lib/active_support/core_ext/load_error.rb,GitHub Copilot,https://github.com/github/rubocop-github/pull/312,True,generic_perf,False,True
3140234037,packages/typespec-test/test/loadtesting_modular/generated/typespec-ts/package.json,GitHub Copilot,https://github.com/Azure/autorest.typescript/pull/3275,True,generic_perf,False,True
3140234037,packages/typespec-test/test/loadtesting_modular/generated/typespec-ts/review/load-testing.api.md,GitHub Copilot,https://github.com/Azure/autorest.typescript/pull/3275,True,generic_perf,False,True
3140234037,packages/typespec-test/test/loadtesting_modular/generated/typespec-ts/src/package.json,GitHub Copilot,https://github.com/Azure/autorest.typescript/pull/3275,True,generic_perf,False,True
3140234037,packages/typespec-test/test/loadtesting_modular/generated/typespec-ts/package.json,GitHub Copilot,https://github.com/Azure/autorest.typescript/pull/3275,True,generic_perf,False,True
3140234037,packages/typespec-test/test/loadtesting_modular/generated/typespec-ts/src/package.json,GitHub Copilot,https://github.com/Azure/autorest.typescript/pull/3275,True,generic_perf,False,True
3183108512,devops/scripts/load_and_validate_env.sh,GitHub Copilot,https://github.com/microsoft/AzureTRE/pull/4612,True,generic_perf,False,True
3183108512,devops/scripts/load_env.sh,GitHub Copilot,https://github.com/microsoft/AzureTRE/pull/4612,True,generic_perf,False,True
3161638137,playground/Stress/Stress.AppHost/Program.cs,GitHub Copilot,https://github.com/dotnet/aspire/pull/9965,True,generic_perf,False,True
3161638137,playground/Stress/Stress.TelemetryService/TelemetryStresser.cs,GitHub Copilot,https://github.com/dotnet/aspire/pull/9965,True,generic_perf,False,True
3161638137,playground/Stress/Stress.AppHost/InteractionCommands.cs,GitHub Copilot,https://github.com/dotnet/aspire/pull/9965,True,generic_perf,False,True
3161638137,playground/Stress/Stress.AppHost/Program.cs,GitHub Copilot,https://github.com/dotnet/aspire/pull/9965,True,generic_perf,False,True
3152602811,src/Platform/Microsoft.Testing.Extensions.HotReload/HotReloadTestHostTestFrameworkInvoker.cs,GitHub Copilot,https://github.com/microsoft/testfx/pull/5797,True,generic_perf,False,True
3183341186,core/src/test/kotlin/integration_tests/LoadTestsFromExternalisedFiles.kt,GitHub Copilot,https://github.com/specmatic/specmatic/pull/1930,True,generic_perf,False,True
3252602399,vendor/bundle/ruby/3.2.0/gems/activesupport-8.0.2/lib/active_support/benchmark.rb,GitHub Copilot,https://github.com/middleman/middleman-blog/pull/393,True,generic_perf,False,True
3252602399,vendor/bundle/ruby/3.2.0/gems/activesupport-8.0.2/lib/active_support/benchmarkable.rb,GitHub Copilot,https://github.com/middleman/middleman-blog/pull/393,True,generic_perf,False,True
3252602399,vendor/bundle/ruby/3.2.0/gems/activesupport-8.0.2/lib/active_support/concurrency/load_interlock_aware_monitor.rb,GitHub Copilot,https://github.com/middleman/middleman-blog/pull/393,True,generic_perf,False,True
3252602399,vendor/bundle/ruby/3.2.0/gems/activesupport-8.0.2/lib/active_support/core_ext/benchmark.rb,GitHub Copilot,https://github.com/middleman/middleman-blog/pull/393,True,generic_perf,False,True
3252602399,vendor/bundle/ruby/3.2.0/gems/activesupport-8.0.2/lib/active_support/core_ext/load_error.rb,GitHub Copilot,https://github.com/middleman/middleman-blog/pull/393,True,generic_perf,False,True
3252602399,vendor/bundle/ruby/3.2.0/gems/activesupport-8.0.2/lib/active_support/lazy_load_hooks.rb,GitHub Copilot,https://github.com/middleman/middleman-blog/pull/393,True,generic_perf,False,True
3252602399,vendor/bundle/ruby/3.2.0/gems/activesupport-8.0.2/lib/active_support/benchmark.rb,GitHub Copilot,https://github.com/middleman/middleman-blog/pull/393,True,generic_perf,False,True
3252602399,vendor/bundle/ruby/3.2.0/gems/activesupport-8.0.2/lib/active_support/benchmarkable.rb,GitHub Copilot,https://github.com/middleman/middleman-blog/pull/393,True,generic_perf,False,True
3252602399,vendor/bundle/ruby/3.2.0/gems/activesupport-8.0.2/lib/active_support/concurrency/load_interlock_aware_monitor.rb,GitHub Copilot,https://github.com/middleman/middleman-blog/pull/393,True,generic_perf,False,True
3252602399,vendor/bundle/ruby/3.2.0/gems/activesupport-8.0.2/lib/active_support/core_ext/benchmark.rb,GitHub Copilot,https://github.com/middleman/middleman-blog/pull/393,True,generic_perf,False,True
3252602399,vendor/bundle/ruby/3.2.0/gems/activesupport-8.0.2/lib/active_support/core_ext/load_error.rb,GitHub Copilot,https://github.com/middleman/middleman-blog/pull/393,True,generic_perf,False,True
3252602399,vendor/bundle/ruby/3.2.0/gems/activesupport-8.0.2/lib/active_support/lazy_load_hooks.rb,GitHub Copilot,https://github.com/middleman/middleman-blog/pull/393,True,generic_perf,False,True
3137058094,performance/benchmark/BenchmarkDotNet.Artifacts/results/performance.Descriptions-report-github.md,GitHub Copilot,https://github.com/microsoft/OpenAPI.NET/pull/2388,True,generic_perf,False,True
3137058094,performance/benchmark/BenchmarkDotNet.Artifacts/results/performance.Descriptions-report.csv,GitHub Copilot,https://github.com/microsoft/OpenAPI.NET/pull/2388,True,generic_perf,False,True
3137058094,performance/benchmark/BenchmarkDotNet.Artifacts/results/performance.Descriptions-report.html,GitHub Copilot,https://github.com/microsoft/OpenAPI.NET/pull/2388,True,generic_perf,False,True
3137058094,performance/benchmark/BenchmarkDotNet.Artifacts/results/performance.Descriptions-report.json,GitHub Copilot,https://github.com/microsoft/OpenAPI.NET/pull/2388,True,generic_perf,False,True
3082070083,component/xload/xload_test.go,GitHub Copilot,https://github.com/Azure/azure-storage-fuse/pull/1780,True,generic_perf,False,True
3113268020,test/e2e/runner/benchmark.go,GitHub Copilot,https://github.com/celestiaorg/celestia-core/pull/1907,True,generic_perf,False,True
3239748118,benchmarks/csharp/csharp_benchmark.csproj,GitHub Copilot,https://github.com/valkey-io/valkey-glide/pull/4407,True,generic_perf,False,True
3239748118,java/benchmarks/build.gradle,GitHub Copilot,https://github.com/valkey-io/valkey-glide/pull/4407,True,generic_perf,False,True
3076670977,devops/scripts/load_and_validate_env.sh,GitHub Copilot,https://github.com/microsoft/AzureTRE/pull/4551,True,generic_perf,False,True
3125695545,test/e2e/runner/benchmark.go,GitHub Copilot,https://github.com/celestiaorg/celestia-core/pull/1932,True,generic_perf,False,True
3074990791,test/e2e/retina_perf_test.go,GitHub Copilot,https://github.com/microsoft/retina/pull/1617,True,generic_perf,False,True
3074990791,test/e2e/scenarios/perf/publish-perf-results.go,GitHub Copilot,https://github.com/microsoft/retina/pull/1617,True,generic_perf,False,True
3078366765,AISKU/Tests/Perf/src/AISKUPerf.ts,GitHub Copilot,https://github.com/microsoft/ApplicationInsights-JS/pull/2539,True,generic_perf,False,True
3194236413,.github/workflows/micrometer-stress-test.yml,GitHub Copilot,https://github.com/microsoft/ApplicationInsights-Java/pull/4255,True,generic_perf,False,True
3194236413,.github/workflows/micrometer-stress-test.yml,GitHub Copilot,https://github.com/microsoft/ApplicationInsights-Java/pull/4255,True,generic_perf,False,True
3194236413,.github/workflows/micrometer-stress-test.yml,GitHub Copilot,https://github.com/microsoft/ApplicationInsights-Java/pull/4255,True,generic_perf,False,True
3231935037,benchmarks/csharp/csharp_benchmark.csproj,GitHub Copilot,https://github.com/valkey-io/valkey-glide/pull/4380,True,generic_perf,False,True
3231935037,java/benchmarks/build.gradle,GitHub Copilot,https://github.com/valkey-io/valkey-glide/pull/4380,True,generic_perf,False,True
3141802223,eng/ci/templates/official/jobs/setup-benchmark-agents.yml,GitHub Copilot,https://github.com/Azure/azure-functions-host/pull/11115,True,generic_perf,False,True
3141802223,perf/WebJobs.Script.Benchmarks/AuthUtilityBenchmarks.cs,GitHub Copilot,https://github.com/Azure/azure-functions-host/pull/11115,True,generic_perf,False,True
3141802223,perf/WebJobs.Script.Benchmarks/CSharpCompilationBenchmarks.cs,GitHub Copilot,https://github.com/Azure/azure-functions-host/pull/11115,True,generic_perf,False,True
3141802223,perf/WebJobs.Script.Benchmarks/GrpcMessageConversionBenchmarks.cs,GitHub Copilot,https://github.com/Azure/azure-functions-host/pull/11115,True,generic_perf,False,True
3141802223,perf/WebJobs.Script.Benchmarks/Microsoft.Azure.WebJobs.Script.Benchmarks.csproj,GitHub Copilot,https://github.com/Azure/azure-functions-host/pull/11115,True,generic_perf,False,True
3141802223,perf/WebJobs.Script.Benchmarks/Program.cs,GitHub Copilot,https://github.com/Azure/azure-functions-host/pull/11115,True,generic_perf,False,True
3141802223,perf/WebJobs.Script.Benchmarks/README.md,GitHub Copilot,https://github.com/Azure/azure-functions-host/pull/11115,True,generic_perf,False,True
3141802223,perf/WebJobs.Script.Benchmarks/RecommendedConfig.cs,GitHub Copilot,https://github.com/Azure/azure-functions-host/pull/11115,True,generic_perf,False,True
3141802223,perf/WebJobs.Script.Benchmarks/SanitizerBenchmarks.cs,GitHub Copilot,https://github.com/Azure/azure-functions-host/pull/11115,True,generic_perf,False,True
3141802223,perf/WebJobs.Script.Benchmarks/ScriptLoggingBuilderExtensionsBenchmarks.cs,GitHub Copilot,https://github.com/Azure/azure-functions-host/pull/11115,True,generic_perf,False,True
3136929075,packages/typespec-test/test/loadTest/generated/typespec-ts/LICENSE,GitHub Copilot,https://github.com/Azure/autorest.typescript/pull/3259,True,generic_perf,False,True
3136929075,packages/typespec-test/test/loadTest/generated/typespec-ts/README.md,GitHub Copilot,https://github.com/Azure/autorest.typescript/pull/3259,True,generic_perf,False,True
3136929075,packages/typespec-test/test/loadTest/generated/typespec-ts/api-extractor.json,GitHub Copilot,https://github.com/Azure/autorest.typescript/pull/3259,True,generic_perf,False,True
3136929075,packages/typespec-test/test/loadTest/generated/typespec-ts/eslint.config.mjs,GitHub Copilot,https://github.com/Azure/autorest.typescript/pull/3259,True,generic_perf,False,True
3136929075,packages/typespec-test/test/loadTest/generated/typespec-ts/package.json,GitHub Copilot,https://github.com/Azure/autorest.typescript/pull/3259,True,generic_perf,False,True
3136929075,packages/typespec-test/test/loadTest/generated/typespec-ts/review/load-testing.api.md,GitHub Copilot,https://github.com/Azure/autorest.typescript/pull/3259,True,generic_perf,False,True
3136929075,packages/typespec-test/test/loadTest/generated/typespec-ts/rollup.config.js,GitHub Copilot,https://github.com/Azure/autorest.typescript/pull/3259,True,generic_perf,False,True
3136929075,packages/typespec-test/test/loadTest/generated/typespec-ts/samples-dev/loadTestAdministrationCreateOrUpdateAppComponentsSample.ts,GitHub Copilot,https://github.com/Azure/autorest.typescript/pull/3259,True,generic_perf,False,True
3136929075,packages/typespec-test/test/loadTest/generated/typespec-ts/samples-dev/loadTestAdministrationCreateOrUpdateServerMetricsConfigSample.ts,GitHub Copilot,https://github.com/Azure/autorest.typescript/pull/3259,True,generic_perf,False,True
3136929075,packages/typespec-test/test/loadTest/generated/typespec-ts/samples-dev/loadTestAdministrationCreateOrUpdateTestSample.ts,GitHub Copilot,https://github.com/Azure/autorest.typescript/pull/3259,True,generic_perf,False,True
3136929075,packages/typespec-test/test/loadTest/generated/typespec-ts/samples-dev/loadTestAdministrationDeleteTestFileSample.ts,GitHub Copilot,https://github.com/Azure/autorest.typescript/pull/3259,True,generic_perf,False,True
3136929075,packages/typespec-test/test/loadTest/generated/typespec-ts/samples-dev/loadTestAdministrationDeleteTestSample.ts,GitHub Copilot,https://github.com/Azure/autorest.typescript/pull/3259,True,generic_perf,False,True
3136929075,packages/typespec-test/test/loadTest/generated/typespec-ts/samples-dev/loadTestAdministrationGetAppComponentsSample.ts,GitHub Copilot,https://github.com/Azure/autorest.typescript/pull/3259,True,generic_perf,False,True
3136929075,packages/typespec-test/test/loadTest/generated/typespec-ts/samples-dev/loadTestAdministrationGetServerMetricsConfigSample.ts,GitHub Copilot,https://github.com/Azure/autorest.typescript/pull/3259,True,generic_perf,False,True
3136929075,packages/typespec-test/test/loadTest/generated/typespec-ts/samples-dev/loadTestAdministrationGetTestFileSample.ts,GitHub Copilot,https://github.com/Azure/autorest.typescript/pull/3259,True,generic_perf,False,True
3136929075,packages/typespec-test/test/loadTest/generated/typespec-ts/samples-dev/loadTestAdministrationGetTestSample.ts,GitHub Copilot,https://github.com/Azure/autorest.typescript/pull/3259,True,generic_perf,False,True
3136929075,packages/typespec-test/test/loadTest/generated/typespec-ts/samples-dev/loadTestAdministrationListTestFilesSample.ts,GitHub Copilot,https://github.com/Azure/autorest.typescript/pull/3259,True,generic_perf,False,True
3136929075,packages/typespec-test/test/loadTest/generated/typespec-ts/samples-dev/loadTestAdministrationListTestsSample.ts,GitHub Copilot,https://github.com/Azure/autorest.typescript/pull/3259,True,generic_perf,False,True
3136929075,packages/typespec-test/test/loadTest/generated/typespec-ts/samples-dev/loadTestAdministrationUploadTestFileSample.ts,GitHub Copilot,https://github.com/Azure/autorest.typescript/pull/3259,True,generic_perf,False,True
3136929075,packages/typespec-test/test/loadTest/generated/typespec-ts/samples-dev/loadTestRunCreateOrUpdateAppComponentsSample.ts,GitHub Copilot,https://github.com/Azure/autorest.typescript/pull/3259,True,generic_perf,False,True
3136929075,packages/typespec-test/test/loadTest/generated/typespec-ts/samples-dev/loadTestRunCreateOrUpdateServerMetricsConfigSample.ts,GitHub Copilot,https://github.com/Azure/autorest.typescript/pull/3259,True,generic_perf,False,True
3136929075,packages/typespec-test/test/loadTest/generated/typespec-ts/samples-dev/loadTestRunCreateOrUpdateTestRunSample.ts,GitHub Copilot,https://github.com/Azure/autorest.typescript/pull/3259,True,generic_perf,False,True
3136929075,packages/typespec-test/test/loadTest/generated/typespec-ts/samples-dev/loadTestRunDeleteTestRunSample.ts,GitHub Copilot,https://github.com/Azure/autorest.typescript/pull/3259,True,generic_perf,False,True
3136929075,packages/typespec-test/test/loadTest/generated/typespec-ts/samples-dev/loadTestRunGetAppComponentsSample.ts,GitHub Copilot,https://github.com/Azure/autorest.typescript/pull/3259,True,generic_perf,False,True
3136929075,packages/typespec-test/test/loadTest/generated/typespec-ts/samples-dev/loadTestRunGetTestRunFileSample.ts,GitHub Copilot,https://github.com/Azure/autorest.typescript/pull/3259,True,generic_perf,False,True
3136929075,packages/typespec-test/test/loadTest/generated/typespec-ts/samples-dev/loadTestRunGetTestRunSample.ts,GitHub Copilot,https://github.com/Azure/autorest.typescript/pull/3259,True,generic_perf,False,True
3136929075,packages/typespec-test/test/loadTest/generated/typespec-ts/samples-dev/loadTestRunListMetricDefinitionsSample.ts,GitHub Copilot,https://github.com/Azure/autorest.typescript/pull/3259,True,generic_perf,False,True
3136929075,packages/typespec-test/test/loadTest/generated/typespec-ts/samples-dev/loadTestRunListMetricDimensionValuesSample.ts,GitHub Copilot,https://github.com/Azure/autorest.typescript/pull/3259,True,generic_perf,False,True
3136929075,packages/typespec-test/test/loadTest/generated/typespec-ts/samples-dev/loadTestRunListMetricNamespacesSample.ts,GitHub Copilot,https://github.com/Azure/autorest.typescript/pull/3259,True,generic_perf,False,True
3136929075,packages/typespec-test/test/loadTest/generated/typespec-ts/samples-dev/loadTestRunListMetricsSample.ts,GitHub Copilot,https://github.com/Azure/autorest.typescript/pull/3259,True,generic_perf,False,True
3136929075,packages/typespec-test/test/loadTest/generated/typespec-ts/samples-dev/loadTestRunListTestRunsSample.ts,GitHub Copilot,https://github.com/Azure/autorest.typescript/pull/3259,True,generic_perf,False,True
3136929075,packages/typespec-test/test/loadTest/generated/typespec-ts/samples-dev/loadTestRunStopTestRunSample.ts,GitHub Copilot,https://github.com/Azure/autorest.typescript/pull/3259,True,generic_perf,False,True
3136929075,packages/typespec-test/test/loadTest/generated/typespec-ts/samples-dev/loadTestRunTestRunListServerMetricsConfigSample.ts,GitHub Copilot,https://github.com/Azure/autorest.typescript/pull/3259,True,generic_perf,False,True
3136929075,packages/typespec-test/test/loadTest/generated/typespec-ts/src/azureLoadTesting.ts,GitHub Copilot,https://github.com/Azure/autorest.typescript/pull/3259,True,generic_perf,False,True
3136929075,packages/typespec-test/test/loadTest/generated/typespec-ts/src/clientDefinitions.ts,GitHub Copilot,https://github.com/Azure/autorest.typescript/pull/3259,True,generic_perf,False,True
3136929075,packages/typespec-test/test/loadTest/generated/typespec-ts/src/index.ts,GitHub Copilot,https://github.com/Azure/autorest.typescript/pull/3259,True,generic_perf,False,True
3136929075,packages/typespec-test/test/loadTest/generated/typespec-ts/src/isUnexpected.ts,GitHub Copilot,https://github.com/Azure/autorest.typescript/pull/3259,True,generic_perf,False,True
3136929075,packages/typespec-test/test/loadTest/generated/typespec-ts/src/models.ts,GitHub Copilot,https://github.com/Azure/autorest.typescript/pull/3259,True,generic_perf,False,True
3136929075,packages/typespec-test/test/loadTest/generated/typespec-ts/src/outputModels.ts,GitHub Copilot,https://github.com/Azure/autorest.typescript/pull/3259,True,generic_perf,False,True
3136929075,packages/typespec-test/test/loadTest/generated/typespec-ts/src/paginateHelper.ts,GitHub Copilot,https://github.com/Azure/autorest.typescript/pull/3259,True,generic_perf,False,True
3136929075,packages/typespec-test/test/loadTest/generated/typespec-ts/src/parameters.ts,GitHub Copilot,https://github.com/Azure/autorest.typescript/pull/3259,True,generic_perf,False,True
3136929075,packages/typespec-test/test/loadTest/generated/typespec-ts/src/pollingHelper.ts,GitHub Copilot,https://github.com/Azure/autorest.typescript/pull/3259,True,generic_perf,False,True
3136929075,packages/typespec-test/test/loadTest/generated/typespec-ts/src/responses.ts,GitHub Copilot,https://github.com/Azure/autorest.typescript/pull/3259,True,generic_perf,False,True
3136929075,packages/typespec-test/test/loadTest/generated/typespec-ts/tsconfig.json,GitHub Copilot,https://github.com/Azure/autorest.typescript/pull/3259,True,generic_perf,False,True
3136929075,packages/typespec-test/test/loadtesting_modular/generated/typespec-ts/LICENSE,GitHub Copilot,https://github.com/Azure/autorest.typescript/pull/3259,True,generic_perf,False,True
3136929075,packages/typespec-test/test/loadtesting_modular/generated/typespec-ts/eslint.config.mjs,GitHub Copilot,https://github.com/Azure/autorest.typescript/pull/3259,True,generic_perf,False,True
3136929075,packages/typespec-test/test/loadtesting_modular/generated/typespec-ts/package.json,GitHub Copilot,https://github.com/Azure/autorest.typescript/pull/3259,True,generic_perf,False,True
3136929075,packages/typespec-test/test/loadtesting_modular/generated/typespec-ts/review/load-testing.api.md,GitHub Copilot,https://github.com/Azure/autorest.typescript/pull/3259,True,generic_perf,False,True
3136929075,packages/typespec-test/test/loadtesting_modular/generated/typespec-ts/rollup.config.js,GitHub Copilot,https://github.com/Azure/autorest.typescript/pull/3259,True,generic_perf,False,True
3136929075,packages/typespec-test/test/loadtesting_modular/generated/typespec-ts/src/index.ts,GitHub Copilot,https://github.com/Azure/autorest.typescript/pull/3259,True,generic_perf,False,True
3136929075,packages/typespec-test/test/loadtesting_modular/generated/typespec-ts/src/loadTestAdministration/api/index.ts,GitHub Copilot,https://github.com/Azure/autorest.typescript/pull/3259,True,generic_perf,False,True
3136929075,packages/typespec-test/test/loadtesting_modular/generated/typespec-ts/src/loadTestAdministration/api/loadTestAdministrationContext.ts,GitHub Copilot,https://github.com/Azure/autorest.typescript/pull/3259,True,generic_perf,False,True
3136929075,packages/typespec-test/test/loadtesting_modular/generated/typespec-ts/src/loadTestAdministration/api/operations.ts,GitHub Copilot,https://github.com/Azure/autorest.typescript/pull/3259,True,generic_perf,False,True
3136929075,packages/typespec-test/test/loadtesting_modular/generated/typespec-ts/src/loadTestAdministration/api/options.ts,GitHub Copilot,https://github.com/Azure/autorest.typescript/pull/3259,True,generic_perf,False,True
3136929075,packages/typespec-test/test/loadtesting_modular/generated/typespec-ts/src/loadTestAdministration/index.ts,GitHub Copilot,https://github.com/Azure/autorest.typescript/pull/3259,True,generic_perf,False,True
3136929075,packages/typespec-test/test/loadtesting_modular/generated/typespec-ts/src/loadTestAdministration/loadTestAdministrationClient.ts,GitHub Copilot,https://github.com/Azure/autorest.typescript/pull/3259,True,generic_perf,False,True
3136929075,packages/typespec-test/test/loadtesting_modular/generated/typespec-ts/src/loadTestRun/api/index.ts,GitHub Copilot,https://github.com/Azure/autorest.typescript/pull/3259,True,generic_perf,False,True
3136929075,packages/typespec-test/test/loadtesting_modular/generated/typespec-ts/src/loadTestRun/api/loadTestRunContext.ts,GitHub Copilot,https://github.com/Azure/autorest.typescript/pull/3259,True,generic_perf,False,True
3136929075,packages/typespec-test/test/loadtesting_modular/generated/typespec-ts/src/loadTestRun/api/operations.ts,GitHub Copilot,https://github.com/Azure/autorest.typescript/pull/3259,True,generic_perf,False,True
3136929075,packages/typespec-test/test/loadtesting_modular/generated/typespec-ts/src/loadTestRun/api/options.ts,GitHub Copilot,https://github.com/Azure/autorest.typescript/pull/3259,True,generic_perf,False,True
3136929075,packages/typespec-test/test/loadtesting_modular/generated/typespec-ts/src/loadTestRun/index.ts,GitHub Copilot,https://github.com/Azure/autorest.typescript/pull/3259,True,generic_perf,False,True
3136929075,packages/typespec-test/test/loadtesting_modular/generated/typespec-ts/src/loadTestRun/loadTestRunClient.ts,GitHub Copilot,https://github.com/Azure/autorest.typescript/pull/3259,True,generic_perf,False,True
3136929075,packages/typespec-test/test/loadtesting_modular/generated/typespec-ts/src/logger.ts,GitHub Copilot,https://github.com/Azure/autorest.typescript/pull/3259,True,generic_perf,False,True
3136929075,packages/typespec-test/test/loadtesting_modular/generated/typespec-ts/src/models/index.ts,GitHub Copilot,https://github.com/Azure/autorest.typescript/pull/3259,True,generic_perf,False,True
3136929075,packages/typespec-test/test/loadtesting_modular/generated/typespec-ts/src/models/models.ts,GitHub Copilot,https://github.com/Azure/autorest.typescript/pull/3259,True,generic_perf,False,True
3136929075,packages/typespec-test/test/loadtesting_modular/generated/typespec-ts/src/testProfileAdministration/api/index.ts,GitHub Copilot,https://github.com/Azure/autorest.typescript/pull/3259,True,generic_perf,False,True
3136929075,packages/typespec-test/test/loadtesting_modular/generated/typespec-ts/src/testProfileAdministration/api/operations.ts,GitHub Copilot,https://github.com/Azure/autorest.typescript/pull/3259,True,generic_perf,False,True
3136929075,packages/typespec-test/test/loadtesting_modular/generated/typespec-ts/src/testProfileAdministration/api/options.ts,GitHub Copilot,https://github.com/Azure/autorest.typescript/pull/3259,True,generic_perf,False,True
3136929075,packages/typespec-test/test/loadtesting_modular/generated/typespec-ts/src/testProfileAdministration/api/testProfileAdministrationContext.ts,GitHub Copilot,https://github.com/Azure/autorest.typescript/pull/3259,True,generic_perf,False,True
3136929075,packages/typespec-test/test/loadtesting_modular/generated/typespec-ts/src/testProfileAdministration/index.ts,GitHub Copilot,https://github.com/Azure/autorest.typescript/pull/3259,True,generic_perf,False,True
3136929075,packages/typespec-test/test/loadtesting_modular/generated/typespec-ts/src/testProfileAdministration/testProfileAdministrationClient.ts,GitHub Copilot,https://github.com/Azure/autorest.typescript/pull/3259,True,generic_perf,False,True
3136929075,packages/typespec-test/test/loadtesting_modular/generated/typespec-ts/src/testProfileRun/api/index.ts,GitHub Copilot,https://github.com/Azure/autorest.typescript/pull/3259,True,generic_perf,False,True
3136929075,packages/typespec-test/test/loadtesting_modular/generated/typespec-ts/src/testProfileRun/api/operations.ts,GitHub Copilot,https://github.com/Azure/autorest.typescript/pull/3259,True,generic_perf,False,True
3136929075,packages/typespec-test/test/loadtesting_modular/generated/typespec-ts/src/testProfileRun/api/options.ts,GitHub Copilot,https://github.com/Azure/autorest.typescript/pull/3259,True,generic_perf,False,True
3136929075,packages/typespec-test/test/loadtesting_modular/generated/typespec-ts/src/testProfileRun/index.ts,GitHub Copilot,https://github.com/Azure/autorest.typescript/pull/3259,True,generic_perf,False,True
3136929075,packages/typespec-test/test/loadtesting_modular/generated/typespec-ts/src/testProfileRun/testProfileRunClient.ts,GitHub Copilot,https://github.com/Azure/autorest.typescript/pull/3259,True,generic_perf,False,True
3136929075,packages/typespec-test/test/loadtesting_modular/generated/typespec-ts/tsconfig.json,GitHub Copilot,https://github.com/Azure/autorest.typescript/pull/3259,True,generic_perf,False,True
3087535228,playground/Stress/Stress.AppHost/aspire-manifest.json,GitHub Copilot,https://github.com/dotnet/aspire/pull/9494,True,generic_perf,False,True
3168626948,.github/workflows/upload-perf-results.yml,GitHub Copilot,https://github.com/microsoft/ebpf-for-windows/pull/4472,True,generic_perf,False,True
3253517210,build/lib/graphrag/config/load_config.py,GitHub Copilot,https://github.com/microsoft/graphrag/pull/2008,True,generic_perf,False,True
3253517210,build/lib/graphrag/index/workflows/load_input_documents.py,GitHub Copilot,https://github.com/microsoft/graphrag/pull/2008,True,generic_perf,False,True
3253517210,build/lib/graphrag/index/workflows/load_update_documents.py,GitHub Copilot,https://github.com/microsoft/graphrag/pull/2008,True,generic_perf,False,True
3253517210,build/lib/graphrag/config/load_config.py,GitHub Copilot,https://github.com/microsoft/graphrag/pull/2008,True,generic_perf,False,True
3253517210,build/lib/graphrag/index/workflows/load_input_documents.py,GitHub Copilot,https://github.com/microsoft/graphrag/pull/2008,True,generic_perf,False,True
3253517210,build/lib/graphrag/index/workflows/load_update_documents.py,GitHub Copilot,https://github.com/microsoft/graphrag/pull/2008,True,generic_perf,False,True
3125708547,test/e2e/runner/benchmark.go,GitHub Copilot,https://github.com/celestiaorg/celestia-core/pull/1935,True,generic_perf,False,True
3236515423,src/Mvc/perf/benchmarkapps/BasicApi/Startup.cs,GitHub Copilot,https://github.com/dotnet/aspnetcore/pull/62755,True,generic_perf,False,True
3236515423,src/Mvc/perf/benchmarkapps/BasicViews/Startup.cs,GitHub Copilot,https://github.com/dotnet/aspnetcore/pull/62755,True,generic_perf,False,True
3236515423,src/Mvc/perf/benchmarkapps/RazorRendering/Startup.cs,GitHub Copilot,https://github.com/dotnet/aspnetcore/pull/62755,True,generic_perf,False,True
3275314197,.github/workflows/benchmark.yml,GitHub Copilot,https://github.com/shader-slang/slang/pull/7984,True,generic_perf,False,True
3275314197,.github/workflows/falcor-compiler-perf-test.yml,GitHub Copilot,https://github.com/shader-slang/slang/pull/7984,True,generic_perf,False,True
3191085425,benchmark-results.md,Cursor,https://github.com/langfuse/langfuse/pull/7585,True,generic_perf,False,True
3191085425,dev-server-benchmarks.md,Cursor,https://github.com/langfuse/langfuse/pull/7585,True,generic_perf,False,True
3194511305,invokeai/backend/model_manager/load/model_loaders/flux.py,Cursor,https://github.com/invoke-ai/InvokeAI/pull/8177,True,generic_perf,False,True
3226670834,terminator-mcp-agent/tests/execute_sequence_benchmark.rs,Cursor,https://github.com/mediar-ai/terminator/pull/202,True,generic_perf,False,True
3226670834,terminator-mcp-agent/tests/execute_sequence_benchmark.rs,Cursor,https://github.com/mediar-ai/terminator/pull/202,True,generic_perf,False,True
3137294227,pages/guides/cookbook/langfuse_sdk_performance_test.md,Cursor,https://github.com/langfuse/langfuse-docs/pull/1634,True,generic_perf,False,True
3137294227,pages/guides/cookbook/langfuse_sdk_performance_test.md,Cursor,https://github.com/langfuse/langfuse-docs/pull/1634,True,generic_perf,False,True
3166030819,docsv2/content/docs/evaluations/benchmarks.mdx,Cursor,https://github.com/WorkflowAI/WorkflowAI/pull/538,True,generic_perf,False,True
3244989711,scripts/benchmarks/hallucination_eval_benchmark.ipynb,Cursor,https://github.com/Arize-ai/phoenix/pull/8661,True,generic_perf,False,True
3210760092,.github/workflows/benchmark_and_publish.yml,Cursor,https://github.com/nnstreamer/nntrainer/pull/3298,True,generic_perf,False,True
3210760092,benchmarks/README.md,Cursor,https://github.com/nnstreamer/nntrainer/pull/3298,True,generic_perf,False,True
3210760092,benchmarks/generate_html.py,Cursor,https://github.com/nnstreamer/nntrainer/pull/3298,True,generic_perf,False,True
3210760092,benchmarks/parse_results.py,Cursor,https://github.com/nnstreamer/nntrainer/pull/3298,True,generic_perf,False,True
3210760092,benchmarks/run.sh,Cursor,https://github.com/nnstreamer/nntrainer/pull/3298,True,generic_perf,False,True
3210760092,benchmarks/test_system.sh,Cursor,https://github.com/nnstreamer/nntrainer/pull/3298,True,generic_perf,False,True
3167273719,docs/project/benchmarking.md,Cursor,https://github.com/oven-sh/bun/pull/20586,True,generic_perf,False,True
3167395087,docsv2/content/docs/evaluations/benchmarks.mdx,Cursor,https://github.com/WorkflowAI/WorkflowAI/pull/542,True,generic_perf,False,True
3167395087,docsv2/content/docs/evaluations/benchmarks.mdx,Cursor,https://github.com/WorkflowAI/WorkflowAI/pull/542,True,generic_perf,False,True
3239473570,dart/lib/src/load_dart_debug_images_integration.dart,Cursor,https://github.com/getsentry/sentry-dart/pull/3090,True,generic_perf,False,True
3239473570,dart/test/load_dart_debug_images_integration_test.dart,Cursor,https://github.com/getsentry/sentry-dart/pull/3090,True,generic_perf,False,True
3239473570,flutter/lib/src/integrations/load_contexts_integration.dart,Cursor,https://github.com/getsentry/sentry-dart/pull/3090,True,generic_perf,False,True
3239473570,flutter/lib/src/integrations/native_load_debug_images_integration.dart,Cursor,https://github.com/getsentry/sentry-dart/pull/3090,True,generic_perf,False,True
3239473570,flutter/test/integrations/load_native_debug_images_integration_test.dart,Cursor,https://github.com/getsentry/sentry-dart/pull/3090,True,generic_perf,False,True
3209950297,beacon/blockchain/payload_test.go,Cursor,https://github.com/berachain/beacon-kit/pull/2840,True,generic_perf,False,True
3209950297,payload/builder/payload_test.go,Cursor,https://github.com/berachain/beacon-kit/pull/2840,True,generic_perf,False,True
3203515928,tasks/super-benchmark-upet/docker-compose.yaml,Cursor,https://github.com/laude-institute/terminal-bench/pull/433,True,generic_perf,False,True
3271610326,src/painttyDesktop/brush-benchmark.cpp,Cursor,https://github.com/liuyanghejerry/painttyWidget/pull/91,True,generic_perf,False,True
3126127102,tests/unit/test_pkgx_load_urls.py,Cursor,https://github.com/teaxyz/chai/pull/112,True,generic_perf,False,True
3126127102,tests/package_managers/pkgx/test_pkgx_load_urls.py,Cursor,https://github.com/teaxyz/chai/pull/112,True,generic_perf,False,True
3126127102,tests/package_managers/pkgx/test_pkgx_load_urls.py,Cursor,https://github.com/teaxyz/chai/pull/112,True,generic_perf,False,True
3126127102,tests/package_managers/pkgx/test_pkgx_load_urls.py,Cursor,https://github.com/teaxyz/chai/pull/112,True,generic_perf,False,True
3126127102,tests/package_managers/pkgx/test_pkgx_load_urls.py,Cursor,https://github.com/teaxyz/chai/pull/112,True,generic_perf,False,True
3144417356,config/tsconfig.benchmark.json,Cursor,https://github.com/getsentry/sentry/pull/93538,True,generic_perf,False,True
3144417356,static/app/utils/profiling/profile/profile.benchmark.ts,Cursor,https://github.com/getsentry/sentry/pull/93538,True,generic_perf,False,True
3144417356,static/app/utils/profiling/renderers/flamegraphTextRenderer.benchmark.ts,Cursor,https://github.com/getsentry/sentry/pull/93538,True,generic_perf,False,True
3150662401,docsv2/content/docs/evaluations/benchmarks.mdx,Cursor,https://github.com/WorkflowAI/WorkflowAI/pull/465,True,generic_perf,False,True
3213779460,.github/workflows/benchmarks.yml,Cursor,https://github.com/iterative/datachain/pull/1215,True,generic_perf,False,True
3200632117,apps/website-new/docs/en/blog/error-load-remote.mdx,Cursor,https://github.com/module-federation/core/pull/3883,True,generic_perf,False,True
3200632117,apps/website-new/docs/zh/blog/error-load-remote.mdx,Cursor,https://github.com/module-federation/core/pull/3883,True,generic_perf,False,True
3258822575,nntrainer/.github/workflows/ubuntu_benchmarks.yml,Cursor,https://github.com/nnstreamer/nntrainer/pull/3356,True,generic_perf,False,True
3229753726,cookbook/langfuse_sdk_performance_test.ipynb,Cursor,https://github.com/langfuse/langfuse-docs/pull/1791,True,generic_perf,False,True
3229753726,pages/guides/cookbook/langfuse_sdk_performance_test.md,Cursor,https://github.com/langfuse/langfuse-docs/pull/1791,True,generic_perf,False,True
3173015027,BENCHMARK.md,OpenAI Codex,https://github.com/mochilang/mochi/pull/2985,True,generic_perf,False,True
3236468497,tests/machine/x/java/load_yaml.error,OpenAI Codex,https://github.com/mochilang/mochi/pull/8957,True,generic_perf,False,True
3236468497,tests/machine/x/java/load_yaml.java,OpenAI Codex,https://github.com/mochilang/mochi/pull/8957,True,generic_perf,False,True
3250847260,tests/transpiler/x/ex/load_jsonl.exs,OpenAI Codex,https://github.com/mochilang/mochi/pull/11715,True,generic_perf,False,True
3250847260,tests/transpiler/x/ex/load_jsonl.out,OpenAI Codex,https://github.com/mochilang/mochi/pull/11715,True,generic_perf,False,True
3204821701,tests/any2mochi/go/load_jsonl_stdin.error,OpenAI Codex,https://github.com/mochilang/mochi/pull/5192,True,generic_perf,False,True
3204821701,tests/any2mochi/go/load_save_json.error,OpenAI Codex,https://github.com/mochilang/mochi/pull/5192,True,generic_perf,False,True
3227047795,.github/workflows/loadtest.yml,OpenAI Codex,https://github.com/MontrealAI/AGI-Alpha-Agent-v0/pull/3327,True,generic_perf,False,True
3181354542,tests/compiler/java/load_save_json.java.out,OpenAI Codex,https://github.com/mochilang/mochi/pull/3606,True,generic_perf,False,True
3236496628,tests/machine/x/scheme/load_yaml.scm,OpenAI Codex,https://github.com/mochilang/mochi/pull/8971,True,generic_perf,False,True
3195335203,BENCHMARK.md,OpenAI Codex,https://github.com/mochilang/mochi/pull/4592,True,generic_perf,False,True
3224630000,tests/machine/x/zig/load_yaml.zig,OpenAI Codex,https://github.com/mochilang/mochi/pull/7865,True,generic_perf,False,True
3240445696,tests/machine/x/lua/load_yaml.lua,OpenAI Codex,https://github.com/mochilang/mochi/pull/9404,True,generic_perf,False,True
3220041098,tests/machine/x/java/load_yaml.java,OpenAI Codex,https://github.com/mochilang/mochi/pull/7500,True,generic_perf,False,True
3072057459,jac/jaclang/compiler/passes/main/pyast_load_pass.py,OpenAI Codex,https://github.com/jaseci-labs/jaseci/pull/1886,True,generic_perf,False,True
3078500498,benchmarks/ecs-benchmark.js,OpenAI Codex,https://github.com/elixr-games/elics/pull/24,True,generic_perf,False,True
3203397153,tests/compiler/py/load_save_json.mochi.out,OpenAI Codex,https://github.com/mochilang/mochi/pull/5104,True,generic_perf,False,True
3240593081,benchmark.py,OpenAI Codex,https://github.com/Doriandarko/make-it-heavy/pull/9,True,generic_perf,False,True
3216698011,tests/machine/x/scala/load_yaml.error,OpenAI Codex,https://github.com/mochilang/mochi/pull/6925,True,generic_perf,False,True
3246450170,tests/transpiler/x/ts/load_yaml.ts,OpenAI Codex,https://github.com/mochilang/mochi/pull/10882,True,generic_perf,False,True
3227211060,tests/machine/x/go/load_yaml.go,OpenAI Codex,https://github.com/mochilang/mochi/pull/8644,True,generic_perf,False,True
3128551157,benchmarks/asciichart.d.ts,OpenAI Codex,https://github.com/phellipeandrade/rbac/pull/40,True,generic_perf,False,True
3128551157,benchmarks/perf.js,OpenAI Codex,https://github.com/phellipeandrade/rbac/pull/40,True,generic_perf,False,True
3206367790,tests/any2mochi/java/load_save_json.error,OpenAI Codex,https://github.com/mochilang/mochi/pull/5643,True,generic_perf,False,True
3205167503,tests/any2mochi/ocaml/load_save_json.mochi,OpenAI Codex,https://github.com/mochilang/mochi/pull/5264,True,generic_perf,False,True
3205167503,tests/any2mochi/ocaml/load_save_json_file.mochi,OpenAI Codex,https://github.com/mochilang/mochi/pull/5264,True,generic_perf,False,True
3209787690,tests/machine/x/racket/load_yaml.error,OpenAI Codex,https://github.com/mochilang/mochi/pull/6166,True,generic_perf,False,True
3274706264,tests/json-ast/x/lua/load_jsonl.lua.json,OpenAI Codex,https://github.com/mochilang/mochi/pull/14786,True,generic_perf,False,True
3274706264,tests/json-ast/x/lua/load_yaml.lua.json,OpenAI Codex,https://github.com/mochilang/mochi/pull/14786,True,generic_perf,False,True
3215448949,BENCHMARK.md,OpenAI Codex,https://github.com/mochilang/mochi/pull/6718,True,generic_perf,False,True
3248193307,tests/transpiler/x/zig/load_yaml.error,OpenAI Codex,https://github.com/mochilang/mochi/pull/11309,True,generic_perf,False,True
3104732630,jac/jaclang/compiler/passes/main/pyast_load_pass.py,OpenAI Codex,https://github.com/jaseci-labs/jaseci/pull/1986,True,generic_perf,False,True
3179591837,examples/save_and_load_model.py,OpenAI Codex,https://github.com/PriorLabs/TabPFN/pull/349,True,generic_perf,False,True
3179591837,tests/test_save_load_fitted_model.py,OpenAI Codex,https://github.com/PriorLabs/TabPFN/pull/349,True,generic_perf,False,True
3274681202,tests/json-ast/x/fs/load_jsonl.fs.json,OpenAI Codex,https://github.com/mochilang/mochi/pull/14779,True,generic_perf,False,True
3274681202,tests/json-ast/x/fs/load_yaml.fs.json,OpenAI Codex,https://github.com/mochilang/mochi/pull/14779,True,generic_perf,False,True
3236465592,tests/machine/x/go/load_yaml.error,OpenAI Codex,https://github.com/mochilang/mochi/pull/8956,True,generic_perf,False,True
3236465592,tests/machine/x/go/load_yaml.go,OpenAI Codex,https://github.com/mochilang/mochi/pull/8956,True,generic_perf,False,True
3250267035,tests/transpiler/x/py/load_yaml.error,OpenAI Codex,https://github.com/mochilang/mochi/pull/11596,True,generic_perf,False,True
3250267035,tests/transpiler/x/py/load_yaml.py,OpenAI Codex,https://github.com/mochilang/mochi/pull/11596,True,generic_perf,False,True
3105333378,jac/jaclang/compiler/passes/main/pyast_load_pass.py,OpenAI Codex,https://github.com/jaseci-labs/jaseci/pull/1989,True,generic_perf,False,True
3204856563,tests/any2mochi/java/load_save_json.error,OpenAI Codex,https://github.com/mochilang/mochi/pull/5200,True,generic_perf,False,True
3101787546,examples/dbrx-benchmark/promptfooconfig.yaml,OpenAI Codex,https://github.com/promptfoo/promptfoo/pull/4247,True,generic_perf,False,True
3165595596,marin/post_training/load_environments.py,OpenAI Codex,https://github.com/marin-community/marin/pull/1400,True,generic_perf,False,True
3165595596,tests/post_training/test_load_environments.py,OpenAI Codex,https://github.com/marin-community/marin/pull/1400,True,generic_perf,False,True
3206587525,tests/any2mochi/scheme/load_jsonl_stdin.scm.mochi,OpenAI Codex,https://github.com/mochilang/mochi/pull/5687,True,generic_perf,False,True
3206587525,tests/any2mochi/scheme/load_save_json.scm.mochi,OpenAI Codex,https://github.com/mochilang/mochi/pull/5687,True,generic_perf,False,True
3206323277,tests/any2mochi/erl/load_save_json.erl.error,OpenAI Codex,https://github.com/mochilang/mochi/pull/5562,True,generic_perf,False,True
3206323277,tests/any2mochi/erl/load_save_json.erl.mochi,OpenAI Codex,https://github.com/mochilang/mochi/pull/5562,True,generic_perf,False,True
3206356257,tests/any2mochi/hs/load_json_stdin.hs.error,OpenAI Codex,https://github.com/mochilang/mochi/pull/5622,True,generic_perf,False,True
3210707456,tests/machine/x/php/load_yaml.error,OpenAI Codex,https://github.com/mochilang/mochi/pull/6250,True,generic_perf,False,True
3178103239,tests/compiler/clj/load_save_json.clj.out,OpenAI Codex,https://github.com/mochilang/mochi/pull/3449,True,generic_perf,False,True
3178103239,tests/compiler/clj/load_save_json.in,OpenAI Codex,https://github.com/mochilang/mochi/pull/3449,True,generic_perf,False,True
3178103239,tests/compiler/clj/load_save_json.mochi,OpenAI Codex,https://github.com/mochilang/mochi/pull/3449,True,generic_perf,False,True
3178103239,tests/compiler/clj/load_save_json.out,OpenAI Codex,https://github.com/mochilang/mochi/pull/3449,True,generic_perf,False,True
3178249353,tests/compiler/rust/load_save_json.rs.out,OpenAI Codex,https://github.com/mochilang/mochi/pull/3475,True,generic_perf,False,True
3179977489,tests/compiler/py/load_save_json.py.out,OpenAI Codex,https://github.com/mochilang/mochi/pull/3575,True,generic_perf,False,True
3236823662,tests/machine/x/ex/load_yaml.error,OpenAI Codex,https://github.com/mochilang/mochi/pull/9038,True,generic_perf,False,True
3236823662,tests/machine/x/ex/load_yaml.exs,OpenAI Codex,https://github.com/mochilang/mochi/pull/9038,True,generic_perf,False,True
3226154901,tests/machine/x/rb/load_yaml.rb,OpenAI Codex,https://github.com/mochilang/mochi/pull/8310,True,generic_perf,False,True
3268346166,tests/a2mochi/x/ts/load_jsonl.ast,OpenAI Codex,https://github.com/mochilang/mochi/pull/14098,True,generic_perf,False,True
3268346166,tests/a2mochi/x/ts/load_jsonl.mochi,OpenAI Codex,https://github.com/mochilang/mochi/pull/14098,True,generic_perf,False,True
3268346166,tests/a2mochi/x/ts/load_yaml.ast,OpenAI Codex,https://github.com/mochilang/mochi/pull/14098,True,generic_perf,False,True
3268346166,tests/a2mochi/x/ts/load_yaml.mochi,OpenAI Codex,https://github.com/mochilang/mochi/pull/14098,True,generic_perf,False,True
3248287585,tests/transpiler/x/cs/load_yaml.error,OpenAI Codex,https://github.com/mochilang/mochi/pull/11316,True,generic_perf,False,True
3275803354,tests/json-ast/x/py/load_jsonl.py.json,OpenAI Codex,https://github.com/mochilang/mochi/pull/14821,True,generic_perf,False,True
3275803354,tests/json-ast/x/py/load_yaml.py.json,OpenAI Codex,https://github.com/mochilang/mochi/pull/14821,True,generic_perf,False,True
3210820520,tests/machine/x/cobol/load_yaml.error,OpenAI Codex,https://github.com/mochilang/mochi/pull/6271,True,generic_perf,False,True
3207987943,tests/human/x/rb/load_yaml.rb,OpenAI Codex,https://github.com/mochilang/mochi/pull/6002,True,generic_perf,False,True
3225480566,tests/machine/x/clj/load_yaml.clj,OpenAI Codex,https://github.com/mochilang/mochi/pull/8070,True,generic_perf,False,True
3133347967,packages/tools/benchmark-tests/tests/lib/config.ts,OpenAI Codex,https://github.com/public-ui/kolibri/pull/7851,True,generic_perf,False,True
3133347967,packages/tools/benchmark-tests/tests/lib/test.ts,OpenAI Codex,https://github.com/public-ui/kolibri/pull/7851,True,generic_perf,False,True
3222362622,tests/machine/x/clj/load_yaml.clj,OpenAI Codex,https://github.com/mochilang/mochi/pull/7718,True,generic_perf,False,True
3222362622,tests/machine/x/clj/load_yaml.error,OpenAI Codex,https://github.com/mochilang/mochi/pull/7718,True,generic_perf,False,True
3158646997,tests/compiler/go/load_jsonl_stdin.go.out,OpenAI Codex,https://github.com/mochilang/mochi/pull/2001,True,generic_perf,False,True
3241699647,tests/machine/x/rb/load_yaml.rb,OpenAI Codex,https://github.com/mochilang/mochi/pull/9446,True,generic_perf,False,True
3168739459,BENCHMARK.md,OpenAI Codex,https://github.com/mochilang/mochi/pull/2732,True,generic_perf,False,True
3206340834,tests/any2mochi/fs/load_save_json.fs.error,OpenAI Codex,https://github.com/mochilang/mochi/pull/5597,True,generic_perf,False,True
3172070000,tests/vm/valid/load_save_jsonl.ir.out,OpenAI Codex,https://github.com/mochilang/mochi/pull/2850,True,generic_perf,False,True
3172070000,tests/vm/valid/load_save_jsonl.mochi,OpenAI Codex,https://github.com/mochilang/mochi/pull/2850,True,generic_perf,False,True
3172070000,tests/vm/valid/load_save_jsonl.out,OpenAI Codex,https://github.com/mochilang/mochi/pull/2850,True,generic_perf,False,True
3227206571,tests/machine/x/python/load_yaml.error,OpenAI Codex,https://github.com/mochilang/mochi/pull/8641,True,generic_perf,False,True
3227206571,tests/machine/x/python/load_yaml.py,OpenAI Codex,https://github.com/mochilang/mochi/pull/8641,True,generic_perf,False,True
3081555677,examples/dbrx-benchmark/promptfooconfig.yaml,OpenAI Codex,https://github.com/promptfoo/promptfoo/pull/4119,True,generic_perf,False,True
3081555677,site/docs/guides/llama2-uncensored-benchmark-ollama.md,OpenAI Codex,https://github.com/promptfoo/promptfoo/pull/4119,True,generic_perf,False,True
3179750029,tests/compiler/go/load_jsonl_stdin.go.out,OpenAI Codex,https://github.com/mochilang/mochi/pull/3567,True,generic_perf,False,True
3179750029,tests/compiler/go/load_save_json.go.out,OpenAI Codex,https://github.com/mochilang/mochi/pull/3567,True,generic_perf,False,True
3106508685,jac/jaclang/compiler/passes/main/pyast_load_pass.py,OpenAI Codex,https://github.com/jaseci-labs/jaseci/pull/2014,True,generic_perf,False,True
3106508685,jac/jaclang/compiler/passes/main/pyast_load_pass.py,OpenAI Codex,https://github.com/jaseci-labs/jaseci/pull/2014,True,generic_perf,False,True
3106508685,jac/jaclang/compiler/passes/main/pyast_load_pass.py,OpenAI Codex,https://github.com/jaseci-labs/jaseci/pull/2014,True,generic_perf,False,True
3236438889,tests/machine/x/cobol/load_yaml.error,OpenAI Codex,https://github.com/mochilang/mochi/pull/8950,True,generic_perf,False,True
3181456536,tests/compiler/pl/load_json_to_json.pl.out,OpenAI Codex,https://github.com/mochilang/mochi/pull/3650,True,generic_perf,False,True
3274648400,tests/json-ast/x/dart/load_yaml.dart.json,OpenAI Codex,https://github.com/mochilang/mochi/pull/14771,True,generic_perf,False,True
3180968626,tests/compiler/java/load_save_json.java.out,OpenAI Codex,https://github.com/mochilang/mochi/pull/3581,True,generic_perf,False,True
3218469411,tests/machine/x/scala/load_yaml.error,OpenAI Codex,https://github.com/mochilang/mochi/pull/7264,True,generic_perf,False,True
3206749974,tests/compiler/py/load_save_json.py.out,OpenAI Codex,https://github.com/mochilang/mochi/pull/5781,True,generic_perf,False,True
3206749974,tests/vm/valid/load_yaml.py.error,OpenAI Codex,https://github.com/mochilang/mochi/pull/5781,True,generic_perf,False,True
3206749974,tests/vm/valid/load_yaml.py.out,OpenAI Codex,https://github.com/mochilang/mochi/pull/5781,True,generic_perf,False,True
3218895466,tests/machine/x/swift/load_yaml.out,OpenAI Codex,https://github.com/mochilang/mochi/pull/7339,True,generic_perf,False,True
3218895466,tests/machine/x/swift/load_yaml.swift,OpenAI Codex,https://github.com/mochilang/mochi/pull/7339,True,generic_perf,False,True
3208429085,tests/human/x/go/load_yaml.go,OpenAI Codex,https://github.com/mochilang/mochi/pull/6047,True,generic_perf,False,True
3104371153,jac/jaclang/compiler/passes/main/pyast_load_pass.py,OpenAI Codex,https://github.com/jaseci-labs/jaseci/pull/1980,True,generic_perf,False,True
3246365675,tests/transpiler/x/ts/load_yaml.ts,OpenAI Codex,https://github.com/mochilang/mochi/pull/10824,True,generic_perf,False,True
3178108061,tests/compiler/scheme/load_save_json.in,OpenAI Codex,https://github.com/mochilang/mochi/pull/3458,True,generic_perf,False,True
3178108061,tests/compiler/scheme/load_save_json.mochi,OpenAI Codex,https://github.com/mochilang/mochi/pull/3458,True,generic_perf,False,True
3178108061,tests/compiler/scheme/load_save_json.out,OpenAI Codex,https://github.com/mochilang/mochi/pull/3458,True,generic_perf,False,True
3178108061,tests/compiler/scheme/load_save_json.scm.out,OpenAI Codex,https://github.com/mochilang/mochi/pull/3458,True,generic_perf,False,True
3245861608,tests/transpiler/x/rs/load_yaml.error,OpenAI Codex,https://github.com/mochilang/mochi/pull/10449,True,generic_perf,False,True
3276270238,tests/json-ast/x/py/load_jsonl.py.json,OpenAI Codex,https://github.com/mochilang/mochi/pull/14959,True,generic_perf,False,True
3276270238,tests/json-ast/x/py/load_yaml.py.json,OpenAI Codex,https://github.com/mochilang/mochi/pull/14959,True,generic_perf,False,True
3106395112,jac/jaclang/compiler/passes/main/pyast_load_pass.py,OpenAI Codex,https://github.com/jaseci-labs/jaseci/pull/2010,True,generic_perf,False,True
3185688727,tests/vm/valid/load_yaml.ir.out,OpenAI Codex,https://github.com/mochilang/mochi/pull/3925,True,generic_perf,False,True
3168819278,BENCHMARK.md,OpenAI Codex,https://github.com/mochilang/mochi/pull/2736,True,generic_perf,False,True
3236492219,tests/machine/x/rb/load_yaml.out,OpenAI Codex,https://github.com/mochilang/mochi/pull/8967,True,generic_perf,False,True
3236492219,tests/machine/x/rb/load_yaml.rb,OpenAI Codex,https://github.com/mochilang/mochi/pull/8967,True,generic_perf,False,True
3200916798,BENCHMARK.md,OpenAI Codex,https://github.com/mochilang/mochi/pull/4984,True,generic_perf,False,True
3089561776,src/test/java/net/openhft/chronicle/threads/LongPauserBenchmark.java,OpenAI Codex,https://github.com/OpenHFT/Chronicle-Threads/pull/318,True,generic_perf,False,True
3176300978,BENCHMARK.md,OpenAI Codex,https://github.com/mochilang/mochi/pull/3266,True,generic_perf,False,True
3071874019,packages/cli/src/utils/load-plugin.ts,OpenAI Codex,https://github.com/elizaOS/eliza/pull/4639,True,generic_perf,False,True
3245132448,tests/transpiler/x/scheme/load_yaml.error,OpenAI Codex,https://github.com/mochilang/mochi/pull/10123,True,generic_perf,False,True
3241756333,tests/machine/x/dart/load_yaml.dart,OpenAI Codex,https://github.com/mochilang/mochi/pull/9482,True,generic_perf,False,True
3237750828,tests/machine/x/python/load_yaml.py,OpenAI Codex,https://github.com/mochilang/mochi/pull/9085,True,generic_perf,False,True
3210823927,tests/machine/x/ts/load_yaml.error,OpenAI Codex,https://github.com/mochilang/mochi/pull/6274,True,generic_perf,False,True
3210823927,tests/machine/x/ts/load_yaml.ts,OpenAI Codex,https://github.com/mochilang/mochi/pull/6274,True,generic_perf,False,True
3078444990,examples/dbrx-benchmark/promptfooconfig.yaml,OpenAI Codex,https://github.com/promptfoo/promptfoo/pull/4107,True,generic_perf,False,True
3206766406,tests/vm/valid/load_yaml.hs.out,OpenAI Codex,https://github.com/mochilang/mochi/pull/5802,True,generic_perf,False,True
3181362017,tests/compiler/hs/load_json_stdin.hs.out,OpenAI Codex,https://github.com/mochilang/mochi/pull/3608,True,generic_perf,False,True
3204474916,tests/any2mochi/go/load_json_stdin.mochi.out,OpenAI Codex,https://github.com/mochilang/mochi/pull/5149,True,generic_perf,False,True
3204474916,tests/any2mochi/go/load_jsonl_stdin.mochi.out,OpenAI Codex,https://github.com/mochilang/mochi/pull/5149,True,generic_perf,False,True
3204474916,tests/any2mochi/go/load_save_json.mochi.out,OpenAI Codex,https://github.com/mochilang/mochi/pull/5149,True,generic_perf,False,True
3204474916,tests/any2mochi/py/load_json_stdin.mochi.out,OpenAI Codex,https://github.com/mochilang/mochi/pull/5149,True,generic_perf,False,True
3204474916,tests/any2mochi/py/load_jsonl_stdin.mochi.out,OpenAI Codex,https://github.com/mochilang/mochi/pull/5149,True,generic_perf,False,True
3204474916,tests/any2mochi/py/load_save_json.mochi.out,OpenAI Codex,https://github.com/mochilang/mochi/pull/5149,True,generic_perf,False,True
3204474916,tests/any2mochi/ts/load_json_stdin.mochi.out,OpenAI Codex,https://github.com/mochilang/mochi/pull/5149,True,generic_perf,False,True
3204474916,tests/any2mochi/ts/load_jsonl_stdin.mochi.out,OpenAI Codex,https://github.com/mochilang/mochi/pull/5149,True,generic_perf,False,True
3204474916,tests/any2mochi/ts/load_save_json.mochi.out,OpenAI Codex,https://github.com/mochilang/mochi/pull/5149,True,generic_perf,False,True
3207483158,tests/human/x/go/load_yaml.go,OpenAI Codex,https://github.com/mochilang/mochi/pull/5888,True,generic_perf,False,True
3134627963,tests/interpreter/valid/load_yaml.mochi,OpenAI Codex,https://github.com/mochilang/mochi/pull/359,True,generic_perf,False,True
3134627963,tests/interpreter/valid/load_yaml.out,OpenAI Codex,https://github.com/mochilang/mochi/pull/359,True,generic_perf,False,True
3236428996,tests/machine/x/ts/load_yaml.ts,OpenAI Codex,https://github.com/mochilang/mochi/pull/8949,True,generic_perf,False,True
3170195765,BENCHMARK.md,OpenAI Codex,https://github.com/mochilang/mochi/pull/2794,True,generic_perf,False,True
3202548581,tests/compiler/py/load_save_json.py.out,OpenAI Codex,https://github.com/mochilang/mochi/pull/5015,True,generic_perf,False,True
3160270313,taxoniumtools/benchmarks/benchmark_usher_to_taxonium.py,OpenAI Codex,https://github.com/theosanderson/taxonium/pull/715,True,generic_perf,False,True
3274257390,tests/a2mochi/x/java/load_jsonl.ast,OpenAI Codex,https://github.com/mochilang/mochi/pull/14675,True,generic_perf,False,True
3274257390,tests/a2mochi/x/java/load_jsonl.mochi,OpenAI Codex,https://github.com/mochilang/mochi/pull/14675,True,generic_perf,False,True
3274257390,tests/a2mochi/x/java/load_yaml.mochi,OpenAI Codex,https://github.com/mochilang/mochi/pull/14675,True,generic_perf,False,True
3217024118,tests/machine/x/ex/load_yaml.mochi.error,OpenAI Codex,https://github.com/mochilang/mochi/pull/7014,True,generic_perf,False,True
3217024118,tests/machine/x/ex/load_yaml.mochi.exs,OpenAI Codex,https://github.com/mochilang/mochi/pull/7014,True,generic_perf,False,True
3217024118,tests/machine/x/ex/load_yaml.mochi.out,OpenAI Codex,https://github.com/mochilang/mochi/pull/7014,True,generic_perf,False,True
3204742564,tests/any2mochi/ts/load_json_stdin.ts.mochi,OpenAI Codex,https://github.com/mochilang/mochi/pull/5181,True,generic_perf,False,True
3204742564,tests/any2mochi/ts/load_jsonl_stdin.ts.mochi,OpenAI Codex,https://github.com/mochilang/mochi/pull/5181,True,generic_perf,False,True
3205288359,tests/compiler/rust/load_save_json.mochi,OpenAI Codex,https://github.com/mochilang/mochi/pull/5325,True,generic_perf,False,True
3127108429,benchmarks/candle_aggregator_benchmark.cpp,OpenAI Codex,https://github.com/FLOX-Foundation/flox/pull/17,True,generic_perf,False,True
3127108429,benchmarks/position_manager_benchmark.cpp,OpenAI Codex,https://github.com/FLOX-Foundation/flox/pull/17,True,generic_perf,False,True
3238367379,tests/machine/x/dart/load_yaml.dart,OpenAI Codex,https://github.com/mochilang/mochi/pull/9156,True,generic_perf,False,True
3238367379,tests/machine/x/dart/load_yaml.error,OpenAI Codex,https://github.com/mochilang/mochi/pull/9156,True,generic_perf,False,True
3226702822,.github/workflows/loadtest.yml,OpenAI Codex,https://github.com/MontrealAI/AGI-Alpha-Agent-v0/pull/3304,True,generic_perf,False,True
3181347304,tests/compiler/py/load_save_json.py.out,OpenAI Codex,https://github.com/mochilang/mochi/pull/3602,True,generic_perf,False,True
3078616312,benchmarks/ecs-benchmark.js,OpenAI Codex,https://github.com/elixr-games/elics/pull/26,True,generic_perf,False,True
3078616312,benchmarks/koota.js,OpenAI Codex,https://github.com/elixr-games/elics/pull/26,True,generic_perf,False,True
3078616312,benchmarks/ecs-benchmark.js,OpenAI Codex,https://github.com/elixr-games/elics/pull/26,True,generic_perf,False,True
3078616312,benchmarks/koota.js,OpenAI Codex,https://github.com/elixr-games/elics/pull/26,True,generic_perf,False,True
3178105038,tests/compiler/fortran/load_save_json.f90.out,OpenAI Codex,https://github.com/mochilang/mochi/pull/3454,True,generic_perf,False,True
3178105038,tests/compiler/fortran/load_save_json.mochi,OpenAI Codex,https://github.com/mochilang/mochi/pull/3454,True,generic_perf,False,True
3178105038,tests/compiler/fortran/load_save_json.out,OpenAI Codex,https://github.com/mochilang/mochi/pull/3454,True,generic_perf,False,True
3127064807,.github/workflows/loadtest.yml,OpenAI Codex,https://github.com/MontrealAI/AGI-Alpha-Agent-v0/pull/1762,True,generic_perf,False,True
3168718212,BENCHMARK.md,OpenAI Codex,https://github.com/mochilang/mochi/pull/2730,True,generic_perf,False,True
3276221996,tests/json-ast/x/py/load_jsonl.py.json,OpenAI Codex,https://github.com/mochilang/mochi/pull/14941,True,generic_perf,False,True
3276221996,tests/json-ast/x/py/load_yaml.py.json,OpenAI Codex,https://github.com/mochilang/mochi/pull/14941,True,generic_perf,False,True
3208481837,tests/human/x/st/load_yaml.st,OpenAI Codex,https://github.com/mochilang/mochi/pull/6054,True,generic_perf,False,True
3104618544,jac/jaclang/compiler/passes/main/pyast_load_pass.py,OpenAI Codex,https://github.com/jaseci-labs/jaseci/pull/1983,True,generic_perf,False,True
3207931285,tests/human/x/lua/load_yaml.lua,OpenAI Codex,https://github.com/mochilang/mochi/pull/5982,True,generic_perf,False,True
3207229116,tests/human/x/hs/load_yaml.hs,OpenAI Codex,https://github.com/mochilang/mochi/pull/5854,True,generic_perf,False,True
3250843152,tests/transpiler/x/ex/load_jsonl.exs,OpenAI Codex,https://github.com/mochilang/mochi/pull/11711,True,generic_perf,False,True
3250843152,tests/transpiler/x/ex/load_jsonl.out,OpenAI Codex,https://github.com/mochilang/mochi/pull/11711,True,generic_perf,False,True
3206356067,tests/any2mochi/erl/load_save_json.erl.error,OpenAI Codex,https://github.com/mochilang/mochi/pull/5618,True,generic_perf,False,True
3237724813,tests/machine/x/ts/load_yaml.ts,OpenAI Codex,https://github.com/mochilang/mochi/pull/9074,True,generic_perf,False,True
3206322502,tests/any2mochi/cs/load_json.error,OpenAI Codex,https://github.com/mochilang/mochi/pull/5559,True,generic_perf,False,True
3178104601,tests/compiler/ex/load_save_json.ex.out,OpenAI Codex,https://github.com/mochilang/mochi/pull/3452,True,generic_perf,False,True
3178104601,tests/compiler/ex/load_save_json.in,OpenAI Codex,https://github.com/mochilang/mochi/pull/3452,True,generic_perf,False,True
3178104601,tests/compiler/ex/load_save_json.mochi,OpenAI Codex,https://github.com/mochilang/mochi/pull/3452,True,generic_perf,False,True
3178104601,tests/compiler/ex/load_save_json.out,OpenAI Codex,https://github.com/mochilang/mochi/pull/3452,True,generic_perf,False,True
3206263353,tests/any2mochi/java/load_save_json.error,OpenAI Codex,https://github.com/mochilang/mochi/pull/5541,True,generic_perf,False,True
3209789856,tests/machine/x/rust/load_yaml.error,OpenAI Codex,https://github.com/mochilang/mochi/pull/6167,True,generic_perf,False,True
3181431713,tests/compiler/lua/load_builtin.lua.out,OpenAI Codex,https://github.com/mochilang/mochi/pull/3638,True,generic_perf,False,True
3181431713,tests/compiler/lua/load_jsonl_stdin.lua.out,OpenAI Codex,https://github.com/mochilang/mochi/pull/3638,True,generic_perf,False,True
3181431713,tests/compiler/lua/load_save_json.lua.out,OpenAI Codex,https://github.com/mochilang/mochi/pull/3638,True,generic_perf,False,True
3181431713,tests/compiler/lua/load_yaml.lua.out,OpenAI Codex,https://github.com/mochilang/mochi/pull/3638,True,generic_perf,False,True
3237762862,tests/machine/x/cpp/load_yaml.cpp,OpenAI Codex,https://github.com/mochilang/mochi/pull/9090,True,generic_perf,False,True
3218477780,tests/machine/x/dart/load_yaml.dart,OpenAI Codex,https://github.com/mochilang/mochi/pull/7268,True,generic_perf,False,True
3218477780,tests/machine/x/dart/load_yaml.error,OpenAI Codex,https://github.com/mochilang/mochi/pull/7268,True,generic_perf,False,True
3207515118,tests/human/x/cpp/load_yaml.cpp,OpenAI Codex,https://github.com/mochilang/mochi/pull/5891,True,generic_perf,False,True
3118149661,BENCHMARK.md,OpenAI Codex,https://github.com/mochilang/mochi/pull/51,True,generic_perf,False,True
3222316268,tests/machine/x/scala/load_yaml.error,OpenAI Codex,https://github.com/mochilang/mochi/pull/7697,True,generic_perf,False,True
3218509621,tests/machine/x/pl/load_yaml.error,OpenAI Codex,https://github.com/mochilang/mochi/pull/7269,True,generic_perf,False,True
3218509621,tests/machine/x/pl/load_yaml.out,OpenAI Codex,https://github.com/mochilang/mochi/pull/7269,True,generic_perf,False,True
3181363640,tests/compiler/rkt/load_save_json.rkt.out,OpenAI Codex,https://github.com/mochilang/mochi/pull/3611,True,generic_perf,False,True
3276248518,tests/json-ast/x/kotlin/load_jsonl.kt.json,OpenAI Codex,https://github.com/mochilang/mochi/pull/14952,True,generic_perf,False,True
3276248518,tests/json-ast/x/kotlin/load_yaml.kt.json,OpenAI Codex,https://github.com/mochilang/mochi/pull/14952,True,generic_perf,False,True
3168870268,BENCHMARK.md,OpenAI Codex,https://github.com/mochilang/mochi/pull/2743,True,generic_perf,False,True
3205921195,tests/any2mochi/scheme/load_jsonl_stdin.scm.error,OpenAI Codex,https://github.com/mochilang/mochi/pull/5433,True,generic_perf,False,True
3205921195,tests/any2mochi/scheme/load_jsonl_stdin.scm.mochi,OpenAI Codex,https://github.com/mochilang/mochi/pull/5433,True,generic_perf,False,True
3205921195,tests/any2mochi/scheme/load_save_json.scm.error,OpenAI Codex,https://github.com/mochilang/mochi/pull/5433,True,generic_perf,False,True
3205921195,tests/any2mochi/scheme/load_save_json.scm.mochi,OpenAI Codex,https://github.com/mochilang/mochi/pull/5433,True,generic_perf,False,True
3109835051,marshallingperf/src/main/java/run/chronicle/wire/perf/BytesInBytesMarshallableMain.java,OpenAI Codex,https://github.com/OpenHFT/Chronicle-Wire/pull/1179,True,generic_perf,False,True
3109835051,marshallingperf/src/main/java/run/chronicle/wire/perf/JSONWireMarshallableMain.java,OpenAI Codex,https://github.com/OpenHFT/Chronicle-Wire/pull/1179,True,generic_perf,False,True
3109835051,marshallingperf/src/main/java/run/chronicle/wire/perf/MessageHistoryBytesMarshallableMain.java,OpenAI Codex,https://github.com/OpenHFT/Chronicle-Wire/pull/1179,True,generic_perf,False,True
3109835051,marshallingperf/src/main/java/run/chronicle/wire/perf/MessageHistoryWireMarshallableMain.java,OpenAI Codex,https://github.com/OpenHFT/Chronicle-Wire/pull/1179,True,generic_perf,False,True
3109835051,marshallingperf/src/main/java/run/chronicle/wire/perf/PrimitivesInBytesMarshallableMain.java,OpenAI Codex,https://github.com/OpenHFT/Chronicle-Wire/pull/1179,True,generic_perf,False,True
3109835051,marshallingperf/src/main/java/run/chronicle/wire/perf/StringsInBytesMarshallableMain.java,OpenAI Codex,https://github.com/OpenHFT/Chronicle-Wire/pull/1179,True,generic_perf,False,True
3204746029,tests/any2mochi/go/load_jsonl_stdin.error,OpenAI Codex,https://github.com/mochilang/mochi/pull/5183,True,generic_perf,False,True
3204746029,tests/any2mochi/go/load_jsonl_stdin.go.mochi,OpenAI Codex,https://github.com/mochilang/mochi/pull/5183,True,generic_perf,False,True
3204746029,tests/any2mochi/go/load_jsonl_stdin.mochi,OpenAI Codex,https://github.com/mochilang/mochi/pull/5183,True,generic_perf,False,True
3204746029,tests/any2mochi/go/load_save_json.error,OpenAI Codex,https://github.com/mochilang/mochi/pull/5183,True,generic_perf,False,True
3204746029,tests/any2mochi/go/load_save_json.go.mochi,OpenAI Codex,https://github.com/mochilang/mochi/pull/5183,True,generic_perf,False,True
3204746029,tests/any2mochi/go/load_save_json.mochi,OpenAI Codex,https://github.com/mochilang/mochi/pull/5183,True,generic_perf,False,True
3227203850,tests/machine/x/go/load_yaml.error,OpenAI Codex,https://github.com/mochilang/mochi/pull/8638,True,generic_perf,False,True
3227203850,tests/machine/x/go/load_yaml.go,OpenAI Codex,https://github.com/mochilang/mochi/pull/8638,True,generic_perf,False,True
3158594451,tests/compiler/go/load_jsonl_stdin.go.out,OpenAI Codex,https://github.com/mochilang/mochi/pull/1997,True,generic_perf,False,True
3237839187,tests/machine/x/ts/load_yaml.out,OpenAI Codex,https://github.com/mochilang/mochi/pull/9121,True,generic_perf,False,True
3237839187,tests/machine/x/ts/load_yaml.ts,OpenAI Codex,https://github.com/mochilang/mochi/pull/9121,True,generic_perf,False,True
3169068562,BENCHMARK.md,OpenAI Codex,https://github.com/mochilang/mochi/pull/2748,True,generic_perf,False,True
3250710489,tests/transpiler/x/java/load_jsonl.java,OpenAI Codex,https://github.com/mochilang/mochi/pull/11673,True,generic_perf,False,True
3250710489,tests/transpiler/x/java/load_jsonl.out,OpenAI Codex,https://github.com/mochilang/mochi/pull/11673,True,generic_perf,False,True
3168842951,BENCHMARK.md,OpenAI Codex,https://github.com/mochilang/mochi/pull/2739,True,generic_perf,False,True
3078764686,benchmarks/bitecs.js,OpenAI Codex,https://github.com/elixr-games/elics/pull/28,True,generic_perf,False,True
3078764686,benchmarks/ecs-benchmark.js,OpenAI Codex,https://github.com/elixr-games/elics/pull/28,True,generic_perf,False,True
3078764686,benchmarks/ecs-benchmark.js,OpenAI Codex,https://github.com/elixr-games/elics/pull/28,True,generic_perf,False,True
3120573460,benchmark/benchmarks.jl,OpenAI Codex,https://github.com/thorek1/MacroModelling.jl/pull/112,True,generic_perf,False,True
3250284099,tests/transpiler/x/fs/load_yaml.fs,OpenAI Codex,https://github.com/mochilang/mochi/pull/11611,True,generic_perf,False,True
3134306675,tests/benchmarks/core/test_speed_benchmark.py,OpenAI Codex,https://github.com/roboflow/inference/pull/1350,True,generic_perf,False,True
3206796238,.github/workflows/loadtest.yml,OpenAI Codex,https://github.com/MontrealAI/AGI-Alpha-Agent-v0/pull/3036,True,generic_perf,False,True
3250732361,tests/transpiler/x/php/load_jsonl.out,OpenAI Codex,https://github.com/mochilang/mochi/pull/11680,True,generic_perf,False,True
3250732361,tests/transpiler/x/php/load_jsonl.php,OpenAI Codex,https://github.com/mochilang/mochi/pull/11680,True,generic_perf,False,True
3242179244,tests/machine/x/zig/load_yaml.error,OpenAI Codex,https://github.com/mochilang/mochi/pull/9507,True,generic_perf,False,True
3242179244,tests/machine/x/zig/load_yaml.zig,OpenAI Codex,https://github.com/mochilang/mochi/pull/9507,True,generic_perf,False,True
3083568715,classic/benchmark/agbenchmark/challenges/webarena.py,OpenAI Codex,https://github.com/Significant-Gravitas/AutoGPT/pull/10002,True,generic_perf,False,True
3273701426,tests/a2mochi/x/java/load_jsonl.ast,OpenAI Codex,https://github.com/mochilang/mochi/pull/14630,True,generic_perf,False,True
3273701426,tests/a2mochi/x/java/load_jsonl.error,OpenAI Codex,https://github.com/mochilang/mochi/pull/14630,True,generic_perf,False,True
3273701426,tests/a2mochi/x/java/load_jsonl.mochi,OpenAI Codex,https://github.com/mochilang/mochi/pull/14630,True,generic_perf,False,True
3273701426,tests/a2mochi/x/java/load_yaml.ast,OpenAI Codex,https://github.com/mochilang/mochi/pull/14630,True,generic_perf,False,True
3273701426,tests/a2mochi/x/java/load_yaml.error,OpenAI Codex,https://github.com/mochilang/mochi/pull/14630,True,generic_perf,False,True
3273701426,tests/a2mochi/x/java/load_yaml.mochi,OpenAI Codex,https://github.com/mochilang/mochi/pull/14630,True,generic_perf,False,True
3206753015,tests/compiler/ex/load_save_json.ex.out,OpenAI Codex,https://github.com/mochilang/mochi/pull/5785,True,generic_perf,False,True
3236444643,tests/machine/x/cpp/load_yaml.cpp,OpenAI Codex,https://github.com/mochilang/mochi/pull/8952,True,generic_perf,False,True
3236444643,tests/machine/x/cpp/load_yaml.out,OpenAI Codex,https://github.com/mochilang/mochi/pull/8952,True,generic_perf,False,True
3236721199,tests/machine/x/ts/load_yaml.out,OpenAI Codex,https://github.com/mochilang/mochi/pull/9015,True,generic_perf,False,True
3178148351,tests/compiler/zig/load_json.mochi,OpenAI Codex,https://github.com/mochilang/mochi/pull/3466,True,generic_perf,False,True
3178148351,tests/compiler/zig/load_json.out,OpenAI Codex,https://github.com/mochilang/mochi/pull/3466,True,generic_perf,False,True
3177880922,tests/compiler/go/load_save_json.go.out,OpenAI Codex,https://github.com/mochilang/mochi/pull/3440,True,generic_perf,False,True
3177880922,tests/compiler/go/load_save_json.in,OpenAI Codex,https://github.com/mochilang/mochi/pull/3440,True,generic_perf,False,True
3177880922,tests/compiler/go/load_save_json.mochi,OpenAI Codex,https://github.com/mochilang/mochi/pull/3440,True,generic_perf,False,True
3177880922,tests/compiler/go/load_save_json.out,OpenAI Codex,https://github.com/mochilang/mochi/pull/3440,True,generic_perf,False,True
3100940782,examples/dbrx-benchmark/promptfooconfig.yaml,OpenAI Codex,https://github.com/promptfoo/promptfoo/pull/4230,True,generic_perf,False,True
3100940782,site/docs/guides/hle-benchmark.md,OpenAI Codex,https://github.com/promptfoo/promptfoo/pull/4230,True,generic_perf,False,True
3238475853,tests/machine/x/swift/load_yaml.out,OpenAI Codex,https://github.com/mochilang/mochi/pull/9193,True,generic_perf,False,True
3238475853,tests/machine/x/swift/load_yaml.swift,OpenAI Codex,https://github.com/mochilang/mochi/pull/9193,True,generic_perf,False,True
3083541646,classic/benchmark/agbenchmark/challenges/webarena.py,OpenAI Codex,https://github.com/Significant-Gravitas/AutoGPT/pull/10001,True,generic_perf,False,True
3236674511,tests/machine/x/ocaml/load_yaml.ml,OpenAI Codex,https://github.com/mochilang/mochi/pull/8996,True,generic_perf,False,True
3118476500,benchmark/benchmarks.jl,OpenAI Codex,https://github.com/thorek1/MacroModelling.jl/pull/108,True,generic_perf,False,True
3210696992,tests/machine/x/cpp/load_yaml.mochi.error,OpenAI Codex,https://github.com/mochilang/mochi/pull/6241,True,generic_perf,False,True
3239282553,tests/machine/x/python/load_yaml.py,OpenAI Codex,https://github.com/mochilang/mochi/pull/9305,True,generic_perf,False,True
3104437091,benchmarks/patch_library/add_touch.diff,OpenAI Codex,https://github.com/MontrealAI/AGI-Alpha-Agent-v0/pull/1228,True,generic_perf,False,True
3104437091,benchmarks/patch_library/task003_update.diff,OpenAI Codex,https://github.com/MontrealAI/AGI-Alpha-Agent-v0/pull/1228,True,generic_perf,False,True
3104437091,benchmarks/patch_library/task004_increment.diff,OpenAI Codex,https://github.com/MontrealAI/AGI-Alpha-Agent-v0/pull/1228,True,generic_perf,False,True
3211972281,tests/machine/x/hs/load_yaml.error,OpenAI Codex,https://github.com/mochilang/mochi/pull/6429,True,generic_perf,False,True
3211972281,tests/machine/x/hs/load_yaml.hs,OpenAI Codex,https://github.com/mochilang/mochi/pull/6429,True,generic_perf,False,True
3123717737,benchmarks/full_order_book_benchmark.cpp,OpenAI Codex,https://github.com/FLOX-Foundation/flox/pull/14,True,generic_perf,False,True
3123717737,benchmarks/windowed_order_book_benchmark.cpp,OpenAI Codex,https://github.com/FLOX-Foundation/flox/pull/14,True,generic_perf,False,True
3123717737,benchmarks/candle_aggregator_benchmark.cpp,OpenAI Codex,https://github.com/FLOX-Foundation/flox/pull/14,True,generic_perf,False,True
3123717737,benchmarks/candle_aggregator_benchmark.cpp,OpenAI Codex,https://github.com/FLOX-Foundation/flox/pull/14,True,generic_perf,False,True
3123717737,benchmarks/full_order_book_benchmark.cpp,OpenAI Codex,https://github.com/FLOX-Foundation/flox/pull/14,True,generic_perf,False,True
3123717737,benchmarks/position_manager_benchmark.cpp,OpenAI Codex,https://github.com/FLOX-Foundation/flox/pull/14,True,generic_perf,False,True
3123717737,benchmarks/windowed_order_book_benchmark.cpp,OpenAI Codex,https://github.com/FLOX-Foundation/flox/pull/14,True,generic_perf,False,True
3123717737,benchmarks/candle_aggregator_benchmark.cpp,OpenAI Codex,https://github.com/FLOX-Foundation/flox/pull/14,True,generic_perf,False,True
3123717737,benchmarks/full_order_book_benchmark.cpp,OpenAI Codex,https://github.com/FLOX-Foundation/flox/pull/14,True,generic_perf,False,True
3123717737,benchmarks/windowed_order_book_benchmark.cpp,OpenAI Codex,https://github.com/FLOX-Foundation/flox/pull/14,True,generic_perf,False,True
3123717737,scripts/run-benchmarks.sh,OpenAI Codex,https://github.com/FLOX-Foundation/flox/pull/14,True,generic_perf,False,True
3227206996,tests/machine/x/go/load_yaml.go,OpenAI Codex,https://github.com/mochilang/mochi/pull/8642,True,generic_perf,False,True
3214383434,tests/machine/x/php/load_yaml.error,OpenAI Codex,https://github.com/mochilang/mochi/pull/6572,True,generic_perf,False,True
3276245111,tests/json-ast/x/lua/load_jsonl.lua.json,OpenAI Codex,https://github.com/mochilang/mochi/pull/14951,True,generic_perf,False,True
3276245111,tests/json-ast/x/lua/load_yaml.lua.json,OpenAI Codex,https://github.com/mochilang/mochi/pull/14951,True,generic_perf,False,True
3245237636,tests/transpiler/x/hs/load_yaml.error,OpenAI Codex,https://github.com/mochilang/mochi/pull/10151,True,generic_perf,False,True
3236497492,tests/machine/x/swift/load_yaml.out,OpenAI Codex,https://github.com/mochilang/mochi/pull/8972,True,generic_perf,False,True
3236497492,tests/machine/x/swift/load_yaml.swift,OpenAI Codex,https://github.com/mochilang/mochi/pull/8972,True,generic_perf,False,True
3224868336,tests/machine/x/scala/load_yaml.error,OpenAI Codex,https://github.com/mochilang/mochi/pull/7911,True,generic_perf,False,True
3177878460,tests/compiler/ts/load_json_stdin.in,OpenAI Codex,https://github.com/mochilang/mochi/pull/3438,True,generic_perf,False,True
3177878460,tests/compiler/ts/load_json_stdin.mochi,OpenAI Codex,https://github.com/mochilang/mochi/pull/3438,True,generic_perf,False,True
3177878460,tests/compiler/ts/load_json_stdin.out,OpenAI Codex,https://github.com/mochilang/mochi/pull/3438,True,generic_perf,False,True
3177878460,tests/compiler/ts/load_json_stdin.ts.out,OpenAI Codex,https://github.com/mochilang/mochi/pull/3438,True,generic_perf,False,True
3221635143,tests/machine/x/scala/load_yaml.error,OpenAI Codex,https://github.com/mochilang/mochi/pull/7606,True,generic_perf,False,True
3274320538,tests/a2mochi/x/java/load_jsonl.mochi,OpenAI Codex,https://github.com/mochilang/mochi/pull/14695,True,generic_perf,False,True
3274320538,tests/a2mochi/x/java/load_yaml.mochi,OpenAI Codex,https://github.com/mochilang/mochi/pull/14695,True,generic_perf,False,True
3094506738,tools/loadtest/insight.js,OpenAI Codex,https://github.com/MontrealAI/AGI-Alpha-Agent-v0/pull/993,True,generic_perf,False,True
3246093976,tests/transpiler/x/ts/load_yaml.error,OpenAI Codex,https://github.com/mochilang/mochi/pull/10704,True,generic_perf,False,True
3246093976,tests/transpiler/x/ts/load_yaml.out,OpenAI Codex,https://github.com/mochilang/mochi/pull/10704,True,generic_perf,False,True
3246093976,tests/transpiler/x/ts/load_yaml.ts,OpenAI Codex,https://github.com/mochilang/mochi/pull/10704,True,generic_perf,False,True
3251959556,tests/transpiler/x/rkt/load_jsonl.out,OpenAI Codex,https://github.com/mochilang/mochi/pull/11877,True,generic_perf,False,True
3251959556,tests/transpiler/x/rkt/load_jsonl.rkt,OpenAI Codex,https://github.com/mochilang/mochi/pull/11877,True,generic_perf,False,True
3251959556,tests/transpiler/x/rkt/load_yaml.out,OpenAI Codex,https://github.com/mochilang/mochi/pull/11877,True,generic_perf,False,True
3251959556,tests/transpiler/x/rkt/load_yaml.rkt,OpenAI Codex,https://github.com/mochilang/mochi/pull/11877,True,generic_perf,False,True
3238404879,tests/machine/x/php/load_yaml.out,OpenAI Codex,https://github.com/mochilang/mochi/pull/9168,True,generic_perf,False,True
3238404879,tests/machine/x/php/load_yaml.php,OpenAI Codex,https://github.com/mochilang/mochi/pull/9168,True,generic_perf,False,True
3206325709,tests/any2mochi/lua/load_builtin.lua.mochi,OpenAI Codex,https://github.com/mochilang/mochi/pull/5571,True,generic_perf,False,True
3206325709,tests/any2mochi/lua/load_jsonl_stdin.lua.mochi,OpenAI Codex,https://github.com/mochilang/mochi/pull/5571,True,generic_perf,False,True
3206325709,tests/any2mochi/lua/load_save_json.lua.mochi,OpenAI Codex,https://github.com/mochilang/mochi/pull/5571,True,generic_perf,False,True
3206325709,tests/any2mochi/lua/load_yaml.lua.mochi,OpenAI Codex,https://github.com/mochilang/mochi/pull/5571,True,generic_perf,False,True
3118338264,BENCHMARK.md,OpenAI Codex,https://github.com/mochilang/mochi/pull/57,True,generic_perf,False,True
3107631309,jac/jaclang/compiler/passes/main/pyast_load_pass.py,OpenAI Codex,https://github.com/jaseci-labs/jaseci/pull/2020,True,generic_perf,False,True
3276261888,tests/json-ast/x/scala/load_jsonl.scala.json,OpenAI Codex,https://github.com/mochilang/mochi/pull/14956,True,generic_perf,False,True
3276261888,tests/json-ast/x/scala/load_yaml.scala.json,OpenAI Codex,https://github.com/mochilang/mochi/pull/14956,True,generic_perf,False,True
3210852571,tests/machine/x/cpp/load_yaml.mochi.error,OpenAI Codex,https://github.com/mochilang/mochi/pull/6304,True,generic_perf,False,True
3163133620,tests/compiler/lua/load_yaml.in,OpenAI Codex,https://github.com/mochilang/mochi/pull/2312,True,generic_perf,False,True
3163133620,tests/compiler/lua/load_yaml.lua.out,OpenAI Codex,https://github.com/mochilang/mochi/pull/2312,True,generic_perf,False,True
3163133620,tests/compiler/lua/load_yaml.mochi,OpenAI Codex,https://github.com/mochilang/mochi/pull/2312,True,generic_perf,False,True
3163133620,tests/compiler/lua/load_yaml.out,OpenAI Codex,https://github.com/mochilang/mochi/pull/2312,True,generic_perf,False,True
3236462499,tests/machine/x/dart/load_yaml.dart,OpenAI Codex,https://github.com/mochilang/mochi/pull/8955,True,generic_perf,False,True
3236462499,tests/machine/x/dart/load_yaml.error,OpenAI Codex,https://github.com/mochilang/mochi/pull/8955,True,generic_perf,False,True
3236462499,tests/vm/valid/load_yaml.dart.out,OpenAI Codex,https://github.com/mochilang/mochi/pull/8955,True,generic_perf,False,True
3178119683,tests/compiler/lua/load_save_json.in,OpenAI Codex,https://github.com/mochilang/mochi/pull/3464,True,generic_perf,False,True
3178119683,tests/compiler/lua/load_save_json.lua.out,OpenAI Codex,https://github.com/mochilang/mochi/pull/3464,True,generic_perf,False,True
3178119683,tests/compiler/lua/load_save_json.mochi,OpenAI Codex,https://github.com/mochilang/mochi/pull/3464,True,generic_perf,False,True
3178119683,tests/compiler/lua/load_save_json.out,OpenAI Codex,https://github.com/mochilang/mochi/pull/3464,True,generic_perf,False,True
3206566271,tests/any2mochi/kt/load_jsonl_stdin.kt.error,OpenAI Codex,https://github.com/mochilang/mochi/pull/5670,True,generic_perf,False,True
3206566271,tests/any2mochi/kt/load_jsonl_stdin.kt.mochi,OpenAI Codex,https://github.com/mochilang/mochi/pull/5670,True,generic_perf,False,True
3206566271,tests/any2mochi/kt/load_save_json.kt.error,OpenAI Codex,https://github.com/mochilang/mochi/pull/5670,True,generic_perf,False,True
3206566271,tests/any2mochi/kt/load_save_json.kt.mochi,OpenAI Codex,https://github.com/mochilang/mochi/pull/5670,True,generic_perf,False,True
3206566271,tests/any2mochi/kt/load_yaml.kt.error,OpenAI Codex,https://github.com/mochilang/mochi/pull/5670,True,generic_perf,False,True
3206566271,tests/any2mochi/kt/load_yaml.kt.mochi,OpenAI Codex,https://github.com/mochilang/mochi/pull/5670,True,generic_perf,False,True
3222396951,tests/machine/x/scala/load_yaml.error,OpenAI Codex,https://github.com/mochilang/mochi/pull/7721,True,generic_perf,False,True
3222396951,tests/machine/x/scala/load_yaml.out,OpenAI Codex,https://github.com/mochilang/mochi/pull/7721,True,generic_perf,False,True
3222396951,tests/machine/x/scala/load_yaml.scala,OpenAI Codex,https://github.com/mochilang/mochi/pull/7721,True,generic_perf,False,True
3071839438,benchmark/benchmark_serving.py,OpenAI Codex,https://github.com/modular/modular/pull/4623,True,generic_perf,False,True
3071839438,max/kernels/benchmarks/autotune/kbench.py,OpenAI Codex,https://github.com/modular/modular/pull/4623,True,generic_perf,False,True
3071839438,max/kernels/benchmarks/autotune/kdiff.py,OpenAI Codex,https://github.com/modular/modular/pull/4623,True,generic_perf,False,True
3071839438,mojo/stdlib/stdlib/benchmark/benchmark.mojo,OpenAI Codex,https://github.com/modular/modular/pull/4623,True,generic_perf,False,True
3181714543,tests/compiler/ts/load_json_stdin.ts.out,OpenAI Codex,https://github.com/mochilang/mochi/pull/3699,True,generic_perf,False,True
3181714543,tests/compiler/ts/load_jsonl_stdin.ts.out,OpenAI Codex,https://github.com/mochilang/mochi/pull/3699,True,generic_perf,False,True
3247861458,BENCHMARK.md,OpenAI Codex,https://github.com/mochilang/mochi/pull/11220,True,generic_perf,False,True
3204995171,tests/any2mochi/ts/load_json_stdin.error,OpenAI Codex,https://github.com/mochilang/mochi/pull/5228,True,generic_perf,False,True
3204995171,tests/any2mochi/ts/load_json_stdin.mochi,OpenAI Codex,https://github.com/mochilang/mochi/pull/5228,True,generic_perf,False,True
3204995171,tests/any2mochi/ts/load_jsonl_stdin.error,OpenAI Codex,https://github.com/mochilang/mochi/pull/5228,True,generic_perf,False,True
3204995171,tests/any2mochi/ts/load_jsonl_stdin.mochi,OpenAI Codex,https://github.com/mochilang/mochi/pull/5228,True,generic_perf,False,True
3207925114,tests/human/x/dart/load_yaml.dart,OpenAI Codex,https://github.com/mochilang/mochi/pull/5979,True,generic_perf,False,True
3142676001,server/context/upload_test.go,OpenAI Codex,https://github.com/root-gg/plik/pull/533,True,generic_perf,False,True
3273148292,tests/a2mochi/x/cs/load_jsonl.mochi,OpenAI Codex,https://github.com/mochilang/mochi/pull/14554,True,generic_perf,False,True
3273148292,tests/a2mochi/x/cs/load_yaml.mochi,OpenAI Codex,https://github.com/mochilang/mochi/pull/14554,True,generic_perf,False,True
3206659539,tests/any2mochi/fs/load_save_json.fs.error,OpenAI Codex,https://github.com/mochilang/mochi/pull/5740,True,generic_perf,False,True
3250882929,tests/transpiler/x/ex/load_jsonl.exs,OpenAI Codex,https://github.com/mochilang/mochi/pull/11741,True,generic_perf,False,True
3275455804,tests/json-ast/x/scala/load_jsonl.scala.json,OpenAI Codex,https://github.com/mochilang/mochi/pull/14791,True,generic_perf,False,True
3275455804,tests/json-ast/x/scala/load_yaml.scala.json,OpenAI Codex,https://github.com/mochilang/mochi/pull/14791,True,generic_perf,False,True
3274460791,tests/a2mochi/x/java/load_jsonl.mochi,OpenAI Codex,https://github.com/mochilang/mochi/pull/14742,True,generic_perf,False,True
3274460791,tests/a2mochi/x/java/load_yaml.mochi,OpenAI Codex,https://github.com/mochilang/mochi/pull/14742,True,generic_perf,False,True
3204820489,tests/any2mochi/py/load_save_json.error,OpenAI Codex,https://github.com/mochilang/mochi/pull/5191,True,generic_perf,False,True
3204820489,tests/any2mochi/py/load_save_json.py.error,OpenAI Codex,https://github.com/mochilang/mochi/pull/5191,True,generic_perf,False,True
3226150458,tests/machine/x/ts/load_yaml.ts,OpenAI Codex,https://github.com/mochilang/mochi/pull/8301,True,generic_perf,False,True
3181432473,tests/compiler/php/load_save_json.php.out,OpenAI Codex,https://github.com/mochilang/mochi/pull/3641,True,generic_perf,False,True
3205029049,tests/any2mochi/clj/load_csv.mochi,OpenAI Codex,https://github.com/mochilang/mochi/pull/5232,True,generic_perf,False,True
3205029049,tests/any2mochi/clj/load_json.mochi,OpenAI Codex,https://github.com/mochilang/mochi/pull/5232,True,generic_perf,False,True
3205029049,tests/any2mochi/clj/load_save_json.mochi,OpenAI Codex,https://github.com/mochilang/mochi/pull/5232,True,generic_perf,False,True
3236820083,tests/vm/valid/load_yaml.mochi.error,OpenAI Codex,https://github.com/mochilang/mochi/pull/9037,True,generic_perf,False,True
3105328504,jac/jaclang/compiler/passes/main/pyast_load_pass.py,OpenAI Codex,https://github.com/jaseci-labs/jaseci/pull/1988,True,generic_perf,False,True
3236643828,tests/machine/x/go/load_yaml.error,OpenAI Codex,https://github.com/mochilang/mochi/pull/8989,True,generic_perf,False,True
3236643828,tests/machine/x/go/load_yaml.go,OpenAI Codex,https://github.com/mochilang/mochi/pull/8989,True,generic_perf,False,True
3236643828,tests/vm/valid/load_yaml.go,OpenAI Codex,https://github.com/mochilang/mochi/pull/8989,True,generic_perf,False,True
3252029318,tests/transpiler/x/go/load_jsonl.go,OpenAI Codex,https://github.com/mochilang/mochi/pull/11887,True,generic_perf,False,True
3186007005,runtime/vm/JOINS_BENCHMARKS.md,OpenAI Codex,https://github.com/mochilang/mochi/pull/3945,True,generic_perf,False,True
3168894363,BENCHMARK.md,OpenAI Codex,https://github.com/mochilang/mochi/pull/2745,True,generic_perf,False,True
3207471034,tests/human/go/load_yaml.go,OpenAI Codex,https://github.com/mochilang/mochi/pull/5887,True,generic_perf,False,True
3238655859,tests/machine/x/ts/load_yaml.ts,OpenAI Codex,https://github.com/mochilang/mochi/pull/9234,True,generic_perf,False,True
3246122546,tests/transpiler/x/dart/load_yaml.error,OpenAI Codex,https://github.com/mochilang/mochi/pull/10736,True,generic_perf,False,True
3246475486,tests/transpiler/x/py/load_yaml.error,OpenAI Codex,https://github.com/mochilang/mochi/pull/10923,True,generic_perf,False,True
3246475486,tests/transpiler/x/py/load_yaml.py,OpenAI Codex,https://github.com/mochilang/mochi/pull/10923,True,generic_perf,False,True
3207756152,tests/human/x/cobol/load_yaml.cob,OpenAI Codex,https://github.com/mochilang/mochi/pull/5920,True,generic_perf,False,True
3237727673,tests/machine/x/rust/load_yaml.rs,OpenAI Codex,https://github.com/mochilang/mochi/pull/9077,True,generic_perf,False,True
3227186966,tests/machine/x/ts/load_yaml.ts,OpenAI Codex,https://github.com/mochilang/mochi/pull/8634,True,generic_perf,False,True
3249403210,tests/transpiler/x/pas/load_yaml.out,OpenAI Codex,https://github.com/mochilang/mochi/pull/11540,True,generic_perf,False,True
3249403210,tests/transpiler/x/pas/load_yaml.pas,OpenAI Codex,https://github.com/mochilang/mochi/pull/11540,True,generic_perf,False,True
3209190346,tests/machine/x/ts/load_yaml.error,OpenAI Codex,https://github.com/mochilang/mochi/pull/6087,True,generic_perf,False,True
3209190346,tests/machine/x/ts/load_yaml.ts,OpenAI Codex,https://github.com/mochilang/mochi/pull/6087,True,generic_perf,False,True
3181447786,tests/compiler/ex/load_save_json.ex.out,OpenAI Codex,https://github.com/mochilang/mochi/pull/3647,True,generic_perf,False,True
3273576595,tests/a2mochi/x/cs/load_jsonl.mochi,OpenAI Codex,https://github.com/mochilang/mochi/pull/14616,True,generic_perf,False,True
3273576595,tests/a2mochi/x/cs/load_yaml.mochi,OpenAI Codex,https://github.com/mochilang/mochi/pull/14616,True,generic_perf,False,True
3244957528,tests/transpiler/x/go/load_yaml.error,OpenAI Codex,https://github.com/mochilang/mochi/pull/10009,True,generic_perf,False,True
3241711958,tests/machine/x/c/load_yaml.c,OpenAI Codex,https://github.com/mochilang/mochi/pull/9456,True,generic_perf,False,True
3236876184,tests/machine/x/ocaml/load_yaml.ml,OpenAI Codex,https://github.com/mochilang/mochi/pull/9054,True,generic_perf,False,True
3134306771,benchmark/getEAdata_translation.jl,OpenAI Codex,https://github.com/thorek1/MacroModelling.jl/pull/117,True,generic_perf,False,True
3134306771,.github/workflows/benchmark_push.yml,OpenAI Codex,https://github.com/thorek1/MacroModelling.jl/pull/117,True,generic_perf,False,True
3134306771,benchmark/TED---Output-Labor-and-Labor-Productivity-1950-2015.xlsx,OpenAI Codex,https://github.com/thorek1/MacroModelling.jl/pull/117,True,generic_perf,False,True
3134306771,benchmark/awm19up15.csv,OpenAI Codex,https://github.com/thorek1/MacroModelling.jl/pull/117,True,generic_perf,False,True
3134306771,benchmark/getEAdata.R,OpenAI Codex,https://github.com/thorek1/MacroModelling.jl/pull/117,True,generic_perf,False,True
3134306771,benchmark/getEAdata.jl,OpenAI Codex,https://github.com/thorek1/MacroModelling.jl/pull/117,True,generic_perf,False,True
3134306771,benchmark/TED---Output-Labor-and-Labor-Productivity-1950-2015.xlsx,OpenAI Codex,https://github.com/thorek1/MacroModelling.jl/pull/117,True,generic_perf,False,True
3134306771,benchmark/awm19up15.csv,OpenAI Codex,https://github.com/thorek1/MacroModelling.jl/pull/117,True,generic_perf,False,True
3134306771,benchmark/getEAdata.R,OpenAI Codex,https://github.com/thorek1/MacroModelling.jl/pull/117,True,generic_perf,False,True
3089561694,src/test/java/net/openhft/chronicle/threads/EventLoopConcurrencyStressTest.java,OpenAI Codex,https://github.com/OpenHFT/Chronicle-Threads/pull/315,True,generic_perf,False,True
3219203123,tests/machine/x/scala/load_yaml.scala,OpenAI Codex,https://github.com/mochilang/mochi/pull/7370,True,generic_perf,False,True
3242190649,tests/machine/x/kotlin/load_yaml.error,OpenAI Codex,https://github.com/mochilang/mochi/pull/9510,True,generic_perf,False,True
3242190649,tests/machine/x/kotlin/load_yaml.kt,OpenAI Codex,https://github.com/mochilang/mochi/pull/9510,True,generic_perf,False,True
3181682764,tests/compiler/kt/load_jsonl_stdin.kt.out,OpenAI Codex,https://github.com/mochilang/mochi/pull/3692,True,generic_perf,False,True
3181682764,tests/compiler/kt/load_save_json.kt.out,OpenAI Codex,https://github.com/mochilang/mochi/pull/3692,True,generic_perf,False,True
3181682764,tests/compiler/kt/load_yaml.kt.out,OpenAI Codex,https://github.com/mochilang/mochi/pull/3692,True,generic_perf,False,True
3181057880,marin/post_training/load_environments.py,OpenAI Codex,https://github.com/marin-community/marin/pull/1406,True,generic_perf,False,True
3181057880,tests/post_training/test_load_environments.py,OpenAI Codex,https://github.com/marin-community/marin/pull/1406,True,generic_perf,False,True
3181646774,tests/compiler/cpp/load_save_json.cpp.out,OpenAI Codex,https://github.com/mochilang/mochi/pull/3673,True,generic_perf,False,True
3181646774,tests/compiler/cpp/load_save_jsonl.cpp.out,OpenAI Codex,https://github.com/mochilang/mochi/pull/3673,True,generic_perf,False,True
3181687340,tests/compiler/rb/load_save_json.rb.out,OpenAI Codex,https://github.com/mochilang/mochi/pull/3693,True,generic_perf,False,True
3190657759,BENCHMARK.md,OpenAI Codex,https://github.com/mochilang/mochi/pull/4382,True,generic_perf,False,True
3216636548,tests/machine/x/scala/load_yaml.error,OpenAI Codex,https://github.com/mochilang/mochi/pull/6913,True,generic_perf,False,True
3216636548,tests/machine/x/scala/load_yaml.scala,OpenAI Codex,https://github.com/mochilang/mochi/pull/6913,True,generic_perf,False,True
3147867107,examples/leetcode-out/download_test.go.out,OpenAI Codex,https://github.com/mochilang/mochi/pull/898,True,generic_perf,False,True
3204819738,tests/any2mochi/py/load_save_json.py.error,OpenAI Codex,https://github.com/mochilang/mochi/pull/5190,True,generic_perf,False,True
3204819738,tests/any2mochi/py/load_save_json.py.mochi,OpenAI Codex,https://github.com/mochilang/mochi/pull/5190,True,generic_perf,False,True
3274676095,tests/json-ast/x/cpp/load_jsonl.cpp.json,OpenAI Codex,https://github.com/mochilang/mochi/pull/14777,True,generic_perf,False,True
3274676095,tests/json-ast/x/cpp/load_yaml.cpp.json,OpenAI Codex,https://github.com/mochilang/mochi/pull/14777,True,generic_perf,False,True
3154166023,.github/workflows/test_benchmark_collection_models.yml,OpenAI Codex,https://github.com/AMICI-dev/AMICI/pull/2795,True,generic_perf,False,True
3154166023,tests/benchmark-models/conftest.py,OpenAI Codex,https://github.com/AMICI-dev/AMICI/pull/2795,True,generic_perf,False,True
3154166023,tests/benchmark-models/test_petab_benchmark.py,OpenAI Codex,https://github.com/AMICI-dev/AMICI/pull/2795,True,generic_perf,False,True
3154166023,tests/benchmark-models/test_petab_benchmark_jax.py,OpenAI Codex,https://github.com/AMICI-dev/AMICI/pull/2795,True,generic_perf,False,True
3154166023,tests/benchmark-models/test_petab_benchmark_jax.py,OpenAI Codex,https://github.com/AMICI-dev/AMICI/pull/2795,True,generic_perf,False,True
3154166023,tests/benchmark-models/test_petab_benchmark_jax.py,OpenAI Codex,https://github.com/AMICI-dev/AMICI/pull/2795,True,generic_perf,False,True
3213612264,tools/LightResults.ComparisonBenchmarks/LightResults.ComparisonBenchmarks.csproj,OpenAI Codex,https://github.com/jscarle/LightResults/pull/55,True,generic_perf,False,True
3213612264,tools/LightResults.CurrentBenchmarks/LightResults.CurrentBenchmarks.csproj,OpenAI Codex,https://github.com/jscarle/LightResults/pull/55,True,generic_perf,False,True
3213612264,tools/LightResults.DevelopBenchmarks/LightResults.DevelopBenchmarks.csproj,OpenAI Codex,https://github.com/jscarle/LightResults/pull/55,True,generic_perf,False,True
3206325621,tests/any2mochi/hs/load_json_stdin.hs.error,OpenAI Codex,https://github.com/mochilang/mochi/pull/5569,True,generic_perf,False,True
3206325621,tests/any2mochi/hs/load_json_stdin.hs.mochi,OpenAI Codex,https://github.com/mochilang/mochi/pull/5569,True,generic_perf,False,True
3168877771,BENCHMARK.md,OpenAI Codex,https://github.com/mochilang/mochi/pull/2744,True,generic_perf,False,True
3204778990,tests/any2mochi/go/load_jsonl_stdin.mochi,OpenAI Codex,https://github.com/mochilang/mochi/pull/5187,True,generic_perf,False,True
3204778990,tests/any2mochi/go/load_save_json.mochi,OpenAI Codex,https://github.com/mochilang/mochi/pull/5187,True,generic_perf,False,True
3206749318,tests/compiler/py/load_save_json.py.out,OpenAI Codex,https://github.com/mochilang/mochi/pull/5780,True,generic_perf,False,True
3206749318,tests/vm/valid/load_yaml.mochi.out,OpenAI Codex,https://github.com/mochilang/mochi/pull/5780,True,generic_perf,False,True
3206749318,tests/vm/valid/load_yaml.vm.error,OpenAI Codex,https://github.com/mochilang/mochi/pull/5780,True,generic_perf,False,True
3213681118,marin/post_training/load_environments.py,OpenAI Codex,https://github.com/marin-community/marin/pull/1443,True,generic_perf,False,True
3213681118,tests/post_training/test_load_environments.py,OpenAI Codex,https://github.com/marin-community/marin/pull/1443,True,generic_perf,False,True
3211853062,tests/machine/x/lua/load_yaml.error,OpenAI Codex,https://github.com/mochilang/mochi/pull/6400,True,generic_perf,False,True
3211853062,tests/machine/x/lua/load_yaml.lua,OpenAI Codex,https://github.com/mochilang/mochi/pull/6400,True,generic_perf,False,True
3208429577,tests/human/x/fortran/load_yaml.f90,OpenAI Codex,https://github.com/mochilang/mochi/pull/6048,True,generic_perf,False,True
3187918772,BENCHMARK.md,OpenAI Codex,https://github.com/mochilang/mochi/pull/4158,True,generic_perf,False,True
3274644247,tests/json-ast/x/rkt/load_jsonl.rkt.json,OpenAI Codex,https://github.com/mochilang/mochi/pull/14770,True,generic_perf,False,True
3274644247,tests/json-ast/x/rkt/load_yaml.rkt.json,OpenAI Codex,https://github.com/mochilang/mochi/pull/14770,True,generic_perf,False,True
3242396902,tests/machine/x/rust/load_yaml.rs,OpenAI Codex,https://github.com/mochilang/mochi/pull/9554,True,generic_perf,False,True
3134187485,tests/interpreter/valid/load_csv.mochi,OpenAI Codex,https://github.com/mochilang/mochi/pull/348,True,generic_perf,False,True
3134187485,tests/interpreter/valid/load_csv.out,OpenAI Codex,https://github.com/mochilang/mochi/pull/348,True,generic_perf,False,True
3134187485,tests/parser/valid/load_expr.golden,OpenAI Codex,https://github.com/mochilang/mochi/pull/348,True,generic_perf,False,True
3134187485,tests/parser/valid/load_expr.mochi,OpenAI Codex,https://github.com/mochilang/mochi/pull/348,True,generic_perf,False,True
3226141867,tests/machine/x/clj/load_yaml.clj,OpenAI Codex,https://github.com/mochilang/mochi/pull/8287,True,generic_perf,False,True
3226141867,tests/machine/x/clj/load_yaml.error,OpenAI Codex,https://github.com/mochilang/mochi/pull/8287,True,generic_perf,False,True
3105419997,jac/jaclang/compiler/passes/main/pyast_load_pass.py,OpenAI Codex,https://github.com/jaseci-labs/jaseci/pull/1998,True,generic_perf,False,True
3162509065,.github/workflows/test_benchmark_collection_models.yml,OpenAI Codex,https://github.com/AMICI-dev/AMICI/pull/2807,True,generic_perf,False,True
3162509065,tests/benchmark-models/conftest.py,OpenAI Codex,https://github.com/AMICI-dev/AMICI/pull/2807,True,generic_perf,False,True
3162509065,tests/benchmark-models/test_petab_benchmark_jax.py,OpenAI Codex,https://github.com/AMICI-dev/AMICI/pull/2807,True,generic_perf,False,True
3162509065,.github/workflows/test_benchmark_collection_models.yml,OpenAI Codex,https://github.com/AMICI-dev/AMICI/pull/2807,True,generic_perf,False,True
3162509065,tests/benchmark_models/benchmark_models.yaml,OpenAI Codex,https://github.com/AMICI-dev/AMICI/pull/2807,True,generic_perf,False,True
3162509065,tests/benchmark_models/conftest.py,OpenAI Codex,https://github.com/AMICI-dev/AMICI/pull/2807,True,generic_perf,False,True
3162509065,tests/benchmark_models/evaluate_benchmark.py,OpenAI Codex,https://github.com/AMICI-dev/AMICI/pull/2807,True,generic_perf,False,True
3162509065,tests/benchmark_models/test_petab_benchmark.py,OpenAI Codex,https://github.com/AMICI-dev/AMICI/pull/2807,True,generic_perf,False,True
3162509065,tests/benchmark_models/test_petab_benchmark_jax.py,OpenAI Codex,https://github.com/AMICI-dev/AMICI/pull/2807,True,generic_perf,False,True
3162509065,tests/benchmark_models/evaluate_benchmark.py,OpenAI Codex,https://github.com/AMICI-dev/AMICI/pull/2807,True,generic_perf,False,True
3162509065,tests/benchmark_models/evaluate_benchmark.py,OpenAI Codex,https://github.com/AMICI-dev/AMICI/pull/2807,True,generic_perf,False,True
3210787005,tests/machine/x/php/load_yaml.error,OpenAI Codex,https://github.com/mochilang/mochi/pull/6260,True,generic_perf,False,True
3179985076,tests/compiler/clj/load_csv.clj.out,OpenAI Codex,https://github.com/mochilang/mochi/pull/3579,True,generic_perf,False,True
3179985076,tests/compiler/clj/load_json.clj.out,OpenAI Codex,https://github.com/mochilang/mochi/pull/3579,True,generic_perf,False,True
3179985076,tests/compiler/clj/load_save_json.clj.out,OpenAI Codex,https://github.com/mochilang/mochi/pull/3579,True,generic_perf,False,True
3204506715,tests/any2mochi/go/load_json_stdin.mochi,OpenAI Codex,https://github.com/mochilang/mochi/pull/5154,True,generic_perf,False,True
3204506715,tests/any2mochi/go/load_jsonl_stdin.mochi,OpenAI Codex,https://github.com/mochilang/mochi/pull/5154,True,generic_perf,False,True
3204506715,tests/any2mochi/go/load_save_json.mochi,OpenAI Codex,https://github.com/mochilang/mochi/pull/5154,True,generic_perf,False,True
3204506715,tests/any2mochi/py/load_json_stdin.mochi,OpenAI Codex,https://github.com/mochilang/mochi/pull/5154,True,generic_perf,False,True
3204506715,tests/any2mochi/py/load_jsonl_stdin.mochi,OpenAI Codex,https://github.com/mochilang/mochi/pull/5154,True,generic_perf,False,True
3204506715,tests/any2mochi/py/load_save_json.mochi,OpenAI Codex,https://github.com/mochilang/mochi/pull/5154,True,generic_perf,False,True
3204506715,tests/any2mochi/ts/load_json_stdin.mochi,OpenAI Codex,https://github.com/mochilang/mochi/pull/5154,True,generic_perf,False,True
3204506715,tests/any2mochi/ts/load_jsonl_stdin.mochi,OpenAI Codex,https://github.com/mochilang/mochi/pull/5154,True,generic_perf,False,True
3204506715,tests/any2mochi/ts/load_save_json.mochi,OpenAI Codex,https://github.com/mochilang/mochi/pull/5154,True,generic_perf,False,True
3089613637,benchmarks/benchmark_onetomany.py,OpenAI Codex,https://github.com/addok/addok/pull/893,True,generic_perf,False,True
3237839643,tests/machine/x/c/load_yaml.c,OpenAI Codex,https://github.com/mochilang/mochi/pull/9123,True,generic_perf,False,True
3237839643,tests/machine/x/c/load_yaml.error,OpenAI Codex,https://github.com/mochilang/mochi/pull/9123,True,generic_perf,False,True
3250718836,tests/transpiler/x/kt/load_yaml.kt,OpenAI Codex,https://github.com/mochilang/mochi/pull/11674,True,generic_perf,False,True
3250718836,tests/transpiler/x/kt/load_yaml.out,OpenAI Codex,https://github.com/mochilang/mochi/pull/11674,True,generic_perf,False,True
3206263529,tests/any2mochi/lua/load_builtin.lua.mochi,OpenAI Codex,https://github.com/mochilang/mochi/pull/5543,True,generic_perf,False,True
3206263529,tests/any2mochi/lua/load_jsonl_stdin.lua.mochi,OpenAI Codex,https://github.com/mochilang/mochi/pull/5543,True,generic_perf,False,True
3206263529,tests/any2mochi/lua/load_save_json.lua.mochi,OpenAI Codex,https://github.com/mochilang/mochi/pull/5543,True,generic_perf,False,True
3206263529,tests/any2mochi/lua/load_yaml.lua.mochi,OpenAI Codex,https://github.com/mochilang/mochi/pull/5543,True,generic_perf,False,True
3245132478,tests/transpiler/x/st/load_yaml.error,OpenAI Codex,https://github.com/mochilang/mochi/pull/10124,True,generic_perf,False,True
3241749281,tests/machine/x/lua/load_yaml.lua,OpenAI Codex,https://github.com/mochilang/mochi/pull/9478,True,generic_perf,False,True
3241749281,tests/machine/x/lua/load_yaml.out,OpenAI Codex,https://github.com/mochilang/mochi/pull/9478,True,generic_perf,False,True
3225717046,.github/workflows/loadtest.yml,OpenAI Codex,https://github.com/MontrealAI/AGI-Alpha-Agent-v0/pull/3269,True,generic_perf,False,True
3118001905,BENCHMARK.md,OpenAI Codex,https://github.com/mochilang/mochi/pull/47,True,generic_perf,False,True
3128262979,src/meta_agent/cli/embedding_benchmark.py,OpenAI Codex,https://github.com/DannyMac180/meta-agent/pull/163,True,generic_perf,False,True
3276228753,tests/json-ast/x/cs/load_jsonl.cs.json,OpenAI Codex,https://github.com/mochilang/mochi/pull/14944,True,generic_perf,False,True
3276228753,tests/json-ast/x/cs/load_yaml.cs.json,OpenAI Codex,https://github.com/mochilang/mochi/pull/14944,True,generic_perf,False,True
3147168755,marin/post_training/load_environments.py,OpenAI Codex,https://github.com/marin-community/marin/pull/1392,True,generic_perf,False,True
3147168755,tests/post_training/test_load_environments.py,OpenAI Codex,https://github.com/marin-community/marin/pull/1392,True,generic_perf,False,True
3217697375,tests/machine/x/cs/load_yaml.cs,OpenAI Codex,https://github.com/mochilang/mochi/pull/7088,True,generic_perf,False,True
3111640319,examples/dbrx-benchmark/promptfooconfig.yaml,OpenAI Codex,https://github.com/promptfoo/promptfoo/pull/4283,True,generic_perf,False,True
3111640319,examples/dbrx-benchmark/promptfooconfig.yaml,OpenAI Codex,https://github.com/promptfoo/promptfoo/pull/4283,True,generic_perf,False,True
3251912937,tests/transpiler/x/cpp/load_jsonl.cpp,OpenAI Codex,https://github.com/mochilang/mochi/pull/11868,True,generic_perf,False,True
3251912937,tests/transpiler/x/cpp/load_jsonl.out,OpenAI Codex,https://github.com/mochilang/mochi/pull/11868,True,generic_perf,False,True
3251912937,tests/transpiler/x/cpp/load_yaml.cpp,OpenAI Codex,https://github.com/mochilang/mochi/pull/11868,True,generic_perf,False,True
3251912937,tests/transpiler/x/cpp/load_yaml.error,OpenAI Codex,https://github.com/mochilang/mochi/pull/11868,True,generic_perf,False,True
3251912937,tests/transpiler/x/cpp/load_yaml.out,OpenAI Codex,https://github.com/mochilang/mochi/pull/11868,True,generic_perf,False,True
3209275252,tests/machine/x/java/load_yaml.error,OpenAI Codex,https://github.com/mochilang/mochi/pull/6098,True,generic_perf,False,True
3121432614,tests/test_embedding_benchmark.py,OpenAI Codex,https://github.com/DannyMac180/meta-agent/pull/156,True,generic_perf,False,True
3238310271,BENCHMARK.md,OpenAI Codex,https://github.com/mochilang/mochi/pull/9135,True,generic_perf,False,True
3185733825,BENCHMARK.md,OpenAI Codex,https://github.com/mochilang/mochi/pull/3931,True,generic_perf,False,True
3240460340,tests/machine/x/scheme/load_yaml.out,OpenAI Codex,https://github.com/mochilang/mochi/pull/9410,True,generic_perf,False,True
3240460340,tests/machine/x/scheme/load_yaml.scm,OpenAI Codex,https://github.com/mochilang/mochi/pull/9410,True,generic_perf,False,True
3215714302,tests/machine/x/php/load_yaml.out,OpenAI Codex,https://github.com/mochilang/mochi/pull/6812,True,generic_perf,False,True
3215714302,tests/machine/x/php/load_yaml.php,OpenAI Codex,https://github.com/mochilang/mochi/pull/6812,True,generic_perf,False,True
3241036190,examples/smolagents_benchmark/model_performance_comparison.png,OpenAI Codex,https://github.com/huggingface/smolagents/pull/1573,True,generic_perf,False,True
3241036190,examples/smolagents_benchmark/score.ipynb,OpenAI Codex,https://github.com/huggingface/smolagents/pull/1573,True,generic_perf,False,True
3241036190,examples/smolagents_benchmark/score.ipynb,OpenAI Codex,https://github.com/huggingface/smolagents/pull/1573,True,generic_perf,False,True
3241036190,examples/smolagents_benchmark/score.ipynb,OpenAI Codex,https://github.com/huggingface/smolagents/pull/1573,True,generic_perf,False,True
3241036190,examples/smolagents_benchmark/score.ipynb,OpenAI Codex,https://github.com/huggingface/smolagents/pull/1573,True,generic_perf,False,True
3241036190,examples/decentralized_smolagents_benchmark copy/run.py,OpenAI Codex,https://github.com/huggingface/smolagents/pull/1573,True,generic_perf,False,True
3241036190,examples/decentralized_smolagents_benchmark copy/score.ipynb,OpenAI Codex,https://github.com/huggingface/smolagents/pull/1573,True,generic_perf,False,True
3241036190,examples/smolagents_benchmark/score.ipynb,OpenAI Codex,https://github.com/huggingface/smolagents/pull/1573,True,generic_perf,False,True
3241036190,examples/decentralized_smolagents_benchmark copy/score.ipynb,OpenAI Codex,https://github.com/huggingface/smolagents/pull/1573,True,generic_perf,False,True
3241036190,examples/decentralized_smolagents_benchmark copy/model_performance_comparison.png,OpenAI Codex,https://github.com/huggingface/smolagents/pull/1573,True,generic_perf,False,True
3241036190,examples/decentralized_smolagents_benchmark copy/run.py,OpenAI Codex,https://github.com/huggingface/smolagents/pull/1573,True,generic_perf,False,True
3241036190,examples/decentralized_smolagents_benchmark copy/score.ipynb,OpenAI Codex,https://github.com/huggingface/smolagents/pull/1573,True,generic_perf,False,True
3181348402,tests/compiler/fortran/load_save_json.f90.out,OpenAI Codex,https://github.com/mochilang/mochi/pull/3604,True,generic_perf,False,True
3211659255,tests/machine/x/rust/load_yaml.error,OpenAI Codex,https://github.com/mochilang/mochi/pull/6390,True,generic_perf,False,True
3247606749,tests/transpiler/x/py/load_yaml.error,OpenAI Codex,https://github.com/mochilang/mochi/pull/11138,True,generic_perf,False,True
3247606749,tests/transpiler/x/py/load_yaml.out,OpenAI Codex,https://github.com/mochilang/mochi/pull/11138,True,generic_perf,False,True
3247606749,tests/transpiler/x/py/load_yaml.py,OpenAI Codex,https://github.com/mochilang/mochi/pull/11138,True,generic_perf,False,True
3211937124,tests/machine/x/scheme/load_yaml.error,OpenAI Codex,https://github.com/mochilang/mochi/pull/6407,True,generic_perf,False,True
3211937124,tests/machine/x/scheme/load_yaml.scm,OpenAI Codex,https://github.com/mochilang/mochi/pull/6407,True,generic_perf,False,True
3205297608,tests/any2mochi/rb/load_save_json.rb.mochi,OpenAI Codex,https://github.com/mochilang/mochi/pull/5331,True,generic_perf,False,True
3242395990,tests/machine/x/php/load_yaml.php,OpenAI Codex,https://github.com/mochilang/mochi/pull/9548,True,generic_perf,False,True
3238787203,tests/machine/x/scala/load_yaml.error,OpenAI Codex,https://github.com/mochilang/mochi/pull/9286,True,generic_perf,False,True
3238787203,tests/machine/x/scala/load_yaml.scala,OpenAI Codex,https://github.com/mochilang/mochi/pull/9286,True,generic_perf,False,True
3168790865,BENCHMARK.md,OpenAI Codex,https://github.com/mochilang/mochi/pull/2734,True,generic_perf,False,True
3181652502,tests/compiler/lua/load_builtin.lua.out,OpenAI Codex,https://github.com/mochilang/mochi/pull/3680,True,generic_perf,False,True
3181652502,tests/compiler/lua/load_jsonl_stdin.lua.out,OpenAI Codex,https://github.com/mochilang/mochi/pull/3680,True,generic_perf,False,True
3181652502,tests/compiler/lua/load_save_json.lua.out,OpenAI Codex,https://github.com/mochilang/mochi/pull/3680,True,generic_perf,False,True
3181652502,tests/compiler/lua/load_yaml.lua.out,OpenAI Codex,https://github.com/mochilang/mochi/pull/3680,True,generic_perf,False,True
3183820232,tests/vm/valid/load_yaml.ir.out,OpenAI Codex,https://github.com/mochilang/mochi/pull/3871,True,generic_perf,False,True
3204101760,tests/compiler/go/load_jsonl_stdin.mochi.error,OpenAI Codex,https://github.com/mochilang/mochi/pull/5130,True,generic_perf,False,True
3204101760,tests/compiler/go/load_save_json.mochi.error,OpenAI Codex,https://github.com/mochilang/mochi/pull/5130,True,generic_perf,False,True
3179982007,tests/compiler/cs/load_json.cs.out,OpenAI Codex,https://github.com/mochilang/mochi/pull/3578,True,generic_perf,False,True
3238535293,tests/machine/x/dart/load_yaml.out,OpenAI Codex,https://github.com/mochilang/mochi/pull/9198,True,generic_perf,False,True
3236768377,tests/machine/x/go/load_yaml.error,OpenAI Codex,https://github.com/mochilang/mochi/pull/9023,True,generic_perf,False,True
3206322542,tests/compiler/cpp/load_save_json.cpp.out,OpenAI Codex,https://github.com/mochilang/mochi/pull/5561,True,generic_perf,False,True
3206322542,tests/compiler/cpp/load_save_jsonl.cpp.out,OpenAI Codex,https://github.com/mochilang/mochi/pull/5561,True,generic_perf,False,True
3251913163,tests/transpiler/x/hs/load_jsonl.hs,OpenAI Codex,https://github.com/mochilang/mochi/pull/11869,True,generic_perf,False,True
3251913163,tests/transpiler/x/hs/load_jsonl.out,OpenAI Codex,https://github.com/mochilang/mochi/pull/11869,True,generic_perf,False,True
3251913163,tests/transpiler/x/hs/load_yaml.error,OpenAI Codex,https://github.com/mochilang/mochi/pull/11869,True,generic_perf,False,True
3251913163,tests/transpiler/x/hs/load_yaml.hs,OpenAI Codex,https://github.com/mochilang/mochi/pull/11869,True,generic_perf,False,True
3251913163,tests/transpiler/x/hs/load_yaml.out,OpenAI Codex,https://github.com/mochilang/mochi/pull/11869,True,generic_perf,False,True
3251913163,tests/vm/valid/load_jsonl.hs.out,OpenAI Codex,https://github.com/mochilang/mochi/pull/11869,True,generic_perf,False,True
3251913163,tests/vm/valid/load_yaml.hs.out,OpenAI Codex,https://github.com/mochilang/mochi/pull/11869,True,generic_perf,False,True
3274692382,tests/json-ast/x/php/load_jsonl.php.json,OpenAI Codex,https://github.com/mochilang/mochi/pull/14781,True,generic_perf,False,True
3274692382,tests/json-ast/x/php/load_yaml.php.json,OpenAI Codex,https://github.com/mochilang/mochi/pull/14781,True,generic_perf,False,True
3250729853,tests/transpiler/x/lua/load_jsonl.lua,OpenAI Codex,https://github.com/mochilang/mochi/pull/11679,True,generic_perf,False,True
3250729853,tests/transpiler/x/lua/load_jsonl.out,OpenAI Codex,https://github.com/mochilang/mochi/pull/11679,True,generic_perf,False,True
3250729853,tests/transpiler/x/lua/load_yaml.error,OpenAI Codex,https://github.com/mochilang/mochi/pull/11679,True,generic_perf,False,True
3250729853,tests/transpiler/x/lua/load_yaml.lua,OpenAI Codex,https://github.com/mochilang/mochi/pull/11679,True,generic_perf,False,True
3250729853,tests/transpiler/x/lua/load_yaml.out,OpenAI Codex,https://github.com/mochilang/mochi/pull/11679,True,generic_perf,False,True
3236869972,tests/machine/x/rust/load_yaml.rs,OpenAI Codex,https://github.com/mochilang/mochi/pull/9052,True,generic_perf,False,True
3107843690,jac/jaclang/compiler/passes/main/pyast_load_pass.py,OpenAI Codex,https://github.com/jaseci-labs/jaseci/pull/2022,True,generic_perf,False,True
3128436332,.github/workflows/loadtest.yml,OpenAI Codex,https://github.com/MontrealAI/AGI-Alpha-Agent-v0/pull/1870,True,generic_perf,False,True
3208426933,tests/human/x/php/load_yaml.php,OpenAI Codex,https://github.com/mochilang/mochi/pull/6043,True,generic_perf,False,True
3188976506,BENCHMARK.md,OpenAI Codex,https://github.com/mochilang/mochi/pull/4267,True,generic_perf,False,True
3078353736,examples/dbrx-benchmark/promptfooconfig.yaml,OpenAI Codex,https://github.com/promptfoo/promptfoo/pull/4104,True,generic_perf,False,True
3206356072,tests/any2mochi/ex/load_save_json.ex.error,OpenAI Codex,https://github.com/mochilang/mochi/pull/5619,True,generic_perf,False,True
3206356072,tests/any2mochi/ex/load_save_json.ex.mochi,OpenAI Codex,https://github.com/mochilang/mochi/pull/5619,True,generic_perf,False,True
3206368152,tests/any2mochi/py/load_save_json.mochi,OpenAI Codex,https://github.com/mochilang/mochi/pull/5644,True,generic_perf,False,True
3246435469,tests/transpiler/x/lua/load_yaml.error,OpenAI Codex,https://github.com/mochilang/mochi/pull/10859,True,generic_perf,False,True
3211653941,tests/machine/x/ts/load_yaml.error,OpenAI Codex,https://github.com/mochilang/mochi/pull/6387,True,generic_perf,False,True
3211653941,tests/machine/x/typescript/load_yaml.error,OpenAI Codex,https://github.com/mochilang/mochi/pull/6387,True,generic_perf,False,True
3084565129,benchmarks/ecs-benchmark.js,OpenAI Codex,https://github.com/elixr-games/elics/pull/37,True,generic_perf,False,True
3084565129,benchmarks/run-benchmark.js,OpenAI Codex,https://github.com/elixr-games/elics/pull/37,True,generic_perf,False,True
3211659018,tests/machine/x/php/load_yaml.error,OpenAI Codex,https://github.com/mochilang/mochi/pull/6389,True,generic_perf,False,True
3088223140,docs/project/benchmarking.md,OpenAI Codex,https://github.com/oven-sh/bun/pull/19884,True,generic_perf,False,True
3238767869,tests/machine/x/erlang/load_yaml.erl,OpenAI Codex,https://github.com/mochilang/mochi/pull/9276,True,generic_perf,False,True
3273206595,tests/a2mochi/x/kt/load_jsonl.mochi,OpenAI Codex,https://github.com/mochilang/mochi/pull/14569,True,generic_perf,False,True
3273206595,tests/a2mochi/x/kt/load_yaml.mochi,OpenAI Codex,https://github.com/mochilang/mochi/pull/14569,True,generic_perf,False,True
3247831361,tests/transpiler/x/st/load_yaml.error,OpenAI Codex,https://github.com/mochilang/mochi/pull/11208,True,generic_perf,False,True
3224851196,tests/machine/x/zig/load_yaml.zig,OpenAI Codex,https://github.com/mochilang/mochi/pull/7907,True,generic_perf,False,True
3227405736,tests/machine/x/python/load_yaml.py,OpenAI Codex,https://github.com/mochilang/mochi/pull/8664,True,generic_perf,False,True
3236479790,tests/vm/valid/load_yaml.php.error,OpenAI Codex,https://github.com/mochilang/mochi/pull/8961,True,generic_perf,False,True
3236479790,tests/vm/valid/load_yaml.php.out,OpenAI Codex,https://github.com/mochilang/mochi/pull/8961,True,generic_perf,False,True
3212081383,tests/machine/x/python/load_yaml.error,OpenAI Codex,https://github.com/mochilang/mochi/pull/6470,True,generic_perf,False,True
3104642458,jac/jaclang/compiler/passes/main/pyast_load_pass.py,OpenAI Codex,https://github.com/jaseci-labs/jaseci/pull/1985,True,generic_perf,False,True
3104642458,jac/jaclang/compiler/passes/main/pyast_load_pass.py,OpenAI Codex,https://github.com/jaseci-labs/jaseci/pull/1985,True,generic_perf,False,True
3236751682,tests/machine/x/ex/load_yaml.error,OpenAI Codex,https://github.com/mochilang/mochi/pull/9021,True,generic_perf,False,True
3236751682,tests/machine/x/ex/load_yaml.exs,OpenAI Codex,https://github.com/mochilang/mochi/pull/9021,True,generic_perf,False,True
3217104316,tests/machine/x/java/load_yaml.error,OpenAI Codex,https://github.com/mochilang/mochi/pull/7045,True,generic_perf,False,True
3248307643,tests/transpiler/x/java/load_yaml.error,OpenAI Codex,https://github.com/mochilang/mochi/pull/11325,True,generic_perf,False,True
3244956117,tests/transpiler/x/swift/load_yaml.error,OpenAI Codex,https://github.com/mochilang/mochi/pull/10008,True,generic_perf,False,True
3228652558,tests/machine/x/ts/load_yaml.ts,OpenAI Codex,https://github.com/mochilang/mochi/pull/8690,True,generic_perf,False,True
3226148468,tests/machine/x/lua/load_yaml.lua,OpenAI Codex,https://github.com/mochilang/mochi/pull/8297,True,generic_perf,False,True
3252162487,tests/transpiler/x/go/load_jsonl.go,OpenAI Codex,https://github.com/mochilang/mochi/pull/11904,True,generic_perf,False,True
3252162487,tests/transpiler/x/go/load_yaml.go,OpenAI Codex,https://github.com/mochilang/mochi/pull/11904,True,generic_perf,False,True
3211937335,tests/machine/x/pascal/load_yaml.error,OpenAI Codex,https://github.com/mochilang/mochi/pull/6408,True,generic_perf,False,True
3211937335,tests/machine/x/pascal/load_yaml.pas,OpenAI Codex,https://github.com/mochilang/mochi/pull/6408,True,generic_perf,False,True
3206323601,tests/any2mochi/ex/load_save_json.ex.error,OpenAI Codex,https://github.com/mochilang/mochi/pull/5563,True,generic_perf,False,True
3206323601,tests/any2mochi/ex/load_save_json.ex.mochi,OpenAI Codex,https://github.com/mochilang/mochi/pull/5563,True,generic_perf,False,True
3274389172,tests/a2mochi/x/clj/load_yaml.ast,OpenAI Codex,https://github.com/mochilang/mochi/pull/14714,True,generic_perf,False,True
3274389172,tests/a2mochi/x/clj/load_yaml.error,OpenAI Codex,https://github.com/mochilang/mochi/pull/14714,True,generic_perf,False,True
3274389172,tests/a2mochi/x/clj/load_yaml.mochi,OpenAI Codex,https://github.com/mochilang/mochi/pull/14714,True,generic_perf,False,True
3105341695,jac/jaclang/compiler/passes/main/pyast_load_pass.py,OpenAI Codex,https://github.com/jaseci-labs/jaseci/pull/1990,True,generic_perf,False,True
3228014337,tests/machine/x/go/load_yaml.go,OpenAI Codex,https://github.com/mochilang/mochi/pull/8685,True,generic_perf,False,True
3181345221,tests/compiler/lua/load_builtin.lua.out,OpenAI Codex,https://github.com/mochilang/mochi/pull/3601,True,generic_perf,False,True
3181345221,tests/compiler/lua/load_jsonl_stdin.lua.out,OpenAI Codex,https://github.com/mochilang/mochi/pull/3601,True,generic_perf,False,True
3181345221,tests/compiler/lua/load_save_json.lua.out,OpenAI Codex,https://github.com/mochilang/mochi/pull/3601,True,generic_perf,False,True
3181345221,tests/compiler/lua/load_yaml.lua.out,OpenAI Codex,https://github.com/mochilang/mochi/pull/3601,True,generic_perf,False,True
3245356254,tests/transpiler/x/dart/load_yaml.error,OpenAI Codex,https://github.com/mochilang/mochi/pull/10278,True,generic_perf,False,True
3242176894,tests/machine/x/java/load_yaml.java,OpenAI Codex,https://github.com/mochilang/mochi/pull/9506,True,generic_perf,False,True
3205350936,tests/any2mochi/scheme/load_jsonl_stdin.scm.mochi,OpenAI Codex,https://github.com/mochilang/mochi/pull/5368,True,generic_perf,False,True
3205350936,tests/any2mochi/scheme/load_save_json.scm.mochi,OpenAI Codex,https://github.com/mochilang/mochi/pull/5368,True,generic_perf,False,True
3217082359,tests/machine/x/scala/load_yaml.error,OpenAI Codex,https://github.com/mochilang/mochi/pull/7036,True,generic_perf,False,True
3226161772,tests/machine/x/ocaml/load_yaml.ml,OpenAI Codex,https://github.com/mochilang/mochi/pull/8326,True,generic_perf,False,True
3204804938,tests/any2mochi/go/load_jsonl_stdin.error,OpenAI Codex,https://github.com/mochilang/mochi/pull/5189,True,generic_perf,False,True
3204804938,tests/any2mochi/go/load_save_json.error,OpenAI Codex,https://github.com/mochilang/mochi/pull/5189,True,generic_perf,False,True
3204804938,tests/any2mochi/py/load_save_json.error,OpenAI Codex,https://github.com/mochilang/mochi/pull/5189,True,generic_perf,False,True
3204804938,tests/any2mochi/py/load_save_json.py.error,OpenAI Codex,https://github.com/mochilang/mochi/pull/5189,True,generic_perf,False,True
3204804938,tests/any2mochi/ts/load_json_stdin.ts.error,OpenAI Codex,https://github.com/mochilang/mochi/pull/5189,True,generic_perf,False,True
3204804938,tests/any2mochi/ts/load_jsonl_stdin.ts.error,OpenAI Codex,https://github.com/mochilang/mochi/pull/5189,True,generic_perf,False,True
3273513750,tests/a2mochi/x/go/load_jsonl.error,OpenAI Codex,https://github.com/mochilang/mochi/pull/14613,True,generic_perf,False,True
3273513750,tests/a2mochi/x/go/load_yaml.error,OpenAI Codex,https://github.com/mochilang/mochi/pull/14613,True,generic_perf,False,True
3275817362,tests/json-ast/x/rkt/load_jsonl.rkt.json,OpenAI Codex,https://github.com/mochilang/mochi/pull/14823,True,generic_perf,False,True
3275817362,tests/json-ast/x/rkt/load_yaml.rkt.json,OpenAI Codex,https://github.com/mochilang/mochi/pull/14823,True,generic_perf,False,True
3210678471,tests/machine/x/fortran/load_yaml.error,OpenAI Codex,https://github.com/mochilang/mochi/pull/6233,True,generic_perf,False,True
3273807722,tests/a2mochi/x/zig/load_jsonl.error,OpenAI Codex,https://github.com/mochilang/mochi/pull/14648,True,generic_perf,False,True
3273807722,tests/a2mochi/x/zig/load_yaml.error,OpenAI Codex,https://github.com/mochilang/mochi/pull/14648,True,generic_perf,False,True
3141941138,examples/leetcode/download_test.mochi,OpenAI Codex,https://github.com/mochilang/mochi/pull/475,True,generic_perf,False,True
3245851618,tests/transpiler/x/rs/load_yaml.error,OpenAI Codex,https://github.com/mochilang/mochi/pull/10433,True,generic_perf,False,True
3217101570,tests/machine/x/racket/load_yaml.error,OpenAI Codex,https://github.com/mochilang/mochi/pull/7043,True,generic_perf,False,True
3217101570,tests/machine/x/racket/load_yaml.out,OpenAI Codex,https://github.com/mochilang/mochi/pull/7043,True,generic_perf,False,True
3217101570,tests/machine/x/racket/load_yaml.rkt,OpenAI Codex,https://github.com/mochilang/mochi/pull/7043,True,generic_perf,False,True
3203962578,.github/workflows/loadtest.yml,OpenAI Codex,https://github.com/MontrealAI/AGI-Alpha-Agent-v0/pull/2970,True,generic_perf,False,True
3178148570,tests/compiler/rust/load_save_json.mochi,OpenAI Codex,https://github.com/mochilang/mochi/pull/3467,True,generic_perf,False,True
3178148570,tests/compiler/rust/load_save_json.rs.out,OpenAI Codex,https://github.com/mochilang/mochi/pull/3467,True,generic_perf,False,True
3202643950,tests/compiler/py/load_save_json.py.out,OpenAI Codex,https://github.com/mochilang/mochi/pull/5031,True,generic_perf,False,True
3251673767,tests/transpiler/x/scala/load_jsonl.out,OpenAI Codex,https://github.com/mochilang/mochi/pull/11859,True,generic_perf,False,True
3251673767,tests/transpiler/x/scala/load_jsonl.scala,OpenAI Codex,https://github.com/mochilang/mochi/pull/11859,True,generic_perf,False,True
3251673767,tests/transpiler/x/scala/load_yaml.out,OpenAI Codex,https://github.com/mochilang/mochi/pull/11859,True,generic_perf,False,True
3251673767,tests/transpiler/x/scala/load_yaml.scala,OpenAI Codex,https://github.com/mochilang/mochi/pull/11859,True,generic_perf,False,True
3206584110,tests/any2mochi/scala/load_save_json.scala.error,OpenAI Codex,https://github.com/mochilang/mochi/pull/5684,True,generic_perf,False,True
3206584110,tests/any2mochi/scala/load_save_json.scala.mochi,OpenAI Codex,https://github.com/mochilang/mochi/pull/5684,True,generic_perf,False,True
3242396067,tests/machine/x/pascal/load_yaml.error,OpenAI Codex,https://github.com/mochilang/mochi/pull/9549,True,generic_perf,False,True
3121603815,.github/workflows/benchmark.yml,OpenAI Codex,https://github.com/gofiber/fiber/pull/3505,True,generic_perf,False,True
3075592948,jac/jaclang/compiler/passes/main/pyast_load_pass.py,OpenAI Codex,https://github.com/jaseci-labs/jaseci/pull/1897,True,generic_perf,False,True
3075592948,jac/jaclang/compiler/passes/main/pyast_load_pass.py,OpenAI Codex,https://github.com/jaseci-labs/jaseci/pull/1897,True,generic_perf,False,True
3163168225,cmd/daemon/reload_test.go,OpenAI Codex,https://github.com/jkroepke/openvpn-auth-oauth2/pull/538,True,generic_perf,False,True
3247872651,tests/transpiler/x/clj/load_yaml.error,OpenAI Codex,https://github.com/mochilang/mochi/pull/11227,True,generic_perf,False,True
3104350503,jac/jaclang/compiler/passes/main/pyast_load_pass.py,OpenAI Codex,https://github.com/jaseci-labs/jaseci/pull/1978,True,generic_perf,False,True
3104350503,jac/jaclang/compiler/passes/main/pyast_load_pass.py,OpenAI Codex,https://github.com/jaseci-labs/jaseci/pull/1978,True,generic_perf,False,True
3104350503,jac/jaclang/compiler/passes/main/pyast_load_pass.py,OpenAI Codex,https://github.com/jaseci-labs/jaseci/pull/1978,True,generic_perf,False,True
3104350503,jac/jaclang/compiler/passes/main/pyast_load_pass.py,OpenAI Codex,https://github.com/jaseci-labs/jaseci/pull/1978,True,generic_perf,False,True
3104350503,jac/jaclang/compiler/passes/main/pyast_load_pass.py,OpenAI Codex,https://github.com/jaseci-labs/jaseci/pull/1978,True,generic_perf,False,True
3104350503,jac/jaclang/compiler/passes/main/pyast_load_pass.py,OpenAI Codex,https://github.com/jaseci-labs/jaseci/pull/1978,True,generic_perf,False,True
3104350503,jac/jaclang/compiler/passes/main/pyast_load_pass.py,OpenAI Codex,https://github.com/jaseci-labs/jaseci/pull/1978,True,generic_perf,False,True
3104350503,jac/jaclang/compiler/passes/main/pyast_load_pass.py,OpenAI Codex,https://github.com/jaseci-labs/jaseci/pull/1978,True,generic_perf,False,True
3104350503,jac/jaclang/compiler/passes/main/pyast_load_pass.py,OpenAI Codex,https://github.com/jaseci-labs/jaseci/pull/1978,True,generic_perf,False,True
3104350503,jac/jaclang/compiler/passes/main/pyast_load_pass.py,OpenAI Codex,https://github.com/jaseci-labs/jaseci/pull/1978,True,generic_perf,False,True
3104350503,jac/jaclang/compiler/passes/main/pyast_load_pass.py,OpenAI Codex,https://github.com/jaseci-labs/jaseci/pull/1978,True,generic_perf,False,True
3104350503,jac/jaclang/compiler/passes/main/pyast_load_pass.py,OpenAI Codex,https://github.com/jaseci-labs/jaseci/pull/1978,True,generic_perf,False,True
3104350503,jac/jaclang/compiler/passes/main/pyast_load_pass.py,OpenAI Codex,https://github.com/jaseci-labs/jaseci/pull/1978,True,generic_perf,False,True
3104350503,jac/jaclang/compiler/passes/main/pyast_load_pass.py,OpenAI Codex,https://github.com/jaseci-labs/jaseci/pull/1978,True,generic_perf,False,True
3104350503,jac/jaclang/compiler/passes/main/pyast_load_pass.py,OpenAI Codex,https://github.com/jaseci-labs/jaseci/pull/1978,True,generic_perf,False,True
3104350503,jac/jaclang/compiler/passes/main/pyast_load_pass.py,OpenAI Codex,https://github.com/jaseci-labs/jaseci/pull/1978,True,generic_perf,False,True
3104350503,jac/jaclang/compiler/passes/main/pyast_load_pass.py,OpenAI Codex,https://github.com/jaseci-labs/jaseci/pull/1978,True,generic_perf,False,True
3223962619,.github/workflows/loadtest.yml,OpenAI Codex,https://github.com/MontrealAI/AGI-Alpha-Agent-v0/pull/3224,True,generic_perf,False,True
3238431523,tests/machine/x/php/load_yaml.php,OpenAI Codex,https://github.com/mochilang/mochi/pull/9185,True,generic_perf,False,True
3241057566,benchmarks/auto_tune/README.md,OpenAI Codex,https://github.com/vllm-project/vllm/pull/21146,True,generic_perf,False,True
3241057566,benchmarks/auto_tune/auto_tune.sh,OpenAI Codex,https://github.com/vllm-project/vllm/pull/21146,True,generic_perf,False,True
3241057566,benchmarks/benchmark_serving.py,OpenAI Codex,https://github.com/vllm-project/vllm/pull/21146,True,generic_perf,False,True
3241057566,benchmarks/kernels/benchmark_grouped_gemm_cutlass.py,OpenAI Codex,https://github.com/vllm-project/vllm/pull/21146,True,generic_perf,False,True
3241057566,benchmarks/kernels/benchmark_moe.py,OpenAI Codex,https://github.com/vllm-project/vllm/pull/21146,True,generic_perf,False,True
3241057566,benchmarks/kernels/benchmark_moe_align_block_size.py,OpenAI Codex,https://github.com/vllm-project/vllm/pull/21146,True,generic_perf,False,True
3241057566,benchmarks/kernels/benchmark_moe_permute_unpermute.py,OpenAI Codex,https://github.com/vllm-project/vllm/pull/21146,True,generic_perf,False,True
3241057566,benchmarks/kv_cache/benchmark_block_pool.py,OpenAI Codex,https://github.com/vllm-project/vllm/pull/21146,True,generic_perf,False,True
3241057566,tests/model_executor/test_model_load_with_params.py,OpenAI Codex,https://github.com/vllm-project/vllm/pull/21146,True,generic_perf,False,True
3241057566,vllm/benchmarks/serve.py,OpenAI Codex,https://github.com/vllm-project/vllm/pull/21146,True,generic_perf,False,True
3206204994,tests/any2mochi/py/load_save_json.error,OpenAI Codex,https://github.com/mochilang/mochi/pull/5498,True,generic_perf,False,True
3206204994,tests/any2mochi/py/load_save_json.mochi,OpenAI Codex,https://github.com/mochilang/mochi/pull/5498,True,generic_perf,False,True
3206586433,tests/any2mochi/scala/load_save_json.scala.error,OpenAI Codex,https://github.com/mochilang/mochi/pull/5686,True,generic_perf,False,True
3206586433,tests/any2mochi/scala/load_save_json.scala.mochi,OpenAI Codex,https://github.com/mochilang/mochi/pull/5686,True,generic_perf,False,True
3225287448,tests/machine/x/clj/load_yaml.clj,OpenAI Codex,https://github.com/mochilang/mochi/pull/8019,True,generic_perf,False,True
3225287448,tests/machine/x/clj/load_yaml.error,OpenAI Codex,https://github.com/mochilang/mochi/pull/8019,True,generic_perf,False,True
3177890631,tests/compiler/dart/load_csv_to_json.dart.out,OpenAI Codex,https://github.com/mochilang/mochi/pull/3443,True,generic_perf,False,True
3177890631,tests/compiler/dart/load_csv_to_json.mochi,OpenAI Codex,https://github.com/mochilang/mochi/pull/3443,True,generic_perf,False,True
3177890631,tests/compiler/dart/load_csv_to_json.out,OpenAI Codex,https://github.com/mochilang/mochi/pull/3443,True,generic_perf,False,True
3177890631,tests/compiler/dart/load_jsonl_to_csv.dart.out,OpenAI Codex,https://github.com/mochilang/mochi/pull/3443,True,generic_perf,False,True
3177890631,tests/compiler/dart/load_jsonl_to_csv.mochi,OpenAI Codex,https://github.com/mochilang/mochi/pull/3443,True,generic_perf,False,True
3177890631,tests/compiler/dart/load_jsonl_to_csv.out,OpenAI Codex,https://github.com/mochilang/mochi/pull/3443,True,generic_perf,False,True
3206263545,tests/any2mochi/ocaml/load_save_json.mochi,OpenAI Codex,https://github.com/mochilang/mochi/pull/5544,True,generic_perf,False,True
3206263545,tests/any2mochi/ocaml/load_save_json_file.mochi,OpenAI Codex,https://github.com/mochilang/mochi/pull/5544,True,generic_perf,False,True
3181363574,tests/compiler/lua/load_builtin.lua.out,OpenAI Codex,https://github.com/mochilang/mochi/pull/3610,True,generic_perf,False,True
3181363574,tests/compiler/lua/load_jsonl_stdin.lua.out,OpenAI Codex,https://github.com/mochilang/mochi/pull/3610,True,generic_perf,False,True
3181363574,tests/compiler/lua/load_save_json.lua.out,OpenAI Codex,https://github.com/mochilang/mochi/pull/3610,True,generic_perf,False,True
3181363574,tests/compiler/lua/load_yaml.lua.out,OpenAI Codex,https://github.com/mochilang/mochi/pull/3610,True,generic_perf,False,True
3207515162,tests/human/x/cs/load_yaml.cs,OpenAI Codex,https://github.com/mochilang/mochi/pull/5892,True,generic_perf,False,True
3154014605,.github/workflows/test_benchmark_collection_models.yml,OpenAI Codex,https://github.com/AMICI-dev/AMICI/pull/2794,True,generic_perf,False,True
3154014605,tests/benchmark-models/__init__.py,OpenAI Codex,https://github.com/AMICI-dev/AMICI/pull/2794,True,generic_perf,False,True
3154014605,tests/benchmark-models/test_petab_benchmark.py,OpenAI Codex,https://github.com/AMICI-dev/AMICI/pull/2794,True,generic_perf,False,True
3154014605,tests/benchmark-models/test_petab_benchmark_jax.py,OpenAI Codex,https://github.com/AMICI-dev/AMICI/pull/2794,True,generic_perf,False,True
3154014605,.github/workflows/test_benchmark_collection_models.yml,OpenAI Codex,https://github.com/AMICI-dev/AMICI/pull/2794,True,generic_perf,False,True
3154014605,tests/benchmark-models/test_petab_benchmark_jax.py,OpenAI Codex,https://github.com/AMICI-dev/AMICI/pull/2794,True,generic_perf,False,True
3154014605,tests/benchmark-models/__init__.py,OpenAI Codex,https://github.com/AMICI-dev/AMICI/pull/2794,True,generic_perf,False,True
3154014605,tests/benchmark-models/conftest.py,OpenAI Codex,https://github.com/AMICI-dev/AMICI/pull/2794,True,generic_perf,False,True
3154014605,tests/benchmark-models/test_petab_benchmark.py,OpenAI Codex,https://github.com/AMICI-dev/AMICI/pull/2794,True,generic_perf,False,True
3154014605,tests/benchmark-models/test_petab_benchmark_jax.py,OpenAI Codex,https://github.com/AMICI-dev/AMICI/pull/2794,True,generic_perf,False,True
3154014605,tests/benchmark-models/conftest.py,OpenAI Codex,https://github.com/AMICI-dev/AMICI/pull/2794,True,generic_perf,False,True
3154014605,tests/benchmark-models/test_petab_benchmark_jax.py,OpenAI Codex,https://github.com/AMICI-dev/AMICI/pull/2794,True,generic_perf,False,True
3164965784,tests/compiler/lua/load_builtin.lua.out,OpenAI Codex,https://github.com/mochilang/mochi/pull/2505,True,generic_perf,False,True
3164965784,tests/compiler/lua/load_jsonl_stdin.lua.out,OpenAI Codex,https://github.com/mochilang/mochi/pull/2505,True,generic_perf,False,True
3164965784,tests/compiler/lua/load_yaml.lua.out,OpenAI Codex,https://github.com/mochilang/mochi/pull/2505,True,generic_perf,False,True
3204011769,tests/compiler/py/load_save_json.error,OpenAI Codex,https://github.com/mochilang/mochi/pull/5119,True,generic_perf,False,True
3237855070,tests/machine/x/dart/load_yaml.dart,OpenAI Codex,https://github.com/mochilang/mochi/pull/9125,True,generic_perf,False,True
3237855070,tests/machine/x/dart/load_yaml.error,OpenAI Codex,https://github.com/mochilang/mochi/pull/9125,True,generic_perf,False,True
3206340940,tests/any2mochi/rkt/load_save_json.rkt.mochi,OpenAI Codex,https://github.com/mochilang/mochi/pull/5602,True,generic_perf,False,True
3206340940,tests/compiler/rkt/load_save_json.rkt.out,OpenAI Codex,https://github.com/mochilang/mochi/pull/5602,True,generic_perf,False,True
3236963289,tests/machine/x/c/load_yaml.c,OpenAI Codex,https://github.com/mochilang/mochi/pull/9066,True,generic_perf,False,True
3236963289,tests/machine/x/c/load_yaml.error,OpenAI Codex,https://github.com/mochilang/mochi/pull/9066,True,generic_perf,False,True
3237870539,BENCHMARK.md,OpenAI Codex,https://github.com/mochilang/mochi/pull/9130,True,generic_perf,False,True
3207903925,tests/human/x/python/load_yaml.py,OpenAI Codex,https://github.com/mochilang/mochi/pull/5972,True,generic_perf,False,True
3071443553,site/docs/guides/cohere-command-r-benchmark.md,OpenAI Codex,https://github.com/promptfoo/promptfoo/pull/4067,True,generic_perf,False,True
3071443553,site/docs/guides/dbrx-benchmark.md,OpenAI Codex,https://github.com/promptfoo/promptfoo/pull/4067,True,generic_perf,False,True
3071443553,site/docs/guides/deepseek-benchmark.md,OpenAI Codex,https://github.com/promptfoo/promptfoo/pull/4067,True,generic_perf,False,True
3071443553,site/docs/guides/llama2-uncensored-benchmark-ollama.md,OpenAI Codex,https://github.com/promptfoo/promptfoo/pull/4067,True,generic_perf,False,True
3071443553,site/docs/guides/qwen-benchmark.md,OpenAI Codex,https://github.com/promptfoo/promptfoo/pull/4067,True,generic_perf,False,True
3205352168,tests/any2mochi/swift/load_save_json.swift.error,OpenAI Codex,https://github.com/mochilang/mochi/pull/5370,True,generic_perf,False,True
3205352168,tests/any2mochi/swift/load_save_json.swift.mochi,OpenAI Codex,https://github.com/mochilang/mochi/pull/5370,True,generic_perf,False,True
3078851092,benchmarks/becsy.js,OpenAI Codex,https://github.com/elixr-games/elics/pull/29,True,generic_perf,False,True
3078851092,benchmarks/bench-util.js,OpenAI Codex,https://github.com/elixr-games/elics/pull/29,True,generic_perf,False,True
3078851092,benchmarks/bitecs.js,OpenAI Codex,https://github.com/elixr-games/elics/pull/29,True,generic_perf,False,True
3078851092,benchmarks/ecs-benchmark.js,OpenAI Codex,https://github.com/elixr-games/elics/pull/29,True,generic_perf,False,True
3078851092,benchmarks/ecsy.js,OpenAI Codex,https://github.com/elixr-games/elics/pull/29,True,generic_perf,False,True
3078851092,benchmarks/elics.js,OpenAI Codex,https://github.com/elixr-games/elics/pull/29,True,generic_perf,False,True
3078851092,benchmarks/koota.js,OpenAI Codex,https://github.com/elixr-games/elics/pull/29,True,generic_perf,False,True
3078851092,docs/benchmarks.md,OpenAI Codex,https://github.com/elixr-games/elics/pull/29,True,generic_perf,False,True
3078851092,benchmarks/ecs-benchmark.js,OpenAI Codex,https://github.com/elixr-games/elics/pull/29,True,generic_perf,False,True
3078851092,docs/benchmarks.md,OpenAI Codex,https://github.com/elixr-games/elics/pull/29,True,generic_perf,False,True
3222840878,tests/machine/x/php/load_yaml.out,OpenAI Codex,https://github.com/mochilang/mochi/pull/7793,True,generic_perf,False,True
3206262840,tests/any2mochi/erl/load_save_json.erl.error,OpenAI Codex,https://github.com/mochilang/mochi/pull/5536,True,generic_perf,False,True
3206262840,tests/any2mochi/erl/load_save_json.erl.mochi,OpenAI Codex,https://github.com/mochilang/mochi/pull/5536,True,generic_perf,False,True
3162915457,cmd/daemon/reload_test.go,OpenAI Codex,https://github.com/jkroepke/openvpn-auth-oauth2/pull/536,True,generic_perf,False,True
3206354892,tests/any2mochi/cs/load_json.cs.mochi,OpenAI Codex,https://github.com/mochilang/mochi/pull/5615,True,generic_perf,False,True
3236610277,tests/machine/x/cobol/load_yaml.error,OpenAI Codex,https://github.com/mochilang/mochi/pull/8981,True,generic_perf,False,True
3207800700,tests/human/x/scala/load_yaml.scala,OpenAI Codex,https://github.com/mochilang/mochi/pull/5938,True,generic_perf,False,True
3236961379,tests/machine/x/python/load_yaml.py,OpenAI Codex,https://github.com/mochilang/mochi/pull/9065,True,generic_perf,False,True
3206585325,tests/any2mochi/php/load_save_json.php.mochi,OpenAI Codex,https://github.com/mochilang/mochi/pull/5685,True,generic_perf,False,True
3210876841,tests/machine/x/ts/load_yaml.error,OpenAI Codex,https://github.com/mochilang/mochi/pull/6328,True,generic_perf,False,True
3128484287,benchmarks/user/make-pbs.py,OpenAI Codex,https://github.com/devitocodes/devito/pull/2625,True,generic_perf,False,True
3128484287,benchmarks/user/make-pbs.py,OpenAI Codex,https://github.com/devitocodes/devito/pull/2625,True,generic_perf,False,True
3128484287,benchmarks/user/make-pbs.py,OpenAI Codex,https://github.com/devitocodes/devito/pull/2625,True,generic_perf,False,True
3128484287,benchmarks/user/make-pbs.py,OpenAI Codex,https://github.com/devitocodes/devito/pull/2625,True,generic_perf,False,True
3128484287,benchmarks/user/advisor/README.md,OpenAI Codex,https://github.com/devitocodes/devito/pull/2625,True,generic_perf,False,True
3181238013,tests/compiler/go/load_jsonl_stdin.go.out,OpenAI Codex,https://github.com/mochilang/mochi/pull/3588,True,generic_perf,False,True
3181238013,tests/compiler/go/load_save_json.go.out,OpenAI Codex,https://github.com/mochilang/mochi/pull/3588,True,generic_perf,False,True
3236667908,tests/machine/x/fs/load_yaml.error,OpenAI Codex,https://github.com/mochilang/mochi/pull/8994,True,generic_perf,False,True
3236667908,tests/machine/x/fs/load_yaml.fs,OpenAI Codex,https://github.com/mochilang/mochi/pull/8994,True,generic_perf,False,True
3077584749,benchmarks/ecs-benchmark.js,OpenAI Codex,https://github.com/elixr-games/elics/pull/10,True,generic_perf,False,True
3106456280,jac/jaclang/compiler/passes/main/pyast_load_pass.py,OpenAI Codex,https://github.com/jaseci-labs/jaseci/pull/2013,True,generic_perf,False,True
3181268855,tests/compiler/c/load_save_json.c.out,OpenAI Codex,https://github.com/mochilang/mochi/pull/3593,True,generic_perf,False,True
3274500343,tests/a2mochi/x/php/load_jsonl.error,OpenAI Codex,https://github.com/mochilang/mochi/pull/14757,True,generic_perf,False,True
3274500343,tests/a2mochi/x/php/load_yaml.error,OpenAI Codex,https://github.com/mochilang/mochi/pull/14757,True,generic_perf,False,True
3198195653,BENCHMARK.md,OpenAI Codex,https://github.com/mochilang/mochi/pull/4807,True,generic_perf,False,True
3204686854,tests/any2mochi/py/load_save_json.error,OpenAI Codex,https://github.com/mochilang/mochi/pull/5174,True,generic_perf,False,True
3204686854,tests/any2mochi/py/load_save_json.mochi,OpenAI Codex,https://github.com/mochilang/mochi/pull/5174,True,generic_perf,False,True
3204686854,tests/any2mochi/py/load_save_json.py.mochi,OpenAI Codex,https://github.com/mochilang/mochi/pull/5174,True,generic_perf,False,True
3236783530,tests/compiler/py/load_save_json.py.out,OpenAI Codex,https://github.com/mochilang/mochi/pull/9026,True,generic_perf,False,True
3236783530,tests/machine/x/python/load_yaml.error,OpenAI Codex,https://github.com/mochilang/mochi/pull/9026,True,generic_perf,False,True
3236783530,tests/machine/x/python/load_yaml.py,OpenAI Codex,https://github.com/mochilang/mochi/pull/9026,True,generic_perf,False,True
3249111262,tests/transpiler/x/php/load_yaml.error,OpenAI Codex,https://github.com/mochilang/mochi/pull/11490,True,generic_perf,False,True
3249111262,tests/transpiler/x/php/load_yaml.out,OpenAI Codex,https://github.com/mochilang/mochi/pull/11490,True,generic_perf,False,True
3249111262,tests/transpiler/x/php/load_yaml.php,OpenAI Codex,https://github.com/mochilang/mochi/pull/11490,True,generic_perf,False,True
3181418896,tests/compiler/ts/load_json_stdin.ts.out,OpenAI Codex,https://github.com/mochilang/mochi/pull/3628,True,generic_perf,False,True
3181418896,tests/compiler/ts/load_jsonl_stdin.ts.out,OpenAI Codex,https://github.com/mochilang/mochi/pull/3628,True,generic_perf,False,True
3094493266,.github/workflows/loadtest.yml,OpenAI Codex,https://github.com/MontrealAI/AGI-Alpha-Agent-v0/pull/992,True,generic_perf,False,True
3094493266,tools/loadtest/insight.js,OpenAI Codex,https://github.com/MontrealAI/AGI-Alpha-Agent-v0/pull/992,True,generic_perf,False,True
3206373777,tests/any2mochi/pas/load_save_json.error,OpenAI Codex,https://github.com/mochilang/mochi/pull/5661,True,generic_perf,False,True
3206373777,tests/any2mochi/pas/load_save_json.mochi,OpenAI Codex,https://github.com/mochilang/mochi/pull/5661,True,generic_perf,False,True
3084105009,docs/benchmarks.md,OpenAI Codex,https://github.com/elixr-games/elics/pull/36,True,generic_perf,False,True
3204884748,.github/workflows/loadtest.yml,OpenAI Codex,https://github.com/MontrealAI/AGI-Alpha-Agent-v0/pull/2981,True,generic_perf,False,True
3236612282,tests/machine/x/clj/load_yaml.clj,OpenAI Codex,https://github.com/mochilang/mochi/pull/8982,True,generic_perf,False,True
3236612282,tests/machine/x/clj/load_yaml.error,OpenAI Codex,https://github.com/mochilang/mochi/pull/8982,True,generic_perf,False,True
3101858317,examples/dbrx-benchmark/promptfooconfig.yaml,OpenAI Codex,https://github.com/promptfoo/promptfoo/pull/4249,True,generic_perf,False,True
3101858317,site/docs/guides/llama2-uncensored-benchmark-ollama.md,OpenAI Codex,https://github.com/promptfoo/promptfoo/pull/4249,True,generic_perf,False,True
3273277605,tests/a2mochi/x/ts/load_jsonl.ast,OpenAI Codex,https://github.com/mochilang/mochi/pull/14605,True,generic_perf,False,True
3273277605,tests/a2mochi/x/ts/load_jsonl.mochi,OpenAI Codex,https://github.com/mochilang/mochi/pull/14605,True,generic_perf,False,True
3273277605,tests/a2mochi/x/ts/load_yaml.ast,OpenAI Codex,https://github.com/mochilang/mochi/pull/14605,True,generic_perf,False,True
3273277605,tests/a2mochi/x/ts/load_yaml.mochi,OpenAI Codex,https://github.com/mochilang/mochi/pull/14605,True,generic_perf,False,True
3241686606,tests/machine/x/python/load_yaml.py,OpenAI Codex,https://github.com/mochilang/mochi/pull/9432,True,generic_perf,False,True
3105281819,benchmarks/simple_benchmark.py,OpenAI Codex,https://github.com/beowolx/rensa/pull/25,True,generic_perf,False,True
3134402156,examples/v0.6/load_save_stdinout.mochi,OpenAI Codex,https://github.com/mochilang/mochi/pull/355,True,generic_perf,False,True
3134402156,tests/parser/valid/load_save_stdinout.golden,OpenAI Codex,https://github.com/mochilang/mochi/pull/355,True,generic_perf,False,True
3134402156,tests/parser/valid/load_save_stdinout.mochi,OpenAI Codex,https://github.com/mochilang/mochi/pull/355,True,generic_perf,False,True
3238758398,tests/machine/x/scheme/load_yaml.error,OpenAI Codex,https://github.com/mochilang/mochi/pull/9272,True,generic_perf,False,True
3238758398,tests/machine/x/scheme/load_yaml.scm,OpenAI Codex,https://github.com/mochilang/mochi/pull/9272,True,generic_perf,False,True
3203961663,tests/compiler/ts/load_json_stdin.error,OpenAI Codex,https://github.com/mochilang/mochi/pull/5115,True,generic_perf,False,True
3203961663,tests/compiler/ts/load_json_stdin.mochi.out,OpenAI Codex,https://github.com/mochilang/mochi/pull/5115,True,generic_perf,False,True
3203961663,tests/compiler/ts/load_jsonl_stdin.error,OpenAI Codex,https://github.com/mochilang/mochi/pull/5115,True,generic_perf,False,True
3203961663,tests/compiler/ts/load_jsonl_stdin.mochi.out,OpenAI Codex,https://github.com/mochilang/mochi/pull/5115,True,generic_perf,False,True
3236702369,tests/machine/x/st/load_yaml.error,OpenAI Codex,https://github.com/mochilang/mochi/pull/9007,True,generic_perf,False,True
3236702369,tests/machine/x/st/load_yaml.st,OpenAI Codex,https://github.com/mochilang/mochi/pull/9007,True,generic_perf,False,True
3181654346,tests/compiler/pas/load_save_json.pas.out,OpenAI Codex,https://github.com/mochilang/mochi/pull/3683,True,generic_perf,False,True
3216921777,tests/machine/x/zig/load_yaml.zig,OpenAI Codex,https://github.com/mochilang/mochi/pull/6989,True,generic_perf,False,True
3206778002,tests/compiler/pas/load_save_json.pas.out,OpenAI Codex,https://github.com/mochilang/mochi/pull/5815,True,generic_perf,False,True
3208844602,tests/human/x/hs/load_yaml.hs,OpenAI Codex,https://github.com/mochilang/mochi/pull/6078,True,generic_perf,False,True
3178103987,tests/compiler/cobol/load_save_json.cob.out,OpenAI Codex,https://github.com/mochilang/mochi/pull/3450,True,generic_perf,False,True
3178103987,tests/compiler/cobol/load_save_json.mochi,OpenAI Codex,https://github.com/mochilang/mochi/pull/3450,True,generic_perf,False,True
3178103987,tests/compiler/cobol/load_save_json.out,OpenAI Codex,https://github.com/mochilang/mochi/pull/3450,True,generic_perf,False,True
3214423323,tests/machine/x/rust/load_yaml.error,OpenAI Codex,https://github.com/mochilang/mochi/pull/6594,True,generic_perf,False,True
3181362963,tests/compiler/java/load_save_json.java.out,OpenAI Codex,https://github.com/mochilang/mochi/pull/3609,True,generic_perf,False,True
3236682482,tests/machine/x/rust/load_yaml.rs,OpenAI Codex,https://github.com/mochilang/mochi/pull/9000,True,generic_perf,False,True
3165171000,benchmarks/docker_runner.py,OpenAI Codex,https://github.com/MontrealAI/AGI-Alpha-Agent-v0/pull/2462,True,generic_perf,False,True
3165171000,benchmarks/poly_mini/__init__.py,OpenAI Codex,https://github.com/MontrealAI/AGI-Alpha-Agent-v0/pull/2462,True,generic_perf,False,True
3165171000,benchmarks/poly_mini/task_001.py,OpenAI Codex,https://github.com/MontrealAI/AGI-Alpha-Agent-v0/pull/2462,True,generic_perf,False,True
3165171000,benchmarks/poly_mini/task_002.py,OpenAI Codex,https://github.com/MontrealAI/AGI-Alpha-Agent-v0/pull/2462,True,generic_perf,False,True
3165171000,benchmarks/poly_mini/task_003.py,OpenAI Codex,https://github.com/MontrealAI/AGI-Alpha-Agent-v0/pull/2462,True,generic_perf,False,True
3165171000,benchmarks/poly_mini/task_004.py,OpenAI Codex,https://github.com/MontrealAI/AGI-Alpha-Agent-v0/pull/2462,True,generic_perf,False,True
3165171000,benchmarks/poly_mini/task_005.py,OpenAI Codex,https://github.com/MontrealAI/AGI-Alpha-Agent-v0/pull/2462,True,generic_perf,False,True
3165171000,benchmarks/poly_mini/task_006.py,OpenAI Codex,https://github.com/MontrealAI/AGI-Alpha-Agent-v0/pull/2462,True,generic_perf,False,True
3165171000,benchmarks/poly_mini/task_007.py,OpenAI Codex,https://github.com/MontrealAI/AGI-Alpha-Agent-v0/pull/2462,True,generic_perf,False,True
3165171000,benchmarks/poly_mini/task_008.py,OpenAI Codex,https://github.com/MontrealAI/AGI-Alpha-Agent-v0/pull/2462,True,generic_perf,False,True
3165171000,benchmarks/poly_mini/task_009.py,OpenAI Codex,https://github.com/MontrealAI/AGI-Alpha-Agent-v0/pull/2462,True,generic_perf,False,True
3165171000,benchmarks/poly_mini/task_010.py,OpenAI Codex,https://github.com/MontrealAI/AGI-Alpha-Agent-v0/pull/2462,True,generic_perf,False,True
3165171000,benchmarks/poly_mini/task_011.py,OpenAI Codex,https://github.com/MontrealAI/AGI-Alpha-Agent-v0/pull/2462,True,generic_perf,False,True
3165171000,benchmarks/poly_mini/task_012.py,OpenAI Codex,https://github.com/MontrealAI/AGI-Alpha-Agent-v0/pull/2462,True,generic_perf,False,True
3165171000,benchmarks/poly_mini/task_013.py,OpenAI Codex,https://github.com/MontrealAI/AGI-Alpha-Agent-v0/pull/2462,True,generic_perf,False,True
3165171000,benchmarks/poly_mini/task_014.py,OpenAI Codex,https://github.com/MontrealAI/AGI-Alpha-Agent-v0/pull/2462,True,generic_perf,False,True
3165171000,benchmarks/poly_mini/task_015.py,OpenAI Codex,https://github.com/MontrealAI/AGI-Alpha-Agent-v0/pull/2462,True,generic_perf,False,True
3165171000,benchmarks/poly_mini/task_016.py,OpenAI Codex,https://github.com/MontrealAI/AGI-Alpha-Agent-v0/pull/2462,True,generic_perf,False,True
3165171000,benchmarks/poly_mini/task_017.py,OpenAI Codex,https://github.com/MontrealAI/AGI-Alpha-Agent-v0/pull/2462,True,generic_perf,False,True
3165171000,benchmarks/poly_mini/task_018.py,OpenAI Codex,https://github.com/MontrealAI/AGI-Alpha-Agent-v0/pull/2462,True,generic_perf,False,True
3165171000,benchmarks/poly_mini/task_019.py,OpenAI Codex,https://github.com/MontrealAI/AGI-Alpha-Agent-v0/pull/2462,True,generic_perf,False,True
3165171000,benchmarks/poly_mini/task_020.py,OpenAI Codex,https://github.com/MontrealAI/AGI-Alpha-Agent-v0/pull/2462,True,generic_perf,False,True
3165171000,benchmarks/polyglot_lite/task_sample.py,OpenAI Codex,https://github.com/MontrealAI/AGI-Alpha-Agent-v0/pull/2462,True,generic_perf,False,True
3165171000,benchmarks/run_benchmarks.py,OpenAI Codex,https://github.com/MontrealAI/AGI-Alpha-Agent-v0/pull/2462,True,generic_perf,False,True
3165171000,benchmarks/swe_mini/__init__.py,OpenAI Codex,https://github.com/MontrealAI/AGI-Alpha-Agent-v0/pull/2462,True,generic_perf,False,True
3165171000,benchmarks/swe_mini/task_001.py,OpenAI Codex,https://github.com/MontrealAI/AGI-Alpha-Agent-v0/pull/2462,True,generic_perf,False,True
3165171000,benchmarks/swe_mini/task_002.py,OpenAI Codex,https://github.com/MontrealAI/AGI-Alpha-Agent-v0/pull/2462,True,generic_perf,False,True
3165171000,benchmarks/swe_mini/task_003.py,OpenAI Codex,https://github.com/MontrealAI/AGI-Alpha-Agent-v0/pull/2462,True,generic_perf,False,True
3165171000,benchmarks/swe_mini/task_004.py,OpenAI Codex,https://github.com/MontrealAI/AGI-Alpha-Agent-v0/pull/2462,True,generic_perf,False,True
3165171000,benchmarks/swe_mini/task_005.py,OpenAI Codex,https://github.com/MontrealAI/AGI-Alpha-Agent-v0/pull/2462,True,generic_perf,False,True
3165171000,benchmarks/swe_mini/task_006.py,OpenAI Codex,https://github.com/MontrealAI/AGI-Alpha-Agent-v0/pull/2462,True,generic_perf,False,True
3165171000,benchmarks/swe_mini/task_007.py,OpenAI Codex,https://github.com/MontrealAI/AGI-Alpha-Agent-v0/pull/2462,True,generic_perf,False,True
3165171000,benchmarks/swe_mini/task_008.py,OpenAI Codex,https://github.com/MontrealAI/AGI-Alpha-Agent-v0/pull/2462,True,generic_perf,False,True
3165171000,benchmarks/swe_mini/task_009.py,OpenAI Codex,https://github.com/MontrealAI/AGI-Alpha-Agent-v0/pull/2462,True,generic_perf,False,True
3165171000,benchmarks/swe_mini/task_010.py,OpenAI Codex,https://github.com/MontrealAI/AGI-Alpha-Agent-v0/pull/2462,True,generic_perf,False,True
3165171000,benchmarks/swe_mini/task_011.py,OpenAI Codex,https://github.com/MontrealAI/AGI-Alpha-Agent-v0/pull/2462,True,generic_perf,False,True
3165171000,benchmarks/swe_mini/task_012.py,OpenAI Codex,https://github.com/MontrealAI/AGI-Alpha-Agent-v0/pull/2462,True,generic_perf,False,True
3165171000,benchmarks/swe_mini/task_013.py,OpenAI Codex,https://github.com/MontrealAI/AGI-Alpha-Agent-v0/pull/2462,True,generic_perf,False,True
3165171000,benchmarks/swe_mini/task_014.py,OpenAI Codex,https://github.com/MontrealAI/AGI-Alpha-Agent-v0/pull/2462,True,generic_perf,False,True
3165171000,benchmarks/swe_mini/task_015.py,OpenAI Codex,https://github.com/MontrealAI/AGI-Alpha-Agent-v0/pull/2462,True,generic_perf,False,True
3165171000,benchmarks/swe_mini/task_016.py,OpenAI Codex,https://github.com/MontrealAI/AGI-Alpha-Agent-v0/pull/2462,True,generic_perf,False,True
3165171000,benchmarks/swe_mini/task_017.py,OpenAI Codex,https://github.com/MontrealAI/AGI-Alpha-Agent-v0/pull/2462,True,generic_perf,False,True
3165171000,benchmarks/swe_mini/task_018.py,OpenAI Codex,https://github.com/MontrealAI/AGI-Alpha-Agent-v0/pull/2462,True,generic_perf,False,True
3165171000,benchmarks/swe_mini/task_019.py,OpenAI Codex,https://github.com/MontrealAI/AGI-Alpha-Agent-v0/pull/2462,True,generic_perf,False,True
3165171000,benchmarks/swe_mini/task_020.py,OpenAI Codex,https://github.com/MontrealAI/AGI-Alpha-Agent-v0/pull/2462,True,generic_perf,False,True
3165171000,benchmarks/swe_mini/task_021.py,OpenAI Codex,https://github.com/MontrealAI/AGI-Alpha-Agent-v0/pull/2462,True,generic_perf,False,True
3165171000,benchmarks/swe_mini/task_022.py,OpenAI Codex,https://github.com/MontrealAI/AGI-Alpha-Agent-v0/pull/2462,True,generic_perf,False,True
3165171000,benchmarks/swe_mini/task_023.py,OpenAI Codex,https://github.com/MontrealAI/AGI-Alpha-Agent-v0/pull/2462,True,generic_perf,False,True
3165171000,benchmarks/swe_mini/task_024.py,OpenAI Codex,https://github.com/MontrealAI/AGI-Alpha-Agent-v0/pull/2462,True,generic_perf,False,True
3165171000,benchmarks/swe_mini/task_025.py,OpenAI Codex,https://github.com/MontrealAI/AGI-Alpha-Agent-v0/pull/2462,True,generic_perf,False,True
3165171000,benchmarks/swebench_verified_mini/task_sample.py,OpenAI Codex,https://github.com/MontrealAI/AGI-Alpha-Agent-v0/pull/2462,True,generic_perf,False,True
3165171000,tests/test_benchmarks.py,OpenAI Codex,https://github.com/MontrealAI/AGI-Alpha-Agent-v0/pull/2462,True,generic_perf,False,True
3215703418,tests/machine/x/rb/load_yaml.error,OpenAI Codex,https://github.com/mochilang/mochi/pull/6806,True,generic_perf,False,True
3215703418,tests/machine/x/rb/load_yaml.out,OpenAI Codex,https://github.com/mochilang/mochi/pull/6806,True,generic_perf,False,True
3215703418,tests/machine/x/rb/load_yaml.rb,OpenAI Codex,https://github.com/mochilang/mochi/pull/6806,True,generic_perf,False,True
3070964616,benchmarks/pom.xml,OpenAI Codex,https://github.com/OpenHFT/Chronicle-Core/pull/703,True,generic_perf,False,True
3123371035,file_upload_test.go,OpenAI Codex,https://github.com/levigross/grequests/pull/104,True,generic_perf,False,True
3250955306,tests/transpiler/x/kt/load_jsonl.kt,OpenAI Codex,https://github.com/mochilang/mochi/pull/11754,True,generic_perf,False,True
3250955306,tests/transpiler/x/kt/load_jsonl.out,OpenAI Codex,https://github.com/mochilang/mochi/pull/11754,True,generic_perf,False,True
3238438487,tests/machine/x/erlang/load_yaml.erl,OpenAI Codex,https://github.com/mochilang/mochi/pull/9187,True,generic_perf,False,True
3206334430,tests/any2mochi/ex/load_save_json.ex.error,OpenAI Codex,https://github.com/mochilang/mochi/pull/5590,True,generic_perf,False,True
3206334430,tests/any2mochi/ex/load_save_json.ex.mochi,OpenAI Codex,https://github.com/mochilang/mochi/pull/5590,True,generic_perf,False,True
3189719663,site/docs/guides/hle-benchmark.md,OpenAI Codex,https://github.com/promptfoo/promptfoo/pull/4701,True,generic_perf,False,True
3181431321,tests/compiler/java/load_save_json.java.out,OpenAI Codex,https://github.com/mochilang/mochi/pull/3637,True,generic_perf,False,True
3249443013,tests/transpiler/x/ocaml/load_yaml.error,OpenAI Codex,https://github.com/mochilang/mochi/pull/11553,True,generic_perf,False,True
3249443013,tests/transpiler/x/ocaml/load_yaml.ml,OpenAI Codex,https://github.com/mochilang/mochi/pull/11553,True,generic_perf,False,True
3164813640,frontend/photos/images/__tests__/image_flipper_preload_test.tsx,OpenAI Codex,https://github.com/FarmBot/Farmbot-Web-App/pull/2493,True,generic_perf,False,True
3178111740,tests/compiler/rkt/load_save_json.in,OpenAI Codex,https://github.com/mochilang/mochi/pull/3461,True,generic_perf,False,True
3178111740,tests/compiler/rkt/load_save_json.mochi,OpenAI Codex,https://github.com/mochilang/mochi/pull/3461,True,generic_perf,False,True
3178111740,tests/compiler/rkt/load_save_json.out,OpenAI Codex,https://github.com/mochilang/mochi/pull/3461,True,generic_perf,False,True
3178111740,tests/compiler/rkt/load_save_json.rkt.out,OpenAI Codex,https://github.com/mochilang/mochi/pull/3461,True,generic_perf,False,True
3205229837,tests/any2mochi/py/load_save_json.mochi,OpenAI Codex,https://github.com/mochilang/mochi/pull/5291,True,generic_perf,False,True
3236495752,tests/machine/x/st/load_yaml.error,OpenAI Codex,https://github.com/mochilang/mochi/pull/8970,True,generic_perf,False,True
3274673980,tests/json-ast/x/clj/load_yaml.clj.json,OpenAI Codex,https://github.com/mochilang/mochi/pull/14776,True,generic_perf,False,True
3204305933,tests/compiler/py/load_save_json.error,OpenAI Codex,https://github.com/mochilang/mochi/pull/5140,True,generic_perf,False,True
3204305933,tests/compiler/py/load_save_json.mochi.out,OpenAI Codex,https://github.com/mochilang/mochi/pull/5140,True,generic_perf,False,True
3248317616,tests/transpiler/x/pas/load_yaml.error,OpenAI Codex,https://github.com/mochilang/mochi/pull/11327,True,generic_perf,False,True
3217905303,tests/machine/x/dart/load_yaml.dart,OpenAI Codex,https://github.com/mochilang/mochi/pull/7132,True,generic_perf,False,True
3207248083,tests/human/x/pl/load_yaml.pl,OpenAI Codex,https://github.com/mochilang/mochi/pull/5875,True,generic_perf,False,True
3245870002,tests/transpiler/x/ts/load_yaml.error,OpenAI Codex,https://github.com/mochilang/mochi/pull/10461,True,generic_perf,False,True
3204994106,tests/any2mochi/py/load_save_json.error,OpenAI Codex,https://github.com/mochilang/mochi/pull/5227,True,generic_perf,False,True
3204994106,tests/any2mochi/py/load_save_json.mochi,OpenAI Codex,https://github.com/mochilang/mochi/pull/5227,True,generic_perf,False,True
3170281393,BENCHMARK.md,OpenAI Codex,https://github.com/mochilang/mochi/pull/2799,True,generic_perf,False,True
3206325666,tests/any2mochi/kt/load_jsonl_stdin.kt.mochi,OpenAI Codex,https://github.com/mochilang/mochi/pull/5570,True,generic_perf,False,True
3206325666,tests/any2mochi/kt/load_save_json.kt.mochi,OpenAI Codex,https://github.com/mochilang/mochi/pull/5570,True,generic_perf,False,True
3206325666,tests/any2mochi/kt/load_yaml.kt.mochi,OpenAI Codex,https://github.com/mochilang/mochi/pull/5570,True,generic_perf,False,True
3219540691,tests/machine/x/java/load_yaml.error,OpenAI Codex,https://github.com/mochilang/mochi/pull/7403,True,generic_perf,False,True
3219540691,tests/machine/x/java/load_yaml.java,OpenAI Codex,https://github.com/mochilang/mochi/pull/7403,True,generic_perf,False,True
3223883103,tests/machine/x/cpp/load_yaml.cpp,OpenAI Codex,https://github.com/mochilang/mochi/pull/7847,True,generic_perf,False,True
3117511053,BENCHMARK.md,OpenAI Codex,https://github.com/mochilang/mochi/pull/31,True,generic_perf,False,True
3181653103,tests/compiler/java/load_save_json.java.out,OpenAI Codex,https://github.com/mochilang/mochi/pull/3681,True,generic_perf,False,True
3206324969,tests/any2mochi/cobol/load_save_json.cob.error,OpenAI Codex,https://github.com/mochilang/mochi/pull/5566,True,generic_perf,False,True
3206324969,tests/any2mochi/cobol/load_save_json.cob.mochi,OpenAI Codex,https://github.com/mochilang/mochi/pull/5566,True,generic_perf,False,True
3236865061,tests/machine/x/scheme/load_yaml.error,OpenAI Codex,https://github.com/mochilang/mochi/pull/9051,True,generic_perf,False,True
3236865061,tests/machine/x/scheme/load_yaml.scm,OpenAI Codex,https://github.com/mochilang/mochi/pull/9051,True,generic_perf,False,True
3223797533,.github/workflows/loadtest.yml,OpenAI Codex,https://github.com/MontrealAI/AGI-Alpha-Agent-v0/pull/3220,True,generic_perf,False,True
3209726350,tests/machine/x/php/load_yaml.error,OpenAI Codex,https://github.com/mochilang/mochi/pull/6147,True,generic_perf,False,True
3209726350,tests/machine/x/php/load_yaml.php,OpenAI Codex,https://github.com/mochilang/mochi/pull/6147,True,generic_perf,False,True
3205180635,tests/compiler/rust/load_save_json.mochi,OpenAI Codex,https://github.com/mochilang/mochi/pull/5270,True,generic_perf,False,True
3118065215,BENCHMARK.md,OpenAI Codex,https://github.com/mochilang/mochi/pull/48,True,generic_perf,False,True
3275649186,tests/json-ast/x/java/load_jsonl.java.json,OpenAI Codex,https://github.com/mochilang/mochi/pull/14804,True,generic_perf,False,True
3275649186,tests/json-ast/x/java/load_yaml.java.json,OpenAI Codex,https://github.com/mochilang/mochi/pull/14804,True,generic_perf,False,True
3173471669,tests/compiler/ts/load_jsonl_stdin.ts.out,OpenAI Codex,https://github.com/mochilang/mochi/pull/3015,True,generic_perf,False,True
3101005518,microbenchmarks/README.adoc,OpenAI Codex,https://github.com/OpenHFT/Chronicle-Bytes/pull/675,True,generic_perf,False,True
3107856358,jac/jaclang/compiler/passes/main/pyast_load_pass.py,OpenAI Codex,https://github.com/jaseci-labs/jaseci/pull/2023,True,generic_perf,False,True
3143354235,tools/agent/leetcode/download_test.go,OpenAI Codex,https://github.com/mochilang/mochi/pull/490,True,generic_perf,False,True
3184618516,tests/vm/valid/load_yaml.lt.out,OpenAI Codex,https://github.com/mochilang/mochi/pull/3912,True,generic_perf,False,True
3205254089,tests/compiler/scala/load_save_json.scala.out,OpenAI Codex,https://github.com/mochilang/mochi/pull/5304,True,generic_perf,False,True
3274259753,tests/a2mochi/x/kt/load_jsonl.ast,OpenAI Codex,https://github.com/mochilang/mochi/pull/14676,True,generic_perf,False,True
3274259753,tests/a2mochi/x/kt/load_jsonl.mochi,OpenAI Codex,https://github.com/mochilang/mochi/pull/14676,True,generic_perf,False,True
3274259753,tests/a2mochi/x/kt/load_yaml.ast,OpenAI Codex,https://github.com/mochilang/mochi/pull/14676,True,generic_perf,False,True
3274259753,tests/a2mochi/x/kt/load_yaml.mochi,OpenAI Codex,https://github.com/mochilang/mochi/pull/14676,True,generic_perf,False,True
3208427710,tests/human/x/racket/load_yaml.rkt,OpenAI Codex,https://github.com/mochilang/mochi/pull/6044,True,generic_perf,False,True
3169112724,BENCHMARK.md,OpenAI Codex,https://github.com/mochilang/mochi/pull/2749,True,generic_perf,False,True
3205080468,tests/any2mochi/py/load_save_json.error,OpenAI Codex,https://github.com/mochilang/mochi/pull/5237,True,generic_perf,False,True
3205080468,tests/any2mochi/py/load_save_json.mochi,OpenAI Codex,https://github.com/mochilang/mochi/pull/5237,True,generic_perf,False,True
3214281732,tests/machine/x/ex/load_yaml.mochi.exs,OpenAI Codex,https://github.com/mochilang/mochi/pull/6522,True,generic_perf,False,True
3117438533,BENCHMARK.md,OpenAI Codex,https://github.com/mochilang/mochi/pull/27,True,generic_perf,False,True
3209820472,tests/machine/x/fs/load_yaml.error,OpenAI Codex,https://github.com/mochilang/mochi/pull/6177,True,generic_perf,False,True
3187736538,BENCHMARK.md,OpenAI Codex,https://github.com/mochilang/mochi/pull/4150,True,generic_perf,False,True
3204108716,.github/workflows/loadtest.yml,OpenAI Codex,https://github.com/MontrealAI/AGI-Alpha-Agent-v0/pull/2977,True,generic_perf,False,True
3246821923,tests/transpiler/x/py/load_yaml.error,OpenAI Codex,https://github.com/mochilang/mochi/pull/10951,True,generic_perf,False,True
3246821923,tests/transpiler/x/py/load_yaml.out,OpenAI Codex,https://github.com/mochilang/mochi/pull/10951,True,generic_perf,False,True
3246821923,tests/transpiler/x/py/load_yaml.py,OpenAI Codex,https://github.com/mochilang/mochi/pull/10951,True,generic_perf,False,True
3239403987,tests/machine/x/lua/load_yaml.lua,OpenAI Codex,https://github.com/mochilang/mochi/pull/9329,True,generic_perf,False,True
3245225014,tests/transpiler/x/fortran/load_yaml.error,OpenAI Codex,https://github.com/mochilang/mochi/pull/10149,True,generic_perf,False,True
3206216548,tests/any2mochi/rkt/load_save_json.rkt.mochi,OpenAI Codex,https://github.com/mochilang/mochi/pull/5517,True,generic_perf,False,True
3107476561,jac/jaclang/compiler/passes/main/pyast_load_pass.py,OpenAI Codex,https://github.com/jaseci-labs/jaseci/pull/2019,True,generic_perf,False,True
3206572737,tests/any2mochi/erl/load_save_json.erl.error,OpenAI Codex,https://github.com/mochilang/mochi/pull/5675,True,generic_perf,False,True
3206572737,tests/any2mochi/erl/load_save_json.erl.mochi,OpenAI Codex,https://github.com/mochilang/mochi/pull/5675,True,generic_perf,False,True
3247124748,tests/transpiler/x/clj/load_yaml.error,OpenAI Codex,https://github.com/mochilang/mochi/pull/11024,True,generic_perf,False,True
3236474935,tests/machine/x/ocaml/load_yaml.error,OpenAI Codex,https://github.com/mochilang/mochi/pull/8960,True,generic_perf,False,True
3236474935,tests/machine/x/ocaml/load_yaml.ml,OpenAI Codex,https://github.com/mochilang/mochi/pull/8960,True,generic_perf,False,True
3186037018,BENCHMARK.md,OpenAI Codex,https://github.com/mochilang/mochi/pull/3948,True,generic_perf,False,True
3186037018,runtime/vm/JOINS_BENCHMARKS.md,OpenAI Codex,https://github.com/mochilang/mochi/pull/3948,True,generic_perf,False,True
3222445116,tests/machine/x/java/load_yaml.java,OpenAI Codex,https://github.com/mochilang/mochi/pull/7725,True,generic_perf,False,True
3106344541,jac/jaclang/compiler/passes/main/pyast_load_pass.py,OpenAI Codex,https://github.com/jaseci-labs/jaseci/pull/2007,True,generic_perf,False,True
3106344541,jac/jaclang/compiler/passes/main/pyast_load_pass.py,OpenAI Codex,https://github.com/jaseci-labs/jaseci/pull/2007,True,generic_perf,False,True
3106344541,jac/jaclang/compiler/passes/main/pyast_load_pass.py,OpenAI Codex,https://github.com/jaseci-labs/jaseci/pull/2007,True,generic_perf,False,True
3224346126,tests/machine/x/python/load_yaml.py,OpenAI Codex,https://github.com/mochilang/mochi/pull/7859,True,generic_perf,False,True
3237814041,tests/machine/x/ocaml/load_yaml.ml,OpenAI Codex,https://github.com/mochilang/mochi/pull/9115,True,generic_perf,False,True
3134266649,examples/load_with.mochi,OpenAI Codex,https://github.com/mochilang/mochi/pull/351,True,generic_perf,False,True
3134266649,tests/interpreter/valid/load_jsonl.mochi,OpenAI Codex,https://github.com/mochilang/mochi/pull/351,True,generic_perf,False,True
3134266649,tests/interpreter/valid/load_jsonl.out,OpenAI Codex,https://github.com/mochilang/mochi/pull/351,True,generic_perf,False,True
3134266649,tests/parser/valid/load_with_expr.golden,OpenAI Codex,https://github.com/mochilang/mochi/pull/351,True,generic_perf,False,True
3134266649,tests/parser/valid/load_with_expr.mochi,OpenAI Codex,https://github.com/mochilang/mochi/pull/351,True,generic_perf,False,True
3134266649,tests/types/valid/load_with.golden,OpenAI Codex,https://github.com/mochilang/mochi/pull/351,True,generic_perf,False,True
3134266649,tests/types/valid/load_with.mochi,OpenAI Codex,https://github.com/mochilang/mochi/pull/351,True,generic_perf,False,True
3178105787,tests/compiler/kt/load_save_json.in,OpenAI Codex,https://github.com/mochilang/mochi/pull/3456,True,generic_perf,False,True
3178105787,tests/compiler/kt/load_save_json.kt.out,OpenAI Codex,https://github.com/mochilang/mochi/pull/3456,True,generic_perf,False,True
3178105787,tests/compiler/kt/load_save_json.mochi,OpenAI Codex,https://github.com/mochilang/mochi/pull/3456,True,generic_perf,False,True
3178105787,tests/compiler/kt/load_save_json.out,OpenAI Codex,https://github.com/mochilang/mochi/pull/3456,True,generic_perf,False,True
3241728443,tests/machine/x/clj/load_yaml.clj,OpenAI Codex,https://github.com/mochilang/mochi/pull/9465,True,generic_perf,False,True
3206333461,tests/any2mochi/erl/load_save_json.erl.mochi,OpenAI Codex,https://github.com/mochilang/mochi/pull/5587,True,generic_perf,False,True
3225378914,tests/machine/x/clj/load_yaml.error,OpenAI Codex,https://github.com/mochilang/mochi/pull/8045,True,generic_perf,False,True
3146326942,benchmarks/__init__.py,OpenAI Codex,https://github.com/MontrealAI/AGI-Alpha-Agent-v0/pull/2151,True,generic_perf,False,True
3146326942,benchmarks/polyglot_lite/__init__.py,OpenAI Codex,https://github.com/MontrealAI/AGI-Alpha-Agent-v0/pull/2151,True,generic_perf,False,True
3146326942,benchmarks/swebench_verified_mini/__init__.py,OpenAI Codex,https://github.com/MontrealAI/AGI-Alpha-Agent-v0/pull/2151,True,generic_perf,False,True
3275837693,tests/json-ast/x/scala/load_jsonl.scala.json,OpenAI Codex,https://github.com/mochilang/mochi/pull/14829,True,generic_perf,False,True
3275837693,tests/json-ast/x/scala/load_yaml.scala.json,OpenAI Codex,https://github.com/mochilang/mochi/pull/14829,True,generic_perf,False,True
3088758509,.github/workflows/benchmark.yml,OpenAI Codex,https://github.com/gofiber/fiber/pull/3476,True,generic_perf,False,True
3236727551,tests/machine/x/python/load_yaml.error,OpenAI Codex,https://github.com/mochilang/mochi/pull/9019,True,generic_perf,False,True
3236727551,tests/machine/x/python/load_yaml.py,OpenAI Codex,https://github.com/mochilang/mochi/pull/9019,True,generic_perf,False,True
3227662207,tests/machine/x/go/load_yaml.error,OpenAI Codex,https://github.com/mochilang/mochi/pull/8682,True,generic_perf,False,True
3227662207,tests/machine/x/go/load_yaml.go,OpenAI Codex,https://github.com/mochilang/mochi/pull/8682,True,generic_perf,False,True
3204052590,tests/compiler/py/load_save_json.error,OpenAI Codex,https://github.com/mochilang/mochi/pull/5123,True,generic_perf,False,True
3216682526,tests/machine/x/lua/load_yaml.lua,OpenAI Codex,https://github.com/mochilang/mochi/pull/6920,True,generic_perf,False,True
3071994800,jac/jaclang/compiler/passes/main/pyast_load_pass.py,OpenAI Codex,https://github.com/jaseci-labs/jaseci/pull/1883,True,generic_perf,False,True
3240437568,tests/machine/x/scheme/load_yaml.scm,OpenAI Codex,https://github.com/mochilang/mochi/pull/9401,True,generic_perf,False,True
3236619157,tests/machine/x/dart/load_yaml.dart,OpenAI Codex,https://github.com/mochilang/mochi/pull/8984,True,generic_perf,False,True
3236619157,tests/machine/x/dart/load_yaml.error,OpenAI Codex,https://github.com/mochilang/mochi/pull/8984,True,generic_perf,False,True
3236619157,tests/machine/x/dart/load_yaml.out,OpenAI Codex,https://github.com/mochilang/mochi/pull/8984,True,generic_perf,False,True
3236619157,tests/vm/valid/load_yaml.dart.out,OpenAI Codex,https://github.com/mochilang/mochi/pull/8984,True,generic_perf,False,True
3252303861,tests/transpiler/x/go/load_jsonl.go,OpenAI Codex,https://github.com/mochilang/mochi/pull/11944,True,generic_perf,False,True
3252303861,tests/transpiler/x/go/load_jsonl.out,OpenAI Codex,https://github.com/mochilang/mochi/pull/11944,True,generic_perf,False,True
3252303861,tests/transpiler/x/go/load_yaml.go,OpenAI Codex,https://github.com/mochilang/mochi/pull/11944,True,generic_perf,False,True
3252303861,tests/transpiler/x/go/load_yaml.out,OpenAI Codex,https://github.com/mochilang/mochi/pull/11944,True,generic_perf,False,True
3206215915,tests/any2mochi/fs/load_save_json.fs.error,OpenAI Codex,https://github.com/mochilang/mochi/pull/5508,True,generic_perf,False,True
3206215915,tests/any2mochi/fs/load_save_json.fs.mochi,OpenAI Codex,https://github.com/mochilang/mochi/pull/5508,True,generic_perf,False,True
3169011771,BENCHMARK.md,OpenAI Codex,https://github.com/mochilang/mochi/pull/2747,True,generic_perf,False,True
3212094382,tests/machine/x/python/load_yaml.error,OpenAI Codex,https://github.com/mochilang/mochi/pull/6472,True,generic_perf,False,True
3245006506,tests/transpiler/x/lua/load_yaml.error,OpenAI Codex,https://github.com/mochilang/mochi/pull/10058,True,generic_perf,False,True
3105432511,jac/jaclang/compiler/passes/main/pyast_load_pass.py,OpenAI Codex,https://github.com/jaseci-labs/jaseci/pull/1999,True,generic_perf,False,True
3274172016,tests/a2mochi/x/kt/load_jsonl.ast,OpenAI Codex,https://github.com/mochilang/mochi/pull/14660,True,generic_perf,False,True
3274172016,tests/a2mochi/x/kt/load_jsonl.mochi,OpenAI Codex,https://github.com/mochilang/mochi/pull/14660,True,generic_perf,False,True
3274172016,tests/a2mochi/x/kt/load_yaml.ast,OpenAI Codex,https://github.com/mochilang/mochi/pull/14660,True,generic_perf,False,True
3274172016,tests/a2mochi/x/kt/load_yaml.mochi,OpenAI Codex,https://github.com/mochilang/mochi/pull/14660,True,generic_perf,False,True
3204898209,.github/workflows/loadtest.yml,OpenAI Codex,https://github.com/MontrealAI/AGI-Alpha-Agent-v0/pull/2982,True,generic_perf,False,True
3206365199,tests/any2mochi/swift/load_save_json.swift.error,OpenAI Codex,https://github.com/mochilang/mochi/pull/5638,True,generic_perf,False,True
3181428999,tests/compiler/erl/load_save_json.erl.out,OpenAI Codex,https://github.com/mochilang/mochi/pull/3633,True,generic_perf,False,True
3206262666,tests/any2mochi/dart/load_csv_to_json.dart.mochi,OpenAI Codex,https://github.com/mochilang/mochi/pull/5535,True,generic_perf,False,True
3206262666,tests/any2mochi/dart/load_json.dart.mochi,OpenAI Codex,https://github.com/mochilang/mochi/pull/5535,True,generic_perf,False,True
3206262666,tests/any2mochi/dart/load_jsonl_to_csv.dart.mochi,OpenAI Codex,https://github.com/mochilang/mochi/pull/5535,True,generic_perf,False,True
3206371956,tests/any2mochi/ocaml/load_save_json.ml.error,OpenAI Codex,https://github.com/mochilang/mochi/pull/5650,True,generic_perf,False,True
3206371956,tests/any2mochi/ocaml/load_save_json.ml.mochi,OpenAI Codex,https://github.com/mochilang/mochi/pull/5650,True,generic_perf,False,True
3206371956,tests/any2mochi/ocaml/load_save_json_file.ml.error,OpenAI Codex,https://github.com/mochilang/mochi/pull/5650,True,generic_perf,False,True
3206371956,tests/any2mochi/ocaml/load_save_json_file.ml.mochi,OpenAI Codex,https://github.com/mochilang/mochi/pull/5650,True,generic_perf,False,True
3078007443,benchmarks/ecs-benchmark.js,OpenAI Codex,https://github.com/elixr-games/elics/pull/16,True,generic_perf,False,True
3078007443,benchmarks/ecs-benchmark.js,OpenAI Codex,https://github.com/elixr-games/elics/pull/16,True,generic_perf,False,True
3194800623,tools/benchmark.py,OpenAI Codex,https://github.com/janbjorge/pgqueuer/pull/422,True,generic_perf,False,True
3210630174,tests/machine/x/php/load_yaml.error,OpenAI Codex,https://github.com/mochilang/mochi/pull/6213,True,generic_perf,False,True
3210630174,tests/machine/x/php/load_yaml.out,OpenAI Codex,https://github.com/mochilang/mochi/pull/6213,True,generic_perf,False,True
3210630174,tests/machine/x/php/load_yaml.php,OpenAI Codex,https://github.com/mochilang/mochi/pull/6213,True,generic_perf,False,True
3077931883,benchmarks/ecs-benchmark.js,OpenAI Codex,https://github.com/elixr-games/elics/pull/15,True,generic_perf,False,True
3208372887,tests/human/x/rust/load_yaml.rs,OpenAI Codex,https://github.com/mochilang/mochi/pull/6041,True,generic_perf,False,True
3236470696,tests/machine/x/lua/load_yaml.lua,OpenAI Codex,https://github.com/mochilang/mochi/pull/8958,True,generic_perf,False,True
3236470696,tests/vm/valid/load_yaml.lua.out,OpenAI Codex,https://github.com/mochilang/mochi/pull/8958,True,generic_perf,False,True
3104377785,jac/jaclang/compiler/passes/main/pyast_load_pass.py,OpenAI Codex,https://github.com/jaseci-labs/jaseci/pull/1982,True,generic_perf,False,True
3181370559,tests/compiler/ocaml/load_save_json.ml.out,OpenAI Codex,https://github.com/mochilang/mochi/pull/3615,True,generic_perf,False,True
3181370559,tests/compiler/ocaml/load_save_json_file.ml.out,OpenAI Codex,https://github.com/mochilang/mochi/pull/3615,True,generic_perf,False,True
3118174950,BENCHMARK.md,OpenAI Codex,https://github.com/mochilang/mochi/pull/52,True,generic_perf,False,True
3240263530,tests/machine/x/clj/load_yaml.clj,OpenAI Codex,https://github.com/mochilang/mochi/pull/9355,True,generic_perf,False,True
3216586846,tests/machine/x/clj/load_yaml.clj,OpenAI Codex,https://github.com/mochilang/mochi/pull/6899,True,generic_perf,False,True
3216586846,tests/machine/x/clj/load_yaml.error,OpenAI Codex,https://github.com/mochilang/mochi/pull/6899,True,generic_perf,False,True
3248500870,tests/transpiler/x/ex/load_yaml.error,OpenAI Codex,https://github.com/mochilang/mochi/pull/11366,True,generic_perf,False,True
3102885246,src/main/java/ac/grim/grimac/manager/init/load/PacketEventsInit.java,OpenAI Codex,https://github.com/GrimAnticheat/Grim/pull/2138,True,generic_perf,False,True
3102885246,common/src/main/java/ac/grim/grimac/manager/init/load/PacketEventsInit.java,OpenAI Codex,https://github.com/GrimAnticheat/Grim/pull/2138,True,generic_perf,False,True
3206215309,tests/any2mochi/dart/load_csv_to_json.dart.mochi,OpenAI Codex,https://github.com/mochilang/mochi/pull/5505,True,generic_perf,False,True
3206215309,tests/any2mochi/dart/load_json.dart.mochi,OpenAI Codex,https://github.com/mochilang/mochi/pull/5505,True,generic_perf,False,True
3206215309,tests/any2mochi/dart/load_jsonl_to_csv.dart.mochi,OpenAI Codex,https://github.com/mochilang/mochi/pull/5505,True,generic_perf,False,True
3178849032,tests/compiler/ocaml/load_save_json_file.ml.out,OpenAI Codex,https://github.com/mochilang/mochi/pull/3559,True,generic_perf,False,True
3178849032,tests/compiler/ocaml/load_save_json_file.out,OpenAI Codex,https://github.com/mochilang/mochi/pull/3559,True,generic_perf,False,True
3206574346,tests/any2mochi/fortran/load_save_json.mochi,OpenAI Codex,https://github.com/mochilang/mochi/pull/5677,True,generic_perf,False,True
3236482354,tests/machine/x/pascal/load_yaml.error,OpenAI Codex,https://github.com/mochilang/mochi/pull/8962,True,generic_perf,False,True
3236482354,tests/machine/x/pascal/load_yaml.pas,OpenAI Codex,https://github.com/mochilang/mochi/pull/8962,True,generic_perf,False,True
3274607200,tests/json-ast/x/py/load_jsonl.py.json,OpenAI Codex,https://github.com/mochilang/mochi/pull/14762,True,generic_perf,False,True
3274607200,tests/json-ast/x/py/load_yaml.py.json,OpenAI Codex,https://github.com/mochilang/mochi/pull/14762,True,generic_perf,False,True
3196341284,docs/benchmark.md,OpenAI Codex,https://github.com/janbjorge/pgqueuer/pull/423,True,generic_perf,False,True
3196341284,tools/benchmark.py,OpenAI Codex,https://github.com/janbjorge/pgqueuer/pull/423,True,generic_perf,False,True
3196341284,tools/benchmark.py,OpenAI Codex,https://github.com/janbjorge/pgqueuer/pull/423,True,generic_perf,False,True
3196341284,tools/benchmark.py,OpenAI Codex,https://github.com/janbjorge/pgqueuer/pull/423,True,generic_perf,False,True
3196341284,docs/benchmark.md,OpenAI Codex,https://github.com/janbjorge/pgqueuer/pull/423,True,generic_perf,False,True
3196341284,tools/benchmark.py,OpenAI Codex,https://github.com/janbjorge/pgqueuer/pull/423,True,generic_perf,False,True
3196341284,tools/benchmark.py,OpenAI Codex,https://github.com/janbjorge/pgqueuer/pull/423,True,generic_perf,False,True
3275461538,tests/json-ast/x/fs/load_jsonl.fs.json,OpenAI Codex,https://github.com/mochilang/mochi/pull/14796,True,generic_perf,False,True
3275461538,tests/json-ast/x/fs/load_yaml.fs.json,OpenAI Codex,https://github.com/mochilang/mochi/pull/14796,True,generic_perf,False,True
3248298186,tests/transpiler/x/fortran/load_yaml.error,OpenAI Codex,https://github.com/mochilang/mochi/pull/11322,True,generic_perf,False,True
3104640088,jac/jaclang/compiler/passes/main/pyast_load_pass.py,OpenAI Codex,https://github.com/jaseci-labs/jaseci/pull/1984,True,generic_perf,False,True
3206575409,tests/any2mochi/hs/load_json_stdin.hs.error,OpenAI Codex,https://github.com/mochilang/mochi/pull/5678,True,generic_perf,False,True
3206575409,tests/any2mochi/hs/load_json_stdin.hs.mochi,OpenAI Codex,https://github.com/mochilang/mochi/pull/5678,True,generic_perf,False,True
3106846200,packages/cli/src/utils/load-plugin.ts,OpenAI Codex,https://github.com/elizaOS/eliza/pull/4866,True,generic_perf,False,True
3106846200,packages/cli/src/utils/load-plugin.ts,OpenAI Codex,https://github.com/elizaOS/eliza/pull/4866,True,generic_perf,False,True
3106846200,packages/cli/src/utils/load-plugin.ts,OpenAI Codex,https://github.com/elizaOS/eliza/pull/4866,True,generic_perf,False,True
3165428082,test/e2e/runner/benchmark.go,OpenAI Codex,https://github.com/celestiaorg/celestia-core/pull/2046,True,generic_perf,False,True
3208580688,tests/human/x/erlang/load_yaml.erl,OpenAI Codex,https://github.com/mochilang/mochi/pull/6069,True,generic_perf,False,True
3215720632,tests/machine/x/scala/load_yaml.error,OpenAI Codex,https://github.com/mochilang/mochi/pull/6815,True,generic_perf,False,True
3125695429,file_upload_test.go,OpenAI Codex,https://github.com/levigross/grequests/pull/110,True,generic_perf,False,True
3098917638,docs/benchmarks.md,OpenAI Codex,https://github.com/elixr-games/elics/pull/57,True,generic_perf,False,True
3273704371,tests/a2mochi/x/kt/load_jsonl.mochi,OpenAI Codex,https://github.com/mochilang/mochi/pull/14631,True,generic_perf,False,True
3273704371,tests/a2mochi/x/kt/load_yaml.mochi,OpenAI Codex,https://github.com/mochilang/mochi/pull/14631,True,generic_perf,False,True
3181371584,tests/compiler/scala/load_save_json.scala.out,OpenAI Codex,https://github.com/mochilang/mochi/pull/3618,True,generic_perf,False,True
3250695708,tests/transpiler/x/ex/load_yaml.error,OpenAI Codex,https://github.com/mochilang/mochi/pull/11666,True,generic_perf,False,True
3250695708,tests/transpiler/x/ex/load_yaml.exs,OpenAI Codex,https://github.com/mochilang/mochi/pull/11666,True,generic_perf,False,True
3250695708,tests/transpiler/x/ex/load_yaml.out,OpenAI Codex,https://github.com/mochilang/mochi/pull/11666,True,generic_perf,False,True
3203959967,tests/compiler/py/load_save_json.error,OpenAI Codex,https://github.com/mochilang/mochi/pull/5114,True,generic_perf,False,True
3118377413,BENCHMARK.md,OpenAI Codex,https://github.com/mochilang/mochi/pull/59,True,generic_perf,False,True
3245131799,tests/transpiler/x/fs/load_yaml.error,OpenAI Codex,https://github.com/mochilang/mochi/pull/10109,True,generic_perf,False,True
3134305208,benchmark/Backus_Kehoe_Kydland_1992.jl,OpenAI Codex,https://github.com/thorek1/MacroModelling.jl/pull/116,True,generic_perf,False,True
3134305208,benchmark/test_if_else.jl,OpenAI Codex,https://github.com/thorek1/MacroModelling.jl/pull/116,True,generic_perf,False,True
3134305208,benchmark/Backus_Kehoe_Kydland_1992.jl,OpenAI Codex,https://github.com/thorek1/MacroModelling.jl/pull/116,True,generic_perf,False,True
3134305208,benchmark/test_if_else.jl,OpenAI Codex,https://github.com/thorek1/MacroModelling.jl/pull/116,True,generic_perf,False,True
3134305208,benchmark/Backus_Kehoe_Kydland_1992.jl,OpenAI Codex,https://github.com/thorek1/MacroModelling.jl/pull/116,True,generic_perf,False,True
3134305208,benchmark/test_if_else.jl,OpenAI Codex,https://github.com/thorek1/MacroModelling.jl/pull/116,True,generic_perf,False,True
3206339469,tests/any2mochi/pas/load_save_json.mochi,OpenAI Codex,https://github.com/mochilang/mochi/pull/5595,True,generic_perf,False,True
3105365084,jac/jaclang/compiler/passes/main/pyast_load_pass.py,OpenAI Codex,https://github.com/jaseci-labs/jaseci/pull/1992,True,generic_perf,False,True
3214435765,tests/machine/x/cs/load_yaml.cs,OpenAI Codex,https://github.com/mochilang/mochi/pull/6608,True,generic_perf,False,True
3151839701,BENCHMARK.md,OpenAI Codex,https://github.com/mochilang/mochi/pull/1235,True,generic_perf,False,True
3106390891,jac/jaclang/compiler/passes/main/pyast_load_pass.py,OpenAI Codex,https://github.com/jaseci-labs/jaseci/pull/2009,True,generic_perf,False,True
3250855016,tests/transpiler/x/py/load_jsonl.py,OpenAI Codex,https://github.com/mochilang/mochi/pull/11722,True,generic_perf,False,True
3250855016,tests/transpiler/x/py/load_yaml.py,OpenAI Codex,https://github.com/mochilang/mochi/pull/11722,True,generic_perf,False,True
3215540619,tests/machine/x/ex/load_yaml.mochi.error,OpenAI Codex,https://github.com/mochilang/mochi/pull/6756,True,generic_perf,False,True
3215540619,tests/machine/x/ex/load_yaml.mochi.exs,OpenAI Codex,https://github.com/mochilang/mochi/pull/6756,True,generic_perf,False,True
3236714897,tests/machine/x/clj/load_yaml.clj,OpenAI Codex,https://github.com/mochilang/mochi/pull/9012,True,generic_perf,False,True
3236714897,tests/machine/x/clj/load_yaml.error,OpenAI Codex,https://github.com/mochilang/mochi/pull/9012,True,generic_perf,False,True
3249443041,tests/transpiler/x/java/load_yaml.error,OpenAI Codex,https://github.com/mochilang/mochi/pull/11554,True,generic_perf,False,True
3249443041,tests/transpiler/x/java/load_yaml.java,OpenAI Codex,https://github.com/mochilang/mochi/pull/11554,True,generic_perf,False,True
3249443041,tests/transpiler/x/java/load_yaml.out,OpenAI Codex,https://github.com/mochilang/mochi/pull/11554,True,generic_perf,False,True
3206761885,tests/vm/valid/load_yaml.clj.out,OpenAI Codex,https://github.com/mochilang/mochi/pull/5798,True,generic_perf,False,True
3206761885,tests/vm/valid/load_yaml.mochi.out,OpenAI Codex,https://github.com/mochilang/mochi/pull/5798,True,generic_perf,False,True
3206761885,tests/vm/valid/load_yaml.vm.error,OpenAI Codex,https://github.com/mochilang/mochi/pull/5798,True,generic_perf,False,True
3213585853,tools/LightResults.ComparisonBenchmarks/LightResults.ComparisonBenchmarks.csproj,OpenAI Codex,https://github.com/jscarle/LightResults/pull/54,True,generic_perf,False,True
3213585853,tools/LightResults.CurrentBenchmarks/LightResults.CurrentBenchmarks.csproj,OpenAI Codex,https://github.com/jscarle/LightResults/pull/54,True,generic_perf,False,True
3213585853,tools/LightResults.DevelopBenchmarks/LightResults.DevelopBenchmarks.csproj,OpenAI Codex,https://github.com/jscarle/LightResults/pull/54,True,generic_perf,False,True
3105806201,jac/jaclang/compiler/passes/main/pyast_load_pass.py,OpenAI Codex,https://github.com/jaseci-labs/jaseci/pull/2004,True,generic_perf,False,True
3158623674,tests/compiler/go/load_jsonl_stdin.go.out,OpenAI Codex,https://github.com/mochilang/mochi/pull/1998,True,generic_perf,False,True
3215526163,tests/machine/x/st/load_yaml.st,OpenAI Codex,https://github.com/mochilang/mochi/pull/6749,True,generic_perf,False,True
3236980215,tests/machine/x/cpp/load_yaml.out,OpenAI Codex,https://github.com/mochilang/mochi/pull/9069,True,generic_perf,False,True
3237753771,tests/machine/x/kotlin/load_yaml.kt,OpenAI Codex,https://github.com/mochilang/mochi/pull/9088,True,generic_perf,False,True
3273771476,tests/a2mochi/x/go/load_jsonl.error,OpenAI Codex,https://github.com/mochilang/mochi/pull/14639,True,generic_perf,False,True
3273771476,tests/a2mochi/x/go/load_yaml.error,OpenAI Codex,https://github.com/mochilang/mochi/pull/14639,True,generic_perf,False,True
3206568082,tests/any2mochi/dart/load_csv_to_json.dart.error,OpenAI Codex,https://github.com/mochilang/mochi/pull/5671,True,generic_perf,False,True
3206568082,tests/any2mochi/dart/load_csv_to_json.dart.mochi,OpenAI Codex,https://github.com/mochilang/mochi/pull/5671,True,generic_perf,False,True
3206568082,tests/any2mochi/dart/load_json.dart.error,OpenAI Codex,https://github.com/mochilang/mochi/pull/5671,True,generic_perf,False,True
3206568082,tests/any2mochi/dart/load_json.dart.mochi,OpenAI Codex,https://github.com/mochilang/mochi/pull/5671,True,generic_perf,False,True
3206568082,tests/any2mochi/dart/load_jsonl_to_csv.dart.error,OpenAI Codex,https://github.com/mochilang/mochi/pull/5671,True,generic_perf,False,True
3206568082,tests/any2mochi/dart/load_jsonl_to_csv.dart.mochi,OpenAI Codex,https://github.com/mochilang/mochi/pull/5671,True,generic_perf,False,True
3274419730,tests/a2mochi/x/java/load_jsonl.mochi,OpenAI Codex,https://github.com/mochilang/mochi/pull/14724,True,generic_perf,False,True
3274419730,tests/a2mochi/x/java/load_yaml.mochi,OpenAI Codex,https://github.com/mochilang/mochi/pull/14724,True,generic_perf,False,True
3085153537,examples/dbrx-benchmark/promptfooconfig.yaml,OpenAI Codex,https://github.com/promptfoo/promptfoo/pull/4133,True,generic_perf,False,True
3181379526,tests/compiler/kt/load_save_json.kt.out,OpenAI Codex,https://github.com/mochilang/mochi/pull/3624,True,generic_perf,False,True
3116439689,BENCHMARK.md,OpenAI Codex,https://github.com/mochilang/mochi/pull/19,True,generic_perf,False,True
3168848743,BENCHMARK.md,OpenAI Codex,https://github.com/mochilang/mochi/pull/2741,True,generic_perf,False,True
3089561627,src/test/java/net/openhft/chronicle/threads/EventGroupStressTest.java,OpenAI Codex,https://github.com/OpenHFT/Chronicle-Threads/pull/313,True,generic_perf,False,True
3181430053,tests/compiler/fortran/load_save_json.f90.out,OpenAI Codex,https://github.com/mochilang/mochi/pull/3634,True,generic_perf,False,True
3238805416,tests/machine/x/scheme/load_yaml.error,OpenAI Codex,https://github.com/mochilang/mochi/pull/9296,True,generic_perf,False,True
3238805416,tests/machine/x/scheme/load_yaml.out,OpenAI Codex,https://github.com/mochilang/mochi/pull/9296,True,generic_perf,False,True
3238805416,tests/machine/x/scheme/load_yaml.scm,OpenAI Codex,https://github.com/mochilang/mochi/pull/9296,True,generic_perf,False,True
3227254297,tests/machine/x/python/load_yaml.py,OpenAI Codex,https://github.com/mochilang/mochi/pull/8647,True,generic_perf,False,True
3177879197,tests/compiler/py/load_save_json.in,OpenAI Codex,https://github.com/mochilang/mochi/pull/3439,True,generic_perf,False,True
3177879197,tests/compiler/py/load_save_json.mochi,OpenAI Codex,https://github.com/mochilang/mochi/pull/3439,True,generic_perf,False,True
3177879197,tests/compiler/py/load_save_json.out,OpenAI Codex,https://github.com/mochilang/mochi/pull/3439,True,generic_perf,False,True
3177879197,tests/compiler/py/load_save_json.py.out,OpenAI Codex,https://github.com/mochilang/mochi/pull/3439,True,generic_perf,False,True
3186289712,tests/vm/valid/load_yaml.ir.out,OpenAI Codex,https://github.com/mochilang/mochi/pull/3974,True,generic_perf,False,True
3210677066,tests/machine/x/erlang/load_yaml.error,OpenAI Codex,https://github.com/mochilang/mochi/pull/6232,True,generic_perf,False,True
3164668262,tests/compiler/lua/load_builtin.lua.out,OpenAI Codex,https://github.com/mochilang/mochi/pull/2420,True,generic_perf,False,True
3164668262,tests/compiler/lua/load_jsonl_stdin.in,OpenAI Codex,https://github.com/mochilang/mochi/pull/2420,True,generic_perf,False,True
3164668262,tests/compiler/lua/load_jsonl_stdin.lua.out,OpenAI Codex,https://github.com/mochilang/mochi/pull/2420,True,generic_perf,False,True
3164668262,tests/compiler/lua/load_jsonl_stdin.mochi,OpenAI Codex,https://github.com/mochilang/mochi/pull/2420,True,generic_perf,False,True
3164668262,tests/compiler/lua/load_jsonl_stdin.out,OpenAI Codex,https://github.com/mochilang/mochi/pull/2420,True,generic_perf,False,True
3164668262,tests/compiler/lua/load_yaml.lua.out,OpenAI Codex,https://github.com/mochilang/mochi/pull/2420,True,generic_perf,False,True
3250988239,tests/transpiler/x/erl/load_jsonl.erl,OpenAI Codex,https://github.com/mochilang/mochi/pull/11766,True,generic_perf,False,True
3250988239,tests/transpiler/x/erl/load_jsonl.out,OpenAI Codex,https://github.com/mochilang/mochi/pull/11766,True,generic_perf,False,True
3250988239,tests/transpiler/x/erl/load_yaml.erl,OpenAI Codex,https://github.com/mochilang/mochi/pull/11766,True,generic_perf,False,True
3250988239,tests/transpiler/x/erl/load_yaml.out,OpenAI Codex,https://github.com/mochilang/mochi/pull/11766,True,generic_perf,False,True
3207845323,tests/human/x/kt/load_yaml.kt,OpenAI Codex,https://github.com/mochilang/mochi/pull/5959,True,generic_perf,False,True
3106317023,jac/jaclang/compiler/passes/main/pyast_load_pass.py,OpenAI Codex,https://github.com/jaseci-labs/jaseci/pull/2005,True,generic_perf,False,True
3078939326,packages/cli/src/utils/load-plugin.ts,OpenAI Codex,https://github.com/elizaOS/eliza/pull/4686,True,generic_perf,False,True
3078939326,packages/the-org/src/loadTest/__tests__/scale.test.ts,OpenAI Codex,https://github.com/elizaOS/eliza/pull/4686,True,generic_perf,False,True
3078939326,packages/the-org/src/loadTest/__tests__/service.test.ts,OpenAI Codex,https://github.com/elizaOS/eliza/pull/4686,True,generic_perf,False,True
3078939326,packages/the-org/src/loadTest/index.ts,OpenAI Codex,https://github.com/elizaOS/eliza/pull/4686,True,generic_perf,False,True
3078939326,packages/the-org/src/loadTest/service.ts,OpenAI Codex,https://github.com/elizaOS/eliza/pull/4686,True,generic_perf,False,True
3078939326,packages/the-org/src/loadTest/test-runner.js,OpenAI Codex,https://github.com/elizaOS/eliza/pull/4686,True,generic_perf,False,True
3078939326,packages/the-org/src/loadTest/types.ts,OpenAI Codex,https://github.com/elizaOS/eliza/pull/4686,True,generic_perf,False,True
3078939326,packages/the-org/src/loadTest/utils.ts,OpenAI Codex,https://github.com/elizaOS/eliza/pull/4686,True,generic_perf,False,True
3204496091,tests/any2mochi/go/load_jsonl_stdin.error,OpenAI Codex,https://github.com/mochilang/mochi/pull/5151,True,generic_perf,False,True
3204496091,tests/any2mochi/go/load_jsonl_stdin.go.mochi,OpenAI Codex,https://github.com/mochilang/mochi/pull/5151,True,generic_perf,False,True
3204496091,tests/any2mochi/go/load_save_json.error,OpenAI Codex,https://github.com/mochilang/mochi/pull/5151,True,generic_perf,False,True
3204496091,tests/any2mochi/go/load_save_json.go.mochi,OpenAI Codex,https://github.com/mochilang/mochi/pull/5151,True,generic_perf,False,True
3204869561,tests/any2mochi/fortran/load_save_json.mochi,OpenAI Codex,https://github.com/mochilang/mochi/pull/5205,True,generic_perf,False,True
3177029068,contrib/tracing/connectblock_benchmark.bt,OpenAI Codex,https://github.com/bitcoin/bitcoin/pull/32815,True,generic_perf,False,True
3177029068,doc/benchmarking.md,OpenAI Codex,https://github.com/bitcoin/bitcoin/pull/32815,True,generic_perf,False,True
3177029068,src/bench/load_external.cpp,OpenAI Codex,https://github.com/bitcoin/bitcoin/pull/32815,True,generic_perf,False,True
3241725908,tests/machine/x/go/load_yaml.error,OpenAI Codex,https://github.com/mochilang/mochi/pull/9463,True,generic_perf,False,True
3241725908,tests/machine/x/go/load_yaml.go,OpenAI Codex,https://github.com/mochilang/mochi/pull/9463,True,generic_perf,False,True
3250850626,tests/transpiler/x/cs/load_jsonl.cs,OpenAI Codex,https://github.com/mochilang/mochi/pull/11716,True,generic_perf,False,True
3250850626,tests/transpiler/x/cs/load_jsonl.out,OpenAI Codex,https://github.com/mochilang/mochi/pull/11716,True,generic_perf,False,True
3250850626,tests/transpiler/x/cs/load_yaml.cs,OpenAI Codex,https://github.com/mochilang/mochi/pull/11716,True,generic_perf,False,True
3250850626,tests/transpiler/x/cs/load_yaml.error,OpenAI Codex,https://github.com/mochilang/mochi/pull/11716,True,generic_perf,False,True
3250850626,tests/transpiler/x/cs/load_yaml.out,OpenAI Codex,https://github.com/mochilang/mochi/pull/11716,True,generic_perf,False,True
3248280575,tests/transpiler/x/cpp/load_yaml.error,OpenAI Codex,https://github.com/mochilang/mochi/pull/11314,True,generic_perf,False,True
3206219431,tests/any2mochi/scala/load_save_json.scala.mochi,OpenAI Codex,https://github.com/mochilang/mochi/pull/5525,True,generic_perf,False,True
3077772868,benchmarks/ecs-benchmark.js,OpenAI Codex,https://github.com/elixr-games/elics/pull/13,True,generic_perf,False,True
3274670069,tests/json-ast/x/go/load_jsonl.go.json,OpenAI Codex,https://github.com/mochilang/mochi/pull/14775,True,generic_perf,False,True
3274670069,tests/json-ast/x/go/load_yaml.go.json,OpenAI Codex,https://github.com/mochilang/mochi/pull/14775,True,generic_perf,False,True
3182407622,BENCHMARK.md,OpenAI Codex,https://github.com/mochilang/mochi/pull/3783,True,generic_perf,False,True
3156171047,tests/compiler/go/load_jsonl_stdin.py.out,OpenAI Codex,https://github.com/mochilang/mochi/pull/1695,True,generic_perf,False,True
3181371689,tests/compiler/zig/load_json.zig.out,OpenAI Codex,https://github.com/mochilang/mochi/pull/3620,True,generic_perf,False,True
3181371689,tests/compiler/zig/load_json_stdin.zig.out,OpenAI Codex,https://github.com/mochilang/mochi/pull/3620,True,generic_perf,False,True
3204089173,tests/compiler/go/load_jsonl_stdin.mochi.error,OpenAI Codex,https://github.com/mochilang/mochi/pull/5128,True,generic_perf,False,True
3204089173,tests/compiler/go/load_save_json.mochi.error,OpenAI Codex,https://github.com/mochilang/mochi/pull/5128,True,generic_perf,False,True
3274384281,tests/a2mochi/x/cs/load_jsonl.error,OpenAI Codex,https://github.com/mochilang/mochi/pull/14713,True,generic_perf,False,True
3274384281,tests/a2mochi/x/cs/load_jsonl.mochi,OpenAI Codex,https://github.com/mochilang/mochi/pull/14713,True,generic_perf,False,True
3274384281,tests/a2mochi/x/cs/load_yaml.error,OpenAI Codex,https://github.com/mochilang/mochi/pull/14713,True,generic_perf,False,True
3274384281,tests/a2mochi/x/cs/load_yaml.mochi,OpenAI Codex,https://github.com/mochilang/mochi/pull/14713,True,generic_perf,False,True
3238434458,tests/machine/x/lua/load_yaml.lua,OpenAI Codex,https://github.com/mochilang/mochi/pull/9186,True,generic_perf,False,True
3238434458,tests/machine/x/lua/load_yaml.out,OpenAI Codex,https://github.com/mochilang/mochi/pull/9186,True,generic_perf,False,True
3253202294,vitest.config.ts,OpenAI Codex,https://github.com/PV-Bhat/vibe-check-mcp-server/pull/14,False,k6_content_only,True,True
3128898273,BENCHMARK.md,OpenAI Codex,https://github.com/mochilang/mochi/pull/217,True,generic_perf,False,True
3179668749,.github/workflows/test_benchmark_collection_models.yml,OpenAI Codex,https://github.com/AMICI-dev/AMICI/pull/2840,True,generic_perf,False,True
3206356214,tests/any2mochi/fs/load_save_json.fs.error,OpenAI Codex,https://github.com/mochilang/mochi/pull/5621,True,generic_perf,False,True
3248269299,tests/transpiler/x/cobol/load_yaml.error,OpenAI Codex,https://github.com/mochilang/mochi/pull/11311,True,generic_perf,False,True
3209336505,tests/machine/x/st/load_yaml.error,OpenAI Codex,https://github.com/mochilang/mochi/pull/6110,True,generic_perf,False,True
3209336505,tests/machine/x/st/load_yaml.st,OpenAI Codex,https://github.com/mochilang/mochi/pull/6110,True,generic_perf,False,True
3254497057,.github/workflows/loadtest.yml,OpenAI Codex,https://github.com/MontrealAI/AGI-Alpha-Agent-v0/pull/3679,True,generic_perf,False,True
3236651784,tests/vm/valid/load_yaml.ir.out,OpenAI Codex,https://github.com/mochilang/mochi/pull/8991,True,generic_perf,False,True
3179969375,tests/compiler/java/load_save_json.java.out,OpenAI Codex,https://github.com/mochilang/mochi/pull/3573,True,generic_perf,False,True
3136852981,src/meta_agent/embedding_benchmark.py,OpenAI Codex,https://github.com/DannyMac180/meta-agent/pull/184,True,generic_perf,False,True
3186178446,tests/vm/valid/load_yaml.ir.out,OpenAI Codex,https://github.com/mochilang/mochi/pull/3965,True,generic_perf,False,True
3276240606,tests/json-ast/x/fs/load_jsonl.fs.json,OpenAI Codex,https://github.com/mochilang/mochi/pull/14949,True,generic_perf,False,True
3276240606,tests/json-ast/x/fs/load_yaml.fs.json,OpenAI Codex,https://github.com/mochilang/mochi/pull/14949,True,generic_perf,False,True
3104702154,benchmarks/poly_mini/__init__.py,OpenAI Codex,https://github.com/MontrealAI/AGI-Alpha-Agent-v0/pull/1246,True,generic_perf,False,True
3104702154,benchmarks/swe_mini/__init__.py,OpenAI Codex,https://github.com/MontrealAI/AGI-Alpha-Agent-v0/pull/1246,True,generic_perf,False,True
3250811959,tests/transpiler/x/py/load_jsonl.out,OpenAI Codex,https://github.com/mochilang/mochi/pull/11707,True,generic_perf,False,True
3250811959,tests/transpiler/x/py/load_jsonl.py,OpenAI Codex,https://github.com/mochilang/mochi/pull/11707,True,generic_perf,False,True
3250811959,tests/transpiler/x/py/load_yaml.out,OpenAI Codex,https://github.com/mochilang/mochi/pull/11707,True,generic_perf,False,True
3250811959,tests/transpiler/x/py/load_yaml.py,OpenAI Codex,https://github.com/mochilang/mochi/pull/11707,True,generic_perf,False,True
3078965586,benchmarks/ecs-benchmark.js,OpenAI Codex,https://github.com/elixr-games/elics/pull/31,True,generic_perf,False,True
3078965586,docs/benchmarks.md,OpenAI Codex,https://github.com/elixr-games/elics/pull/31,True,generic_perf,False,True
3078965586,benchmarks/ecs-benchmark.js,OpenAI Codex,https://github.com/elixr-games/elics/pull/31,True,generic_perf,False,True
3078965586,docs/benchmarks.md,OpenAI Codex,https://github.com/elixr-games/elics/pull/31,True,generic_perf,False,True
3209765560,tests/machine/x/swift/load_yaml.error,OpenAI Codex,https://github.com/mochilang/mochi/pull/6159,True,generic_perf,False,True
3210815489,tests/machine/x/php/load_yaml.out,OpenAI Codex,https://github.com/mochilang/mochi/pull/6266,True,generic_perf,False,True
3206355261,tests/any2mochi/clj/load_csv.clj.mochi,OpenAI Codex,https://github.com/mochilang/mochi/pull/5616,True,generic_perf,False,True
3206355261,tests/any2mochi/clj/load_json.clj.mochi,OpenAI Codex,https://github.com/mochilang/mochi/pull/5616,True,generic_perf,False,True
3206355261,tests/any2mochi/clj/load_save_json.clj.mochi,OpenAI Codex,https://github.com/mochilang/mochi/pull/5616,True,generic_perf,False,True
3071564303,packages/duckdb/src/connectors/load/sql-from.ts,OpenAI Codex,https://github.com/sqlrooms/sqlrooms/pull/54,True,generic_perf,False,True
3178251308,tests/compiler/fortran/load_save_json.f90.out,OpenAI Codex,https://github.com/mochilang/mochi/pull/3477,True,generic_perf,False,True
3247845508,tests/transpiler/x/go/load_yaml.error,OpenAI Codex,https://github.com/mochilang/mochi/pull/11213,True,generic_perf,False,True
3181030935,tests/vm/valid/load_yaml.ir.out,OpenAI Codex,https://github.com/mochilang/mochi/pull/3584,True,generic_perf,False,True
3181030935,tests/parser/valid/load_with_expr.golden,OpenAI Codex,https://github.com/mochilang/mochi/pull/3584,True,generic_perf,False,True
3244943432,tests/transpiler/x/clj/load_yaml.error,OpenAI Codex,https://github.com/mochilang/mochi/pull/9987,True,generic_perf,False,True
3204850448,tests/any2mochi/ts/load_json_stdin.mochi,OpenAI Codex,https://github.com/mochilang/mochi/pull/5197,True,generic_perf,False,True
3204850448,tests/any2mochi/ts/load_jsonl_stdin.mochi,OpenAI Codex,https://github.com/mochilang/mochi/pull/5197,True,generic_perf,False,True
3181353565,tests/compiler/cobol/load_save.cob.out,OpenAI Codex,https://github.com/mochilang/mochi/pull/3605,True,generic_perf,False,True
3181353565,tests/compiler/cobol/load_save_json.cob.out,OpenAI Codex,https://github.com/mochilang/mochi/pull/3605,True,generic_perf,False,True
3241695471,tests/machine/x/lua/load_yaml.lua,OpenAI Codex,https://github.com/mochilang/mochi/pull/9440,True,generic_perf,False,True
3222839254,tests/machine/x/pl/load_yaml.error,OpenAI Codex,https://github.com/mochilang/mochi/pull/7792,True,generic_perf,False,True
3249191998,python/examples/osm_cache_performance_test.py,OpenAI Codex,https://github.com/bmander/graphserver/pull/46,True,generic_perf,False,True
3249191998,python/examples/osm_cache_performance_test.py,OpenAI Codex,https://github.com/bmander/graphserver/pull/46,True,generic_perf,False,True
3249191998,python/examples/osm_cache_performance_test.py,OpenAI Codex,https://github.com/bmander/graphserver/pull/46,True,generic_perf,False,True
3226145408,tests/machine/x/erlang/load_yaml.erl,OpenAI Codex,https://github.com/mochilang/mochi/pull/8291,True,generic_perf,False,True
3179979282,tests/compiler/ts/load_json_stdin.ts.out,OpenAI Codex,https://github.com/mochilang/mochi/pull/3576,True,generic_perf,False,True
3179979282,tests/compiler/ts/load_jsonl_stdin.ts.out,OpenAI Codex,https://github.com/mochilang/mochi/pull/3576,True,generic_perf,False,True
3205338230,tests/any2mochi/fortran/load_save_json.mochi,OpenAI Codex,https://github.com/mochilang/mochi/pull/5355,True,generic_perf,False,True
3105370883,jac/jaclang/compiler/passes/main/pyast_load_pass.py,OpenAI Codex,https://github.com/jaseci-labs/jaseci/pull/1995,True,generic_perf,False,True
3181334057,tests/compiler/fortran/load_save_json.f90.out,OpenAI Codex,https://github.com/mochilang/mochi/pull/3597,True,generic_perf,False,True
3273207914,tests/a2mochi/x/cs/load_jsonl.mochi,OpenAI Codex,https://github.com/mochilang/mochi/pull/14578,True,generic_perf,False,True
3273207914,tests/a2mochi/x/cs/load_yaml.mochi,OpenAI Codex,https://github.com/mochilang/mochi/pull/14578,True,generic_perf,False,True
3186381329,runtime/vm/JOINS_BENCHMARKS.md,OpenAI Codex,https://github.com/mochilang/mochi/pull/4002,True,generic_perf,False,True
3171948089,BENCHMARK.md,OpenAI Codex,https://github.com/mochilang/mochi/pull/2848,True,generic_perf,False,True
3204995971,tests/any2mochi/py/load_save_json.error,OpenAI Codex,https://github.com/mochilang/mochi/pull/5229,True,generic_perf,False,True
3088291015,benchmark/src/main/java/net/openhft/Lo4J2PerfTest.java,OpenAI Codex,https://github.com/OpenHFT/Chronicle-Logger/pull/190,True,generic_perf,False,True
3251055490,tests/transpiler/x/zig/load_jsonl.out,OpenAI Codex,https://github.com/mochilang/mochi/pull/11774,True,generic_perf,False,True
3251055490,tests/transpiler/x/zig/load_jsonl.zig,OpenAI Codex,https://github.com/mochilang/mochi/pull/11774,True,generic_perf,False,True
3251055490,tests/transpiler/x/zig/load_yaml.error,OpenAI Codex,https://github.com/mochilang/mochi/pull/11774,True,generic_perf,False,True
3251055490,tests/transpiler/x/zig/load_yaml.out,OpenAI Codex,https://github.com/mochilang/mochi/pull/11774,True,generic_perf,False,True
3251055490,tests/transpiler/x/zig/load_yaml.zig,OpenAI Codex,https://github.com/mochilang/mochi/pull/11774,True,generic_perf,False,True
3206334064,tests/any2mochi/c/load_save_json.c.error,OpenAI Codex,https://github.com/mochilang/mochi/pull/5589,True,generic_perf,False,True
3206334064,tests/any2mochi/c/load_save_json.c.mochi,OpenAI Codex,https://github.com/mochilang/mochi/pull/5589,True,generic_perf,False,True
3206334064,tests/compiler/c/load_save_json.c.out,OpenAI Codex,https://github.com/mochilang/mochi/pull/5589,True,generic_perf,False,True
3218343296,tests/machine/x/ts/load_yaml.ts,OpenAI Codex,https://github.com/mochilang/mochi/pull/7207,True,generic_perf,False,True
3250980692,tests/transpiler/x/rs/load_jsonl.out,OpenAI Codex,https://github.com/mochilang/mochi/pull/11761,True,generic_perf,False,True
3250980692,tests/transpiler/x/rs/load_jsonl.rs,OpenAI Codex,https://github.com/mochilang/mochi/pull/11761,True,generic_perf,False,True
3240406843,tests/machine/x/lua/load_yaml.lua,OpenAI Codex,https://github.com/mochilang/mochi/pull/9389,True,generic_perf,False,True
3215585320,tests/machine/x/c/load_yaml.c,OpenAI Codex,https://github.com/mochilang/mochi/pull/6767,True,generic_perf,False,True
3215585320,tests/machine/x/c/load_yaml.error,OpenAI Codex,https://github.com/mochilang/mochi/pull/6767,True,generic_perf,False,True
3236459072,tests/machine/x/clj/load_yaml.clj,OpenAI Codex,https://github.com/mochilang/mochi/pull/8954,True,generic_perf,False,True
3236459072,tests/machine/x/clj/load_yaml.error,OpenAI Codex,https://github.com/mochilang/mochi/pull/8954,True,generic_perf,False,True
3238603848,tests/machine/x/ex/load_yaml.exs,OpenAI Codex,https://github.com/mochilang/mochi/pull/9224,True,generic_perf,False,True
3206368786,tests/any2mochi/dart/load_csv_to_json.dart.mochi,OpenAI Codex,https://github.com/mochilang/mochi/pull/5645,True,generic_perf,False,True
3206368786,tests/any2mochi/dart/load_json.dart.mochi,OpenAI Codex,https://github.com/mochilang/mochi/pull/5645,True,generic_perf,False,True
3206368786,tests/any2mochi/dart/load_jsonl_to_csv.dart.mochi,OpenAI Codex,https://github.com/mochilang/mochi/pull/5645,True,generic_perf,False,True
3209004421,tests/human/x/hs/load_yaml.hs,OpenAI Codex,https://github.com/mochilang/mochi/pull/6082,True,generic_perf,False,True
3236897201,tests/machine/x/python/load_yaml.error,OpenAI Codex,https://github.com/mochilang/mochi/pull/9060,True,generic_perf,False,True
3236897201,tests/machine/x/python/load_yaml.out,OpenAI Codex,https://github.com/mochilang/mochi/pull/9060,True,generic_perf,False,True
3236897201,tests/machine/x/python/load_yaml.py,OpenAI Codex,https://github.com/mochilang/mochi/pull/9060,True,generic_perf,False,True
3206784859,tests/compiler/zig/load_json.zig.out,OpenAI Codex,https://github.com/mochilang/mochi/pull/5827,True,generic_perf,False,True
3206784859,tests/compiler/zig/load_json_stdin.zig.out,OpenAI Codex,https://github.com/mochilang/mochi/pull/5827,True,generic_perf,False,True
3215524403,tests/machine/x/fortran/load_yaml.error,OpenAI Codex,https://github.com/mochilang/mochi/pull/6743,True,generic_perf,False,True
3215524403,tests/machine/x/fortran/load_yaml.f90,OpenAI Codex,https://github.com/mochilang/mochi/pull/6743,True,generic_perf,False,True
3215524403,tests/machine/x/fortran/load_yaml.out,OpenAI Codex,https://github.com/mochilang/mochi/pull/6743,True,generic_perf,False,True
3181430579,tests/compiler/hs/load_json_stdin.hs.out,OpenAI Codex,https://github.com/mochilang/mochi/pull/3636,True,generic_perf,False,True
3218581048,BENCHMARK.md,OpenAI Codex,https://github.com/mochilang/mochi/pull/7285,True,generic_perf,False,True
3186295875,BENCHMARK.md,OpenAI Codex,https://github.com/mochilang/mochi/pull/3976,True,generic_perf,False,True
3170100370,BENCHMARK.md,OpenAI Codex,https://github.com/mochilang/mochi/pull/2768,True,generic_perf,False,True
3072035396,jac/jaclang/compiler/passes/main/pyast_load_pass.py,OpenAI Codex,https://github.com/jaseci-labs/jaseci/pull/1884,True,generic_perf,False,True
3161252806,docs/benchmark.md,OpenAI Codex,https://github.com/janbjorge/pgqueuer/pull/416,True,generic_perf,False,True
3161252806,tools/benchmark.py,OpenAI Codex,https://github.com/janbjorge/pgqueuer/pull/416,True,generic_perf,False,True
3161252806,docs/benchmark.md,OpenAI Codex,https://github.com/janbjorge/pgqueuer/pull/416,True,generic_perf,False,True
3161252806,tools/benchmark.py,OpenAI Codex,https://github.com/janbjorge/pgqueuer/pull/416,True,generic_perf,False,True
3236647228,tests/machine/x/ex/load_yaml.error,OpenAI Codex,https://github.com/mochilang/mochi/pull/8990,True,generic_perf,False,True
3236647228,tests/machine/x/ex/load_yaml.exs,OpenAI Codex,https://github.com/mochilang/mochi/pull/8990,True,generic_perf,False,True
3276232893,tests/json-ast/x/dart/load_yaml.dart.json,OpenAI Codex,https://github.com/mochilang/mochi/pull/14946,True,generic_perf,False,True
3237804931,tests/machine/x/clj/load_yaml.clj,OpenAI Codex,https://github.com/mochilang/mochi/pull/9109,True,generic_perf,False,True
3237804931,tests/machine/x/clj/load_yaml.error,OpenAI Codex,https://github.com/mochilang/mochi/pull/9109,True,generic_perf,False,True
3237804931,tests/machine/x/clj/load_yaml.out,OpenAI Codex,https://github.com/mochilang/mochi/pull/9109,True,generic_perf,False,True
3204771397,tools/agent/leetcode/download_test.go,OpenAI Codex,https://github.com/mochilang/mochi/pull/5184,True,generic_perf,False,True
3209850503,tests/machine/x/go/load_yaml.error,OpenAI Codex,https://github.com/mochilang/mochi/pull/6192,True,generic_perf,False,True
3105366296,jac/jaclang/compiler/passes/main/pyast_load_pass.py,OpenAI Codex,https://github.com/jaseci-labs/jaseci/pull/1993,True,generic_perf,False,True
3206259734,tests/any2mochi/cobol/load_save.cob.mochi,OpenAI Codex,https://github.com/mochilang/mochi/pull/5533,True,generic_perf,False,True
3206259734,tests/any2mochi/cobol/load_save_json.cob.error,OpenAI Codex,https://github.com/mochilang/mochi/pull/5533,True,generic_perf,False,True
3206259734,tests/any2mochi/cobol/load_save_json.cob.mochi,OpenAI Codex,https://github.com/mochilang/mochi/pull/5533,True,generic_perf,False,True
3112390510,examples/dbrx-benchmark/promptfooconfig.yaml,OpenAI Codex,https://github.com/promptfoo/promptfoo/pull/4290,True,generic_perf,False,True
3206752209,tests/compiler/dart/load_csv_to_json.dart.out,OpenAI Codex,https://github.com/mochilang/mochi/pull/5784,True,generic_perf,False,True
3206752209,tests/compiler/dart/load_json.dart.out,OpenAI Codex,https://github.com/mochilang/mochi/pull/5784,True,generic_perf,False,True
3206752209,tests/compiler/dart/load_jsonl_to_csv.dart.out,OpenAI Codex,https://github.com/mochilang/mochi/pull/5784,True,generic_perf,False,True
3217727575,tests/machine/x/hs/load_yaml.hs,OpenAI Codex,https://github.com/mochilang/mochi/pull/7094,True,generic_perf,False,True
3218722609,tests/machine/x/dart/load_yaml.dart,OpenAI Codex,https://github.com/mochilang/mochi/pull/7317,True,generic_perf,False,True
3218722609,tests/machine/x/dart/load_yaml.error,OpenAI Codex,https://github.com/mochilang/mochi/pull/7317,True,generic_perf,False,True
3105367498,jac/jaclang/compiler/passes/main/pyast_load_pass.py,OpenAI Codex,https://github.com/jaseci-labs/jaseci/pull/1994,True,generic_perf,False,True
3075406722,scripts/benchmark.py,OpenAI Codex,https://github.com/commaai/panda/pull/2207,True,generic_perf,False,True
3202663932,tests/compiler/fs/load_save_json.fs.out,OpenAI Codex,https://github.com/mochilang/mochi/pull/5037,True,generic_perf,False,True
3211921492,tests/machine/x/java/load_yaml.error,OpenAI Codex,https://github.com/mochilang/mochi/pull/6402,True,generic_perf,False,True
3236729971,tests/vm/valid/load_yaml.hs.out,OpenAI Codex,https://github.com/mochilang/mochi/pull/9020,True,generic_perf,False,True
3210866371,tests/machine/x/scala/load_yaml.error,OpenAI Codex,https://github.com/mochilang/mochi/pull/6314,True,generic_perf,False,True
3242128024,tests/machine/x/python/load_yaml.py,OpenAI Codex,https://github.com/mochilang/mochi/pull/9492,True,generic_perf,False,True
3251668448,tests/transpiler/x/go/load_jsonl.go,OpenAI Codex,https://github.com/mochilang/mochi/pull/11858,True,generic_perf,False,True
3251668448,tests/transpiler/x/go/load_jsonl.out,OpenAI Codex,https://github.com/mochilang/mochi/pull/11858,True,generic_perf,False,True
3216901588,tests/machine/x/ocaml/load_yaml.error,OpenAI Codex,https://github.com/mochilang/mochi/pull/6979,True,generic_perf,False,True
3185988908,runtime/vm/JOINS_BENCHMARKS.md,OpenAI Codex,https://github.com/mochilang/mochi/pull/3943,True,generic_perf,False,True
3185988908,tests/vm/valid/load_yaml.ir.out,OpenAI Codex,https://github.com/mochilang/mochi/pull/3943,True,generic_perf,False,True
3218934577,tests/machine/x/scala/load_yaml.scala,OpenAI Codex,https://github.com/mochilang/mochi/pull/7343,True,generic_perf,False,True
3192808766,GDJS/tests/benchmarks/force.js,OpenAI Codex,https://github.com/4ian/GDevelop/pull/7685,True,generic_perf,False,True
3192808766,GDJS/tests/benchmarks/layer.js,OpenAI Codex,https://github.com/4ian/GDevelop/pull/7685,True,generic_perf,False,True
3192808766,GDJS/tests/benchmarks/polygon.js,OpenAI Codex,https://github.com/4ian/GDevelop/pull/7685,True,generic_perf,False,True
3192808766,GDJS/tests/benchmarks/runtimeobject.js,OpenAI Codex,https://github.com/4ian/GDevelop/pull/7685,True,generic_perf,False,True
3192808766,GDJS/tests/benchmarks/spriteruntimeobject.js,OpenAI Codex,https://github.com/4ian/GDevelop/pull/7685,True,generic_perf,False,True
3192808766,GDJS/tests/benchmarks/variablescontainer.js,OpenAI Codex,https://github.com/4ian/GDevelop/pull/7685,True,generic_perf,False,True
3209784976,tests/machine/x/rb/load_yaml.error,OpenAI Codex,https://github.com/mochilang/mochi/pull/6165,True,generic_perf,False,True
3209784976,tests/machine/x/rb/load_yaml.rb,OpenAI Codex,https://github.com/mochilang/mochi/pull/6165,True,generic_perf,False,True
3274658191,tests/json-ast/x/ex/load_jsonl.exs.json,OpenAI Codex,https://github.com/mochilang/mochi/pull/14772,True,generic_perf,False,True
3274658191,tests/json-ast/x/ex/load_yaml.exs.json,OpenAI Codex,https://github.com/mochilang/mochi/pull/14772,True,generic_perf,False,True
3217752052,tests/machine/x/php/load_yaml.out,OpenAI Codex,https://github.com/mochilang/mochi/pull/7106,True,generic_perf,False,True
3217752052,tests/machine/x/php/load_yaml.php,OpenAI Codex,https://github.com/mochilang/mochi/pull/7106,True,generic_perf,False,True
3105395269,jac/jaclang/compiler/passes/main/pyast_load_pass.py,OpenAI Codex,https://github.com/jaseci-labs/jaseci/pull/1997,True,generic_perf,False,True
3081150843,benchmarks/koota.js,OpenAI Codex,https://github.com/elixr-games/elics/pull/35,True,generic_perf,False,True
3215611606,tests/machine/x/dart/load_yaml.dart,OpenAI Codex,https://github.com/mochilang/mochi/pull/6786,True,generic_perf,False,True
3210871753,tests/machine/x/php/load_yaml.error,OpenAI Codex,https://github.com/mochilang/mochi/pull/6322,True,generic_perf,False,True
3197875202,BENCHMARK.md,OpenAI Codex,https://github.com/mochilang/mochi/pull/4773,True,generic_perf,False,True
3219398361,tests/machine/x/java/load_yaml.error,OpenAI Codex,https://github.com/mochilang/mochi/pull/7399,True,generic_perf,False,True
3219398361,tests/machine/x/java/load_yaml.java,OpenAI Codex,https://github.com/mochilang/mochi/pull/7399,True,generic_perf,False,True
3206371972,tests/any2mochi/scala/load_save_json.scala.mochi,OpenAI Codex,https://github.com/mochilang/mochi/pull/5651,True,generic_perf,False,True
3208428725,tests/human/x/zig/load_yaml.zig,OpenAI Codex,https://github.com/mochilang/mochi/pull/6046,True,generic_perf,False,True
3216732365,tests/machine/x/swift/load_yaml.error,OpenAI Codex,https://github.com/mochilang/mochi/pull/6940,True,generic_perf,False,True
3216732365,tests/machine/x/swift/load_yaml.out,OpenAI Codex,https://github.com/mochilang/mochi/pull/6940,True,generic_perf,False,True
3216732365,tests/machine/x/swift/load_yaml.swift,OpenAI Codex,https://github.com/mochilang/mochi/pull/6940,True,generic_perf,False,True
3156126576,tests/compiler/go/load_jsonl_stdin.py.out,OpenAI Codex,https://github.com/mochilang/mochi/pull/1684,True,generic_perf,False,True
3206330504,tests/any2mochi/scala/load_save_json.scala.mochi,OpenAI Codex,https://github.com/mochilang/mochi/pull/5582,True,generic_perf,False,True
3231138209,tests/compiler/rust/load_save_json.rs.out,OpenAI Codex,https://github.com/mochilang/mochi/pull/8776,True,generic_perf,False,True
3101857129,examples/dbrx-benchmark/promptfooconfig.yaml,OpenAI Codex,https://github.com/promptfoo/promptfoo/pull/4248,True,generic_perf,False,True
3101857129,site/docs/guides/llama2-uncensored-benchmark-ollama.md,OpenAI Codex,https://github.com/promptfoo/promptfoo/pull/4248,True,generic_perf,False,True
3107473031,jac/jaclang/compiler/passes/main/pyast_load_pass.py,OpenAI Codex,https://github.com/jaseci-labs/jaseci/pull/2018,True,generic_perf,False,True
3218393724,tests/machine/x/ts/load_yaml.ts,OpenAI Codex,https://github.com/mochilang/mochi/pull/7231,True,generic_perf,False,True
3242174049,tests/machine/x/cpp/load_yaml.cpp,OpenAI Codex,https://github.com/mochilang/mochi/pull/9504,True,generic_perf,False,True
3236878089,tests/data/usage_scenarios/labels_stress_allowed.yml,OpenAI Codex,https://github.com/green-coding-solutions/green-metrics-tool/pull/1253,True,generic_perf,False,True
3236878089,tests/data/usage_scenarios/labels_stress_forbidden.yml,OpenAI Codex,https://github.com/green-coding-solutions/green-metrics-tool/pull/1253,True,generic_perf,False,True
3236878089,tests/data/usage_scenarios/labels_stress_forbidden.yml,OpenAI Codex,https://github.com/green-coding-solutions/green-metrics-tool/pull/1253,True,generic_perf,False,True
3209837942,tests/machine/x/scala/load_yaml.error,OpenAI Codex,https://github.com/mochilang/mochi/pull/6186,True,generic_perf,False,True
3206266027,tests/any2mochi/scheme/load_jsonl_stdin.scm.error,OpenAI Codex,https://github.com/mochilang/mochi/pull/5551,True,generic_perf,False,True
3206266027,tests/any2mochi/scheme/load_save_json.scm.error,OpenAI Codex,https://github.com/mochilang/mochi/pull/5551,True,generic_perf,False,True
3181434002,BENCHMARK.md,OpenAI Codex,https://github.com/mochilang/mochi/pull/3644,True,generic_perf,False,True
3236968908,tests/machine/x/python/load_yaml.py,OpenAI Codex,https://github.com/mochilang/mochi/pull/9068,True,generic_perf,False,True
3084684604,benchmarks/elics.js,OpenAI Codex,https://github.com/elixr-games/elics/pull/39,True,generic_perf,False,True
3274465617,tests/a2mochi/x/fs/load_jsonl.error,OpenAI Codex,https://github.com/mochilang/mochi/pull/14744,True,generic_perf,False,True
3274465617,tests/a2mochi/x/fs/load_yaml.error,OpenAI Codex,https://github.com/mochilang/mochi/pull/14744,True,generic_perf,False,True
3209779327,tests/machine/x/pl/load_yaml.error,OpenAI Codex,https://github.com/mochilang/mochi/pull/6162,True,generic_perf,False,True
3209779327,tests/machine/x/pl/load_yaml.out,OpenAI Codex,https://github.com/mochilang/mochi/pull/6162,True,generic_perf,False,True
3209779327,tests/machine/x/pl/load_yaml.pl,OpenAI Codex,https://github.com/mochilang/mochi/pull/6162,True,generic_perf,False,True
3206370634,tests/any2mochi/erl/load_save_json.erl.error,OpenAI Codex,https://github.com/mochilang/mochi/pull/5647,True,generic_perf,False,True
3206204172,tests/any2mochi/go/load_jsonl_stdin.error,OpenAI Codex,https://github.com/mochilang/mochi/pull/5496,True,generic_perf,False,True
3206204172,tests/any2mochi/go/load_jsonl_stdin.mochi,OpenAI Codex,https://github.com/mochilang/mochi/pull/5496,True,generic_perf,False,True
3206204172,tests/any2mochi/go/load_save_json.error,OpenAI Codex,https://github.com/mochilang/mochi/pull/5496,True,generic_perf,False,True
3206204172,tests/any2mochi/go/load_save_json.mochi,OpenAI Codex,https://github.com/mochilang/mochi/pull/5496,True,generic_perf,False,True
3092512259,.github/workflows/benchmark.yml,OpenAI Codex,https://github.com/gofiber/fiber/pull/3484,True,generic_perf,False,True
3245131228,tests/transpiler/x/ts/load_yaml.error,OpenAI Codex,https://github.com/mochilang/mochi/pull/10100,True,generic_perf,False,True
3271934577,tests/a2mochi/x/kt/load_jsonl.ast,OpenAI Codex,https://github.com/mochilang/mochi/pull/14430,True,generic_perf,False,True
3271934577,tests/a2mochi/x/kt/load_jsonl.mochi,OpenAI Codex,https://github.com/mochilang/mochi/pull/14430,True,generic_perf,False,True
3271934577,tests/a2mochi/x/kt/load_jsonl.out,OpenAI Codex,https://github.com/mochilang/mochi/pull/14430,True,generic_perf,False,True
3271934577,tests/a2mochi/x/kt/load_yaml.ast,OpenAI Codex,https://github.com/mochilang/mochi/pull/14430,True,generic_perf,False,True
3271934577,tests/a2mochi/x/kt/load_yaml.mochi,OpenAI Codex,https://github.com/mochilang/mochi/pull/14430,True,generic_perf,False,True
3271934577,tests/a2mochi/x/kt/load_yaml.out,OpenAI Codex,https://github.com/mochilang/mochi/pull/14430,True,generic_perf,False,True
3206329751,tests/any2mochi/py/load_save_json.error,OpenAI Codex,https://github.com/mochilang/mochi/pull/5581,True,generic_perf,False,True
3070423135,benchmarks/advanced_benchmark.py,OpenAI Codex,https://github.com/beowolx/rensa/pull/21,True,generic_perf,False,True
3070423135,benchmarks/simple_benchmark.py,OpenAI Codex,https://github.com/beowolx/rensa/pull/21,True,generic_perf,False,True
3244980505,tests/transpiler/x/scala/load_yaml.error,OpenAI Codex,https://github.com/mochilang/mochi/pull/10037,True,generic_perf,False,True
3209336798,tests/machine/x/swift/load_yaml.out,OpenAI Codex,https://github.com/mochilang/mochi/pull/6111,True,generic_perf,False,True
3209336798,tests/machine/x/swift/load_yaml.swift,OpenAI Codex,https://github.com/mochilang/mochi/pull/6111,True,generic_perf,False,True
3181371618,tests/compiler/scheme/load_jsonl_stdin.scm.out,OpenAI Codex,https://github.com/mochilang/mochi/pull/3619,True,generic_perf,False,True
3181371618,tests/compiler/scheme/load_save_json.scm.out,OpenAI Codex,https://github.com/mochilang/mochi/pull/3619,True,generic_perf,False,True
3242170664,tests/machine/x/clj/load_yaml.clj,OpenAI Codex,https://github.com/mochilang/mochi/pull/9502,True,generic_perf,False,True
3181456860,tests/compiler/swift/load_save_json.swift.out,OpenAI Codex,https://github.com/mochilang/mochi/pull/3651,True,generic_perf,False,True
3250885612,tests/transpiler/x/ts/load_jsonl.out,OpenAI Codex,https://github.com/mochilang/mochi/pull/11744,True,generic_perf,False,True
3250885612,tests/transpiler/x/ts/load_jsonl.ts,OpenAI Codex,https://github.com/mochilang/mochi/pull/11744,True,generic_perf,False,True
3250885612,tests/transpiler/x/ts/load_yaml.out,OpenAI Codex,https://github.com/mochilang/mochi/pull/11744,True,generic_perf,False,True
3250885612,tests/transpiler/x/ts/load_yaml.ts,OpenAI Codex,https://github.com/mochilang/mochi/pull/11744,True,generic_perf,False,True
3217743123,tests/machine/x/dart/load_yaml.dart,OpenAI Codex,https://github.com/mochilang/mochi/pull/7100,True,generic_perf,False,True
3217743123,tests/machine/x/dart/load_yaml.error,OpenAI Codex,https://github.com/mochilang/mochi/pull/7100,True,generic_perf,False,True
3106379023,jac/jaclang/compiler/passes/main/pyast_load_pass.py,OpenAI Codex,https://github.com/jaseci-labs/jaseci/pull/2008,True,generic_perf,False,True
3178166792,tests/compiler/rb/load_save_json.in,OpenAI Codex,https://github.com/mochilang/mochi/pull/3471,True,generic_perf,False,True
3178166792,tests/compiler/rb/load_save_json.mochi,OpenAI Codex,https://github.com/mochilang/mochi/pull/3471,True,generic_perf,False,True
3178166792,tests/compiler/rb/load_save_json.out,OpenAI Codex,https://github.com/mochilang/mochi/pull/3471,True,generic_perf,False,True
3178166792,tests/compiler/rb/load_save_json.rb.out,OpenAI Codex,https://github.com/mochilang/mochi/pull/3471,True,generic_perf,False,True
3258420806,agent/src/flow_generator/perf/tcp.rs,OpenAI Codex,https://github.com/deepflowio/deepflow/pull/10177,True,generic_perf,False,True
3258420806,agent/src/flow_generator/perf/tcp.rs,OpenAI Codex,https://github.com/deepflowio/deepflow/pull/10177,True,generic_perf,False,True
3225372734,tests/machine/x/scheme/load_yaml.out,OpenAI Codex,https://github.com/mochilang/mochi/pull/8038,True,generic_perf,False,True
3225372734,tests/machine/x/scheme/load_yaml.scm,OpenAI Codex,https://github.com/mochilang/mochi/pull/8038,True,generic_perf,False,True
3230472071,benchmarks/livecodebench.py,OpenAI Codex,https://github.com/FoundationAgents/AFlow/pull/25,True,generic_perf,False,True
3206721381,tests/vm/valid/load_yaml.lua.out,OpenAI Codex,https://github.com/mochilang/mochi/pull/5770,True,generic_perf,False,True
3206721381,tests/vm/valid/load_yaml.mochi.out,OpenAI Codex,https://github.com/mochilang/mochi/pull/5770,True,generic_perf,False,True
3206721381,tests/vm/valid/load_yaml.vm.error,OpenAI Codex,https://github.com/mochilang/mochi/pull/5770,True,generic_perf,False,True
3204875050,tests/any2mochi/py/load_save_json.error,OpenAI Codex,https://github.com/mochilang/mochi/pull/5208,True,generic_perf,False,True
3204875050,tests/any2mochi/py/load_save_json.mochi,OpenAI Codex,https://github.com/mochilang/mochi/pull/5208,True,generic_perf,False,True
3206761543,.github/workflows/loadtest.yml,OpenAI Codex,https://github.com/MontrealAI/AGI-Alpha-Agent-v0/pull/3034,True,generic_perf,False,True
3214155983,tests/machine/x/python/load_yaml.error,OpenAI Codex,https://github.com/mochilang/mochi/pull/6518,True,generic_perf,False,True
3214155983,tests/machine/x/python/load_yaml.py,OpenAI Codex,https://github.com/mochilang/mochi/pull/6518,True,generic_perf,False,True
3236705626,tests/machine/x/swift/load_yaml.out,OpenAI Codex,https://github.com/mochilang/mochi/pull/9008,True,generic_perf,False,True
3236705626,tests/machine/x/swift/load_yaml.swift,OpenAI Codex,https://github.com/mochilang/mochi/pull/9008,True,generic_perf,False,True
3169728295,test/external/external_benchmark_llama_schedule.py,OpenAI Codex,https://github.com/tinygrad/tinygrad/pull/10941,True,generic_perf,False,True
3185774415,BENCHMARK.md,OpenAI Codex,https://github.com/mochilang/mochi/pull/3935,True,generic_perf,False,True
3238363686,tests/machine/x/rb/load_yaml.rb,OpenAI Codex,https://github.com/mochilang/mochi/pull/9153,True,generic_perf,False,True
3246439471,tests/transpiler/x/py/load_yaml.error,OpenAI Codex,https://github.com/mochilang/mochi/pull/10866,True,generic_perf,False,True
3246439471,tests/transpiler/x/py/load_yaml.py,OpenAI Codex,https://github.com/mochilang/mochi/pull/10866,True,generic_perf,False,True
3156251049,tests/compiler/go/load_jsonl_stdin.go.out,OpenAI Codex,https://github.com/mochilang/mochi/pull/1705,True,generic_perf,False,True
3181450958,tests/compiler/kt/load_jsonl_stdin.kt.out,OpenAI Codex,https://github.com/mochilang/mochi/pull/3649,True,generic_perf,False,True
3181450958,tests/compiler/kt/load_save_json.kt.out,OpenAI Codex,https://github.com/mochilang/mochi/pull/3649,True,generic_perf,False,True
3181450958,tests/compiler/kt/load_yaml.kt.out,OpenAI Codex,https://github.com/mochilang/mochi/pull/3649,True,generic_perf,False,True
3181432046,tests/compiler/ocaml/load_save_json.ml.out,OpenAI Codex,https://github.com/mochilang/mochi/pull/3639,True,generic_perf,False,True
3181432046,tests/compiler/ocaml/load_save_json_file.ml.out,OpenAI Codex,https://github.com/mochilang/mochi/pull/3639,True,generic_perf,False,True
3257882620,scripts/tpu_transfer_benchmark.py,OpenAI Codex,https://github.com/stanford-crfm/levanter/pull/1096,True,generic_perf,False,True
3257882620,scripts/tpu_transfer_benchmark.py,OpenAI Codex,https://github.com/stanford-crfm/levanter/pull/1096,True,generic_perf,False,True
3257882620,scripts/tpu_transfer_benchmark.py,OpenAI Codex,https://github.com/stanford-crfm/levanter/pull/1096,True,generic_perf,False,True
3103776604,benchmarks/docker_runner.py,OpenAI Codex,https://github.com/MontrealAI/AGI-Alpha-Agent-v0/pull/1209,True,generic_perf,False,True
3103776604,benchmarks/poly_mini/__init__.py,OpenAI Codex,https://github.com/MontrealAI/AGI-Alpha-Agent-v0/pull/1209,True,generic_perf,False,True
3103776604,benchmarks/poly_mini/task_001.py,OpenAI Codex,https://github.com/MontrealAI/AGI-Alpha-Agent-v0/pull/1209,True,generic_perf,False,True
3103776604,benchmarks/poly_mini/task_002.py,OpenAI Codex,https://github.com/MontrealAI/AGI-Alpha-Agent-v0/pull/1209,True,generic_perf,False,True
3103776604,benchmarks/poly_mini/task_003.py,OpenAI Codex,https://github.com/MontrealAI/AGI-Alpha-Agent-v0/pull/1209,True,generic_perf,False,True
3103776604,benchmarks/poly_mini/task_004.py,OpenAI Codex,https://github.com/MontrealAI/AGI-Alpha-Agent-v0/pull/1209,True,generic_perf,False,True
3103776604,benchmarks/poly_mini/task_005.py,OpenAI Codex,https://github.com/MontrealAI/AGI-Alpha-Agent-v0/pull/1209,True,generic_perf,False,True
3103776604,benchmarks/poly_mini/task_006.py,OpenAI Codex,https://github.com/MontrealAI/AGI-Alpha-Agent-v0/pull/1209,True,generic_perf,False,True
3103776604,benchmarks/poly_mini/task_007.py,OpenAI Codex,https://github.com/MontrealAI/AGI-Alpha-Agent-v0/pull/1209,True,generic_perf,False,True
3103776604,benchmarks/poly_mini/task_008.py,OpenAI Codex,https://github.com/MontrealAI/AGI-Alpha-Agent-v0/pull/1209,True,generic_perf,False,True
3103776604,benchmarks/poly_mini/task_009.py,OpenAI Codex,https://github.com/MontrealAI/AGI-Alpha-Agent-v0/pull/1209,True,generic_perf,False,True
3103776604,benchmarks/poly_mini/task_010.py,OpenAI Codex,https://github.com/MontrealAI/AGI-Alpha-Agent-v0/pull/1209,True,generic_perf,False,True
3103776604,benchmarks/poly_mini/task_011.py,OpenAI Codex,https://github.com/MontrealAI/AGI-Alpha-Agent-v0/pull/1209,True,generic_perf,False,True
3103776604,benchmarks/poly_mini/task_012.py,OpenAI Codex,https://github.com/MontrealAI/AGI-Alpha-Agent-v0/pull/1209,True,generic_perf,False,True
3103776604,benchmarks/poly_mini/task_013.py,OpenAI Codex,https://github.com/MontrealAI/AGI-Alpha-Agent-v0/pull/1209,True,generic_perf,False,True
3103776604,benchmarks/poly_mini/task_014.py,OpenAI Codex,https://github.com/MontrealAI/AGI-Alpha-Agent-v0/pull/1209,True,generic_perf,False,True
3103776604,benchmarks/poly_mini/task_015.py,OpenAI Codex,https://github.com/MontrealAI/AGI-Alpha-Agent-v0/pull/1209,True,generic_perf,False,True
3103776604,benchmarks/poly_mini/task_016.py,OpenAI Codex,https://github.com/MontrealAI/AGI-Alpha-Agent-v0/pull/1209,True,generic_perf,False,True
3103776604,benchmarks/poly_mini/task_017.py,OpenAI Codex,https://github.com/MontrealAI/AGI-Alpha-Agent-v0/pull/1209,True,generic_perf,False,True
3103776604,benchmarks/poly_mini/task_018.py,OpenAI Codex,https://github.com/MontrealAI/AGI-Alpha-Agent-v0/pull/1209,True,generic_perf,False,True
3103776604,benchmarks/poly_mini/task_019.py,OpenAI Codex,https://github.com/MontrealAI/AGI-Alpha-Agent-v0/pull/1209,True,generic_perf,False,True
3103776604,benchmarks/poly_mini/task_020.py,OpenAI Codex,https://github.com/MontrealAI/AGI-Alpha-Agent-v0/pull/1209,True,generic_perf,False,True
3103776604,benchmarks/run_benchmarks.py,OpenAI Codex,https://github.com/MontrealAI/AGI-Alpha-Agent-v0/pull/1209,True,generic_perf,False,True
3103776604,benchmarks/swe_mini/__init__.py,OpenAI Codex,https://github.com/MontrealAI/AGI-Alpha-Agent-v0/pull/1209,True,generic_perf,False,True
3103776604,benchmarks/swe_mini/task_001.py,OpenAI Codex,https://github.com/MontrealAI/AGI-Alpha-Agent-v0/pull/1209,True,generic_perf,False,True
3103776604,benchmarks/swe_mini/task_002.py,OpenAI Codex,https://github.com/MontrealAI/AGI-Alpha-Agent-v0/pull/1209,True,generic_perf,False,True
3103776604,benchmarks/swe_mini/task_003.py,OpenAI Codex,https://github.com/MontrealAI/AGI-Alpha-Agent-v0/pull/1209,True,generic_perf,False,True
3103776604,benchmarks/swe_mini/task_004.py,OpenAI Codex,https://github.com/MontrealAI/AGI-Alpha-Agent-v0/pull/1209,True,generic_perf,False,True
3103776604,benchmarks/swe_mini/task_005.py,OpenAI Codex,https://github.com/MontrealAI/AGI-Alpha-Agent-v0/pull/1209,True,generic_perf,False,True
3103776604,benchmarks/swe_mini/task_006.py,OpenAI Codex,https://github.com/MontrealAI/AGI-Alpha-Agent-v0/pull/1209,True,generic_perf,False,True
3103776604,benchmarks/swe_mini/task_007.py,OpenAI Codex,https://github.com/MontrealAI/AGI-Alpha-Agent-v0/pull/1209,True,generic_perf,False,True
3103776604,benchmarks/swe_mini/task_008.py,OpenAI Codex,https://github.com/MontrealAI/AGI-Alpha-Agent-v0/pull/1209,True,generic_perf,False,True
3103776604,benchmarks/swe_mini/task_009.py,OpenAI Codex,https://github.com/MontrealAI/AGI-Alpha-Agent-v0/pull/1209,True,generic_perf,False,True
3103776604,benchmarks/swe_mini/task_010.py,OpenAI Codex,https://github.com/MontrealAI/AGI-Alpha-Agent-v0/pull/1209,True,generic_perf,False,True
3103776604,benchmarks/swe_mini/task_011.py,OpenAI Codex,https://github.com/MontrealAI/AGI-Alpha-Agent-v0/pull/1209,True,generic_perf,False,True
3103776604,benchmarks/swe_mini/task_012.py,OpenAI Codex,https://github.com/MontrealAI/AGI-Alpha-Agent-v0/pull/1209,True,generic_perf,False,True
3103776604,benchmarks/swe_mini/task_013.py,OpenAI Codex,https://github.com/MontrealAI/AGI-Alpha-Agent-v0/pull/1209,True,generic_perf,False,True
3103776604,benchmarks/swe_mini/task_014.py,OpenAI Codex,https://github.com/MontrealAI/AGI-Alpha-Agent-v0/pull/1209,True,generic_perf,False,True
3103776604,benchmarks/swe_mini/task_015.py,OpenAI Codex,https://github.com/MontrealAI/AGI-Alpha-Agent-v0/pull/1209,True,generic_perf,False,True
3103776604,benchmarks/swe_mini/task_016.py,OpenAI Codex,https://github.com/MontrealAI/AGI-Alpha-Agent-v0/pull/1209,True,generic_perf,False,True
3103776604,benchmarks/swe_mini/task_017.py,OpenAI Codex,https://github.com/MontrealAI/AGI-Alpha-Agent-v0/pull/1209,True,generic_perf,False,True
3103776604,benchmarks/swe_mini/task_018.py,OpenAI Codex,https://github.com/MontrealAI/AGI-Alpha-Agent-v0/pull/1209,True,generic_perf,False,True
3103776604,benchmarks/swe_mini/task_019.py,OpenAI Codex,https://github.com/MontrealAI/AGI-Alpha-Agent-v0/pull/1209,True,generic_perf,False,True
3103776604,benchmarks/swe_mini/task_020.py,OpenAI Codex,https://github.com/MontrealAI/AGI-Alpha-Agent-v0/pull/1209,True,generic_perf,False,True
3103776604,benchmarks/swe_mini/task_021.py,OpenAI Codex,https://github.com/MontrealAI/AGI-Alpha-Agent-v0/pull/1209,True,generic_perf,False,True
3103776604,benchmarks/swe_mini/task_022.py,OpenAI Codex,https://github.com/MontrealAI/AGI-Alpha-Agent-v0/pull/1209,True,generic_perf,False,True
3103776604,benchmarks/swe_mini/task_023.py,OpenAI Codex,https://github.com/MontrealAI/AGI-Alpha-Agent-v0/pull/1209,True,generic_perf,False,True
3103776604,benchmarks/swe_mini/task_024.py,OpenAI Codex,https://github.com/MontrealAI/AGI-Alpha-Agent-v0/pull/1209,True,generic_perf,False,True
3103776604,benchmarks/swe_mini/task_025.py,OpenAI Codex,https://github.com/MontrealAI/AGI-Alpha-Agent-v0/pull/1209,True,generic_perf,False,True
3103776604,tests/test_benchmarks.py,OpenAI Codex,https://github.com/MontrealAI/AGI-Alpha-Agent-v0/pull/1209,True,generic_perf,False,True
3274638453,tests/json-ast/x/rb/load_jsonl.rb.json,OpenAI Codex,https://github.com/mochilang/mochi/pull/14769,True,generic_perf,False,True
3274638453,tests/json-ast/x/rb/load_yaml.rb.json,OpenAI Codex,https://github.com/mochilang/mochi/pull/14769,True,generic_perf,False,True
3204445121,tests/any2mochi/load_json_stdin.mochi.out,OpenAI Codex,https://github.com/mochilang/mochi/pull/5148,True,generic_perf,False,True
3204445121,tests/any2mochi/load_jsonl_stdin.mochi.out,OpenAI Codex,https://github.com/mochilang/mochi/pull/5148,True,generic_perf,False,True
3204445121,tests/any2mochi/load_save_json.mochi.out,OpenAI Codex,https://github.com/mochilang/mochi/pull/5148,True,generic_perf,False,True
3240524105,cartography/intel/aws/ec2/load_balancer_v2s.py,OpenAI Codex,https://github.com/cartography-cncf/cartography/pull/1695,True,generic_perf,False,True
3236676688,tests/vm/valid/load_yaml.rkt.out,OpenAI Codex,https://github.com/mochilang/mochi/pull/8997,True,generic_perf,False,True
3215196395,tests/machine/x/lua/load_yaml.error,OpenAI Codex,https://github.com/mochilang/mochi/pull/6667,True,generic_perf,False,True
3213335920,tools/LightResults.ComparisonBenchmarks/Benchmarks.cs,OpenAI Codex,https://github.com/jscarle/LightResults/pull/49,True,generic_perf,False,True
3213335920,tools/LightResults.CurrentBenchmarks/Benchmarks.cs,OpenAI Codex,https://github.com/jscarle/LightResults/pull/49,True,generic_perf,False,True
3213335920,tools/LightResults.DevelopBenchmarks/Benchmarks.cs,OpenAI Codex,https://github.com/jscarle/LightResults/pull/49,True,generic_perf,False,True
3248351153,tests/transpiler/x/ocaml/load_yaml.error,OpenAI Codex,https://github.com/mochilang/mochi/pull/11348,True,generic_perf,False,True
3275629277,tests/json-ast/x/cs/load_jsonl.cs.json,OpenAI Codex,https://github.com/mochilang/mochi/pull/14800,True,generic_perf,False,True
3275629277,tests/json-ast/x/cs/load_yaml.cs.json,OpenAI Codex,https://github.com/mochilang/mochi/pull/14800,True,generic_perf,False,True
3181266064,tests/compiler/cpp/load_save_json.cpp.out,OpenAI Codex,https://github.com/mochilang/mochi/pull/3592,True,generic_perf,False,True
3181266064,tests/compiler/cpp/load_save_jsonl.cpp.out,OpenAI Codex,https://github.com/mochilang/mochi/pull/3592,True,generic_perf,False,True
3218234090,tests/machine/x/kotlin/load_yaml.kt,OpenAI Codex,https://github.com/mochilang/mochi/pull/7196,True,generic_perf,False,True
3217761016,tests/machine/x/hs/load_yaml.hs,OpenAI Codex,https://github.com/mochilang/mochi/pull/7115,True,generic_perf,False,True
3226443505,BENCHMARK.md,OpenAI Codex,https://github.com/mochilang/mochi/pull/8446,True,generic_perf,False,True
3236472931,tests/machine/x/hs/load_yaml.error,OpenAI Codex,https://github.com/mochilang/mochi/pull/8959,True,generic_perf,False,True
3236472931,tests/machine/x/hs/load_yaml.hs,OpenAI Codex,https://github.com/mochilang/mochi/pull/8959,True,generic_perf,False,True
3236472931,tests/vm/valid/load_yaml.hs.out,OpenAI Codex,https://github.com/mochilang/mochi/pull/8959,True,generic_perf,False,True
3236685170,tests/machine/x/php/load_yaml.out,OpenAI Codex,https://github.com/mochilang/mochi/pull/9001,True,generic_perf,False,True
3236685170,tests/machine/x/php/load_yaml.php,OpenAI Codex,https://github.com/mochilang/mochi/pull/9001,True,generic_perf,False,True
3093919905,tests/benchmarks/.gitignore,OpenAI Codex,https://github.com/MontrealAI/AGI-Alpha-Agent-v0/pull/977,True,generic_perf,False,True
3093919905,tests/test_benchmark.py,OpenAI Codex,https://github.com/MontrealAI/AGI-Alpha-Agent-v0/pull/977,True,generic_perf,False,True
3141927521,tools/agent/leetcode/download_test.go,OpenAI Codex,https://github.com/mochilang/mochi/pull/473,True,generic_perf,False,True
3208324402,tests/human/x/clj/load_yaml.clj,OpenAI Codex,https://github.com/mochilang/mochi/pull/6015,True,generic_perf,False,True
3206769461,tests/compiler/swift/load_save_json.swift.out,OpenAI Codex,https://github.com/mochilang/mochi/pull/5804,True,generic_perf,False,True
3218600177,tests/machine/x/rb/load_yaml.rb,OpenAI Codex,https://github.com/mochilang/mochi/pull/7290,True,generic_perf,False,True
3236640820,tests/machine/x/java/load_yaml.error,OpenAI Codex,https://github.com/mochilang/mochi/pull/8988,True,generic_perf,False,True
3236640820,tests/machine/x/java/load_yaml.java,OpenAI Codex,https://github.com/mochilang/mochi/pull/8988,True,generic_perf,False,True
3206263040,tests/any2mochi/fs/load_save_json.fs.error,OpenAI Codex,https://github.com/mochilang/mochi/pull/5539,True,generic_perf,False,True
3146399914,benchmark/sparse_buffer_mult.jl,OpenAI Codex,https://github.com/thorek1/MacroModelling.jl/pull/118,True,generic_perf,False,True
3146399914,benchmark/sparse_buffer_mult_output.txt,OpenAI Codex,https://github.com/thorek1/MacroModelling.jl/pull/118,True,generic_perf,False,True
3146399914,benchmark/sparse_buffer_mult.jl,OpenAI Codex,https://github.com/thorek1/MacroModelling.jl/pull/118,True,generic_perf,False,True
3204700723,tests/any2mochi/go/load_jsonl_stdin.go.error,OpenAI Codex,https://github.com/mochilang/mochi/pull/5177,True,generic_perf,False,True
3204700723,tests/any2mochi/go/load_save_json.go.error,OpenAI Codex,https://github.com/mochilang/mochi/pull/5177,True,generic_perf,False,True
3206216403,tests/any2mochi/kt/load_jsonl_stdin.kt.mochi,OpenAI Codex,https://github.com/mochilang/mochi/pull/5513,True,generic_perf,False,True
3206216403,tests/any2mochi/kt/load_save_json.kt.mochi,OpenAI Codex,https://github.com/mochilang/mochi/pull/5513,True,generic_perf,False,True
3206216403,tests/any2mochi/kt/load_yaml.kt.mochi,OpenAI Codex,https://github.com/mochilang/mochi/pull/5513,True,generic_perf,False,True
3274709398,tests/json-ast/x/java/load_jsonl.java.json,OpenAI Codex,https://github.com/mochilang/mochi/pull/14787,True,generic_perf,False,True
3274709398,tests/json-ast/x/java/load_yaml.java.json,OpenAI Codex,https://github.com/mochilang/mochi/pull/14787,True,generic_perf,False,True
3222320189,tests/machine/x/java/load_yaml.java,OpenAI Codex,https://github.com/mochilang/mochi/pull/7698,True,generic_perf,False,True
3185752353,runtime/vm/JOINS_BENCHMARKS.md,OpenAI Codex,https://github.com/mochilang/mochi/pull/3934,True,generic_perf,False,True
3179952135,tests/compiler/cpp/load_save_json.cpp.out,OpenAI Codex,https://github.com/mochilang/mochi/pull/3570,True,generic_perf,False,True
3179952135,tests/compiler/cpp/load_save_jsonl.cpp.out,OpenAI Codex,https://github.com/mochilang/mochi/pull/3570,True,generic_perf,False,True
3181395151,tests/compiler/java/load_save_json.java.out,OpenAI Codex,https://github.com/mochilang/mochi/pull/3626,True,generic_perf,False,True
3155218741,tests/compiler/go/load_jsonl_stdin.go.out,OpenAI Codex,https://github.com/mochilang/mochi/pull/1546,True,generic_perf,False,True
3155218741,tests/compiler/go/load_jsonl_stdin.in,OpenAI Codex,https://github.com/mochilang/mochi/pull/1546,True,generic_perf,False,True
3155218741,tests/compiler/go/load_jsonl_stdin.mochi,OpenAI Codex,https://github.com/mochilang/mochi/pull/1546,True,generic_perf,False,True
3155218741,tests/compiler/go/load_jsonl_stdin.out,OpenAI Codex,https://github.com/mochilang/mochi/pull/1546,True,generic_perf,False,True
3273825968,tests/a2mochi/x/pas/load_yaml.error,OpenAI Codex,https://github.com/mochilang/mochi/pull/14654,True,generic_perf,False,True
3236827599,tests/machine/x/java/load_yaml.java,OpenAI Codex,https://github.com/mochilang/mochi/pull/9039,True,generic_perf,False,True
3204040978,tests/compiler/py/load_save_json.error,OpenAI Codex,https://github.com/mochilang/mochi/pull/5120,True,generic_perf,False,True
3178249725,tests/compiler/ocaml/load_save_json_file.ml.out,OpenAI Codex,https://github.com/mochilang/mochi/pull/3476,True,generic_perf,False,True
3178249725,tests/compiler/ocaml/load_save_json_file.mochi,OpenAI Codex,https://github.com/mochilang/mochi/pull/3476,True,generic_perf,False,True
3178249725,tests/compiler/ocaml/load_save_json_file.out,OpenAI Codex,https://github.com/mochilang/mochi/pull/3476,True,generic_perf,False,True
3225389411,tests/machine/x/lua/load_yaml.lua,OpenAI Codex,https://github.com/mochilang/mochi/pull/8055,True,generic_perf,False,True
3250351529,tests/transpiler/x/py/load_yaml.py,OpenAI Codex,https://github.com/mochilang/mochi/pull/11622,True,generic_perf,False,True
3222829652,tests/machine/x/fs/load_yaml.fs,OpenAI Codex,https://github.com/mochilang/mochi/pull/7787,True,generic_perf,False,True
3162720761,tests/compiler/lua/load_builtin.in,OpenAI Codex,https://github.com/mochilang/mochi/pull/2273,True,generic_perf,False,True
3162720761,tests/compiler/lua/load_builtin.lua.out,OpenAI Codex,https://github.com/mochilang/mochi/pull/2273,True,generic_perf,False,True
3162720761,tests/compiler/lua/load_builtin.mochi,OpenAI Codex,https://github.com/mochilang/mochi/pull/2273,True,generic_perf,False,True
3162720761,tests/compiler/lua/load_builtin.out,OpenAI Codex,https://github.com/mochilang/mochi/pull/2273,True,generic_perf,False,True
3161472093,pkg/config/load_config_args.go,OpenAI Codex,https://github.com/cloudposse/atmos/pull/1318,True,generic_perf,False,True
3161472093,pkg/config/load_config_test.go,OpenAI Codex,https://github.com/cloudposse/atmos/pull/1318,True,generic_perf,False,True
3161472093,pkg/config/load_test.go,OpenAI Codex,https://github.com/cloudposse/atmos/pull/1318,True,generic_perf,False,True
3103580108,benchmarks/__init__.py,OpenAI Codex,https://github.com/MontrealAI/AGI-Alpha-Agent-v0/pull/1198,True,generic_perf,False,True
3103580108,benchmarks/polyglot_lite/__init__.py,OpenAI Codex,https://github.com/MontrealAI/AGI-Alpha-Agent-v0/pull/1198,True,generic_perf,False,True
3103580108,benchmarks/polyglot_lite/task_sample.py,OpenAI Codex,https://github.com/MontrealAI/AGI-Alpha-Agent-v0/pull/1198,True,generic_perf,False,True
3103580108,benchmarks/run_benchmarks.py,OpenAI Codex,https://github.com/MontrealAI/AGI-Alpha-Agent-v0/pull/1198,True,generic_perf,False,True
3103580108,benchmarks/swebench_verified_mini/__init__.py,OpenAI Codex,https://github.com/MontrealAI/AGI-Alpha-Agent-v0/pull/1198,True,generic_perf,False,True
3103580108,benchmarks/swebench_verified_mini/task_sample.py,OpenAI Codex,https://github.com/MontrealAI/AGI-Alpha-Agent-v0/pull/1198,True,generic_perf,False,True
3103580108,tests/test_benchmarks.py,OpenAI Codex,https://github.com/MontrealAI/AGI-Alpha-Agent-v0/pull/1198,True,generic_perf,False,True
3227269809,tests/machine/x/c/load_yaml.c,OpenAI Codex,https://github.com/mochilang/mochi/pull/8650,True,generic_perf,False,True
3227269809,tests/machine/x/c/load_yaml.error,OpenAI Codex,https://github.com/mochilang/mochi/pull/8650,True,generic_perf,False,True
3268887887,tests/a2mochi/x/py/load_jsonl.ast,OpenAI Codex,https://github.com/mochilang/mochi/pull/14175,True,generic_perf,False,True
3268887887,tests/a2mochi/x/py/load_jsonl.mochi,OpenAI Codex,https://github.com/mochilang/mochi/pull/14175,True,generic_perf,False,True
3268887887,tests/a2mochi/x/py/load_yaml.ast,OpenAI Codex,https://github.com/mochilang/mochi/pull/14175,True,generic_perf,False,True
3268887887,tests/a2mochi/x/py/load_yaml.mochi,OpenAI Codex,https://github.com/mochilang/mochi/pull/14175,True,generic_perf,False,True
3177952660,tests/compiler/clj/load_csv.clj.out,OpenAI Codex,https://github.com/mochilang/mochi/pull/3444,True,generic_perf,False,True
3177952660,tests/compiler/clj/load_csv.mochi,OpenAI Codex,https://github.com/mochilang/mochi/pull/3444,True,generic_perf,False,True
3177952660,tests/compiler/clj/load_csv.out,OpenAI Codex,https://github.com/mochilang/mochi/pull/3444,True,generic_perf,False,True
3177952660,tests/compiler/clj/load_json.clj.out,OpenAI Codex,https://github.com/mochilang/mochi/pull/3444,True,generic_perf,False,True
3177952660,tests/compiler/clj/load_json.mochi,OpenAI Codex,https://github.com/mochilang/mochi/pull/3444,True,generic_perf,False,True
3177952660,tests/compiler/clj/load_json.out,OpenAI Codex,https://github.com/mochilang/mochi/pull/3444,True,generic_perf,False,True
3238431095,tests/machine/x/rb/load_yaml.out,OpenAI Codex,https://github.com/mochilang/mochi/pull/9184,True,generic_perf,False,True
3238431095,tests/machine/x/rb/load_yaml.rb,OpenAI Codex,https://github.com/mochilang/mochi/pull/9184,True,generic_perf,False,True
3206571329,tests/any2mochi/ex/load_save_json.ex.error,OpenAI Codex,https://github.com/mochilang/mochi/pull/5674,True,generic_perf,False,True
3206571329,tests/any2mochi/ex/load_save_json.ex.mochi,OpenAI Codex,https://github.com/mochilang/mochi/pull/5674,True,generic_perf,False,True
3274273512,tests/a2mochi/x/pas/load_yaml.error,OpenAI Codex,https://github.com/mochilang/mochi/pull/14679,True,generic_perf,False,True
3217691511,tests/machine/x/hs/load_yaml.error,OpenAI Codex,https://github.com/mochilang/mochi/pull/7083,True,generic_perf,False,True
3217691511,tests/machine/x/hs/load_yaml.hs,OpenAI Codex,https://github.com/mochilang/mochi/pull/7083,True,generic_perf,False,True
3204827171,tests/any2mochi/ts/load_json_stdin.error,OpenAI Codex,https://github.com/mochilang/mochi/pull/5194,True,generic_perf,False,True
3204827171,tests/any2mochi/ts/load_json_stdin.mochi,OpenAI Codex,https://github.com/mochilang/mochi/pull/5194,True,generic_perf,False,True
3204827171,tests/any2mochi/ts/load_json_stdin.ts.error,OpenAI Codex,https://github.com/mochilang/mochi/pull/5194,True,generic_perf,False,True
3204827171,tests/any2mochi/ts/load_json_stdin.ts.mochi,OpenAI Codex,https://github.com/mochilang/mochi/pull/5194,True,generic_perf,False,True
3204827171,tests/any2mochi/ts/load_jsonl_stdin.error,OpenAI Codex,https://github.com/mochilang/mochi/pull/5194,True,generic_perf,False,True
3204827171,tests/any2mochi/ts/load_jsonl_stdin.mochi,OpenAI Codex,https://github.com/mochilang/mochi/pull/5194,True,generic_perf,False,True
3204827171,tests/any2mochi/ts/load_jsonl_stdin.ts.error,OpenAI Codex,https://github.com/mochilang/mochi/pull/5194,True,generic_perf,False,True
3204827171,tests/any2mochi/ts/load_jsonl_stdin.ts.mochi,OpenAI Codex,https://github.com/mochilang/mochi/pull/5194,True,generic_perf,False,True
3277784192,.github/workflows/loadtest.yml,OpenAI Codex,https://github.com/MontrealAI/AGI-Alpha-Agent-v0/pull/3928,True,generic_perf,False,True
3208599569,tests/human/x/c/load_yaml.c,OpenAI Codex,https://github.com/mochilang/mochi/pull/6071,True,generic_perf,False,True
3181649387,tests/compiler/erl/load_save_json.erl.out,OpenAI Codex,https://github.com/mochilang/mochi/pull/3678,True,generic_perf,False,True
3206325794,tests/any2mochi/pas/load_save_json.mochi,OpenAI Codex,https://github.com/mochilang/mochi/pull/5573,True,generic_perf,False,True
3178170287,tests/compiler/java/load_save_json.in,OpenAI Codex,https://github.com/mochilang/mochi/pull/3474,True,generic_perf,False,True
3178170287,tests/compiler/java/load_save_json.java.out,OpenAI Codex,https://github.com/mochilang/mochi/pull/3474,True,generic_perf,False,True
3178170287,tests/compiler/java/load_save_json.mochi,OpenAI Codex,https://github.com/mochilang/mochi/pull/3474,True,generic_perf,False,True
3178170287,tests/compiler/java/load_save_json.out,OpenAI Codex,https://github.com/mochilang/mochi/pull/3474,True,generic_perf,False,True
3238545794,tests/machine/x/c/load_yaml.error,OpenAI Codex,https://github.com/mochilang/mochi/pull/9201,True,generic_perf,False,True
3238545794,tests/machine/x/c/load_yaml.out,OpenAI Codex,https://github.com/mochilang/mochi/pull/9201,True,generic_perf,False,True
3206264629,tests/any2mochi/php/load_save_json.php.mochi,OpenAI Codex,https://github.com/mochilang/mochi/pull/5546,True,generic_perf,False,True
3247108946,tests/transpiler/x/ts/load_yaml.ts,OpenAI Codex,https://github.com/mochilang/mochi/pull/11011,True,generic_perf,False,True
3179957959,tests/compiler/kt/load_jsonl_stdin.kt.out,OpenAI Codex,https://github.com/mochilang/mochi/pull/3572,True,generic_perf,False,True
3179957959,tests/compiler/kt/load_save_json.kt.out,OpenAI Codex,https://github.com/mochilang/mochi/pull/3572,True,generic_perf,False,True
3179957959,tests/compiler/kt/load_yaml.kt.out,OpenAI Codex,https://github.com/mochilang/mochi/pull/3572,True,generic_perf,False,True
3088291154,logger-slf4j-2/src/test/java/net/openhft/chronicle/logger/slf4j2/Slf4jChronicleLoggerPerfTest.java,OpenAI Codex,https://github.com/OpenHFT/Chronicle-Logger/pull/193,True,generic_perf,False,True
3204574293,tests/any2mochi/go/load_jsonl_stdin.go.error,OpenAI Codex,https://github.com/mochilang/mochi/pull/5162,True,generic_perf,False,True
3204574293,tests/any2mochi/go/load_jsonl_stdin.go.mochi,OpenAI Codex,https://github.com/mochilang/mochi/pull/5162,True,generic_perf,False,True
3204574293,tests/any2mochi/go/load_jsonl_stdin.mochi,OpenAI Codex,https://github.com/mochilang/mochi/pull/5162,True,generic_perf,False,True
3204574293,tests/any2mochi/go/load_save_json.go.error,OpenAI Codex,https://github.com/mochilang/mochi/pull/5162,True,generic_perf,False,True
3204574293,tests/any2mochi/go/load_save_json.go.mochi,OpenAI Codex,https://github.com/mochilang/mochi/pull/5162,True,generic_perf,False,True
3204574293,tests/any2mochi/go/load_save_json.mochi,OpenAI Codex,https://github.com/mochilang/mochi/pull/5162,True,generic_perf,False,True
3224983644,tests/machine/x/lua/load_yaml.lua,OpenAI Codex,https://github.com/mochilang/mochi/pull/7926,True,generic_perf,False,True
3226874756,pygs/graphserver/ext/osm/load_osm.py,OpenAI Codex,https://github.com/bmander/graphserver/pull/40,True,generic_perf,False,True
3240473350,tests/machine/x/pascal/load_yaml.error,OpenAI Codex,https://github.com/mochilang/mochi/pull/9413,True,generic_perf,False,True
3240473350,tests/machine/x/pascal/load_yaml.pas,OpenAI Codex,https://github.com/mochilang/mochi/pull/9413,True,generic_perf,False,True
3238723742,tests/machine/x/erlang/load_yaml.erl,OpenAI Codex,https://github.com/mochilang/mochi/pull/9253,True,generic_perf,False,True
3238540324,tests/machine/x/ex/load_yaml.exs,OpenAI Codex,https://github.com/mochilang/mochi/pull/9200,True,generic_perf,False,True
3238540324,tests/machine/x/ex/load_yaml.out,OpenAI Codex,https://github.com/mochilang/mochi/pull/9200,True,generic_perf,False,True
3203415987,tests/compiler/go/load_jsonl_stdin.mochi.out,OpenAI Codex,https://github.com/mochilang/mochi/pull/5108,True,generic_perf,False,True
3203415987,tests/compiler/go/load_save_json.mochi.out,OpenAI Codex,https://github.com/mochilang/mochi/pull/5108,True,generic_perf,False,True
3123592543,benchmarks/position_manager_benchmark.cpp,OpenAI Codex,https://github.com/FLOX-Foundation/flox/pull/13,True,generic_perf,False,True
3206093375,tests/any2mochi/go/load_jsonl_stdin.error,OpenAI Codex,https://github.com/mochilang/mochi/pull/5487,True,generic_perf,False,True
3206093375,tests/any2mochi/go/load_save_json.error,OpenAI Codex,https://github.com/mochilang/mochi/pull/5487,True,generic_perf,False,True
3184472694,runtime/stackvm/benchmark_test.go,OpenAI Codex,https://github.com/mochilang/mochi/pull/3877,True,generic_perf,False,True
3217145317,tests/machine/x/kotlin/load_yaml.kt,OpenAI Codex,https://github.com/mochilang/mochi/pull/7052,True,generic_perf,False,True
3217145317,tests/machine/x/kotlin/load_yaml.out,OpenAI Codex,https://github.com/mochilang/mochi/pull/7052,True,generic_perf,False,True
3217766297,tests/machine/x/fs/load_yaml.fs,OpenAI Codex,https://github.com/mochilang/mochi/pull/7119,True,generic_perf,False,True
3205355100,tests/any2mochi/ts/load_json_stdin.error,OpenAI Codex,https://github.com/mochilang/mochi/pull/5372,True,generic_perf,False,True
3205355100,tests/any2mochi/ts/load_json_stdin.mochi,OpenAI Codex,https://github.com/mochilang/mochi/pull/5372,True,generic_perf,False,True
3205355100,tests/any2mochi/ts/load_json_stdin.ts.mochi,OpenAI Codex,https://github.com/mochilang/mochi/pull/5372,True,generic_perf,False,True
3205355100,tests/any2mochi/ts/load_jsonl_stdin.error,OpenAI Codex,https://github.com/mochilang/mochi/pull/5372,True,generic_perf,False,True
3205355100,tests/any2mochi/ts/load_jsonl_stdin.mochi,OpenAI Codex,https://github.com/mochilang/mochi/pull/5372,True,generic_perf,False,True
3205355100,tests/any2mochi/ts/load_jsonl_stdin.ts.mochi,OpenAI Codex,https://github.com/mochilang/mochi/pull/5372,True,generic_perf,False,True
3181371441,tests/compiler/php/load_save_json.out,OpenAI Codex,https://github.com/mochilang/mochi/pull/3617,True,generic_perf,False,True
3181371441,tests/compiler/php/load_save_json.php.out,OpenAI Codex,https://github.com/mochilang/mochi/pull/3617,True,generic_perf,False,True
3238599794,tests/machine/x/java/load_yaml.java,OpenAI Codex,https://github.com/mochilang/mochi/pull/9222,True,generic_perf,False,True
3245008862,tests/transpiler/x/java/load_yaml.error,OpenAI Codex,https://github.com/mochilang/mochi/pull/10059,True,generic_perf,False,True
3128376278,.github/workflows/loadtest.yml,OpenAI Codex,https://github.com/MontrealAI/AGI-Alpha-Agent-v0/pull/1863,True,generic_perf,False,True
3172132252,tests/vm/valid/load_yaml.ir.out,OpenAI Codex,https://github.com/mochilang/mochi/pull/2852,True,generic_perf,False,True
3172132252,tests/vm/valid/load_yaml.mochi,OpenAI Codex,https://github.com/mochilang/mochi/pull/2852,True,generic_perf,False,True
3172132252,tests/vm/valid/load_yaml.out,OpenAI Codex,https://github.com/mochilang/mochi/pull/2852,True,generic_perf,False,True
3234978750,benchmarks/livecodebench.py,OpenAI Codex,https://github.com/FoundationAgents/AFlow/pull/26,True,generic_perf,False,True
3237726757,tests/machine/x/ex/load_yaml.error,OpenAI Codex,https://github.com/mochilang/mochi/pull/9076,True,generic_perf,False,True
3237726757,tests/machine/x/ex/load_yaml.exs,OpenAI Codex,https://github.com/mochilang/mochi/pull/9076,True,generic_perf,False,True
3237726757,tests/machine/x/ex/load_yaml.out,OpenAI Codex,https://github.com/mochilang/mochi/pull/9076,True,generic_perf,False,True
3181321016,tests/compiler/cs/load_json.cs.out,OpenAI Codex,https://github.com/mochilang/mochi/pull/3596,True,generic_perf,False,True
3225606926,tests/machine/x/fs/load_yaml.error,OpenAI Codex,https://github.com/mochilang/mochi/pull/8122,True,generic_perf,False,True
3095732878,.github/workflows/loadtest.yml,OpenAI Codex,https://github.com/MontrealAI/AGI-Alpha-Agent-v0/pull/1031,True,generic_perf,False,True
3178327774,tests/compiler/cobol/load_save.cob.out,OpenAI Codex,https://github.com/mochilang/mochi/pull/3481,True,generic_perf,False,True
3178327774,tests/compiler/cobol/load_save_json.cob.out,OpenAI Codex,https://github.com/mochilang/mochi/pull/3481,True,generic_perf,False,True
3237816431,tests/machine/x/racket/load_yaml.rkt,OpenAI Codex,https://github.com/mochilang/mochi/pull/9119,True,generic_perf,False,True
3211841763,tests/machine/x/erlang/load_yaml.error,OpenAI Codex,https://github.com/mochilang/mochi/pull/6394,True,generic_perf,False,True
3218460696,tests/machine/x/java/load_yaml.java,OpenAI Codex,https://github.com/mochilang/mochi/pull/7261,True,generic_perf,False,True
3206332203,tests/any2mochi/cs/load_json.cs.mochi,OpenAI Codex,https://github.com/mochilang/mochi/pull/5585,True,generic_perf,False,True
3206332203,tests/any2mochi/cs/load_json.error,OpenAI Codex,https://github.com/mochilang/mochi/pull/5585,True,generic_perf,False,True
3178166957,tests/compiler/pl/load_json_to_json.mochi,OpenAI Codex,https://github.com/mochilang/mochi/pull/3472,True,generic_perf,False,True
3178166957,tests/compiler/pl/load_json_to_json.out,OpenAI Codex,https://github.com/mochilang/mochi/pull/3472,True,generic_perf,False,True
3178166957,tests/compiler/pl/load_json_to_json.pl.out,OpenAI Codex,https://github.com/mochilang/mochi/pull/3472,True,generic_perf,False,True
3210691513,tests/machine/x/scheme/load_yaml.error,OpenAI Codex,https://github.com/mochilang/mochi/pull/6238,True,generic_perf,False,True
3210691513,tests/machine/x/scheme/load_yaml.scm,OpenAI Codex,https://github.com/mochilang/mochi/pull/6238,True,generic_perf,False,True
3209843535,tests/machine/x/php/load_yaml.php,OpenAI Codex,https://github.com/mochilang/mochi/pull/6189,True,generic_perf,False,True
3105363331,jac/jaclang/compiler/passes/main/pyast_load_pass.py,OpenAI Codex,https://github.com/jaseci-labs/jaseci/pull/1991,True,generic_perf,False,True
3206356438,tests/any2mochi/ocaml/load_save_json.ml.mochi,OpenAI Codex,https://github.com/mochilang/mochi/pull/5625,True,generic_perf,False,True
3206356438,tests/any2mochi/ocaml/load_save_json_file.ml.mochi,OpenAI Codex,https://github.com/mochilang/mochi/pull/5625,True,generic_perf,False,True
3276259502,tests/json-ast/x/rkt/load_jsonl.rkt.json,OpenAI Codex,https://github.com/mochilang/mochi/pull/14955,True,generic_perf,False,True
3276259502,tests/json-ast/x/rkt/load_yaml.rkt.json,OpenAI Codex,https://github.com/mochilang/mochi/pull/14955,True,generic_perf,False,True
3275445727,tests/json-ast/x/pl/load_jsonl.pl.json,OpenAI Codex,https://github.com/mochilang/mochi/pull/14790,True,generic_perf,False,True
3275445727,tests/json-ast/x/pl/load_yaml.pl.json,OpenAI Codex,https://github.com/mochilang/mochi/pull/14790,True,generic_perf,False,True
3274678042,tests/json-ast/x/cs/load_jsonl.cs.json,OpenAI Codex,https://github.com/mochilang/mochi/pull/14778,True,generic_perf,False,True
3274678042,tests/json-ast/x/cs/load_yaml.cs.json,OpenAI Codex,https://github.com/mochilang/mochi/pull/14778,True,generic_perf,False,True
3217607110,tests/machine/x/rust/load_yaml.error,OpenAI Codex,https://github.com/mochilang/mochi/pull/7063,True,generic_perf,False,True
3217607110,tests/machine/x/rust/load_yaml.out,OpenAI Codex,https://github.com/mochilang/mochi/pull/7063,True,generic_perf,False,True
3217607110,tests/machine/x/rust/load_yaml.rs,OpenAI Codex,https://github.com/mochilang/mochi/pull/7063,True,generic_perf,False,True
3128040731,.github/workflows/benchmark_push.yml,OpenAI Codex,https://github.com/thorek1/MacroModelling.jl/pull/114,True,generic_perf,False,True
3128040731,benchmark/getEAdata.R,OpenAI Codex,https://github.com/thorek1/MacroModelling.jl/pull/114,True,generic_perf,False,True
3128040731,benchmark/getEAdata.jl,OpenAI Codex,https://github.com/thorek1/MacroModelling.jl/pull/114,True,generic_perf,False,True
3187677407,BENCHMARK.md,OpenAI Codex,https://github.com/mochilang/mochi/pull/4145,True,generic_perf,False,True
3187677407,BENCHMARK.md,OpenAI Codex,https://github.com/mochilang/mochi/pull/4145,True,generic_perf,False,True
3106398907,jac/jaclang/compiler/passes/main/pyast_load_pass.py,OpenAI Codex,https://github.com/jaseci-labs/jaseci/pull/2011,True,generic_perf,False,True
3106398907,jac/jaclang/compiler/passes/main/pyast_load_pass.py,OpenAI Codex,https://github.com/jaseci-labs/jaseci/pull/2011,True,generic_perf,False,True
3106398907,jac/jaclang/compiler/passes/main/pyast_load_pass.py,OpenAI Codex,https://github.com/jaseci-labs/jaseci/pull/2011,True,generic_perf,False,True
3236834007,tests/machine/x/ocaml/load_yaml.ml,OpenAI Codex,https://github.com/mochilang/mochi/pull/9041,True,generic_perf,False,True
3236503432,tests/vm/valid/load_yaml.pl,OpenAI Codex,https://github.com/mochilang/mochi/pull/8975,True,generic_perf,False,True
3236503432,tests/vm/valid/load_yaml.pl.error,OpenAI Codex,https://github.com/mochilang/mochi/pull/8975,True,generic_perf,False,True
3209830443,tests/machine/x/zig/load_yaml.error,OpenAI Codex,https://github.com/mochilang/mochi/pull/6182,True,generic_perf,False,True
3209830443,tests/machine/x/zig/load_yaml.zig,OpenAI Codex,https://github.com/mochilang/mochi/pull/6182,True,generic_perf,False,True
3222369985,tests/machine/x/java/load_yaml.java,OpenAI Codex,https://github.com/mochilang/mochi/pull/7720,True,generic_perf,False,True
3106446159,jac/jaclang/compiler/passes/main/pyast_load_pass.py,OpenAI Codex,https://github.com/jaseci-labs/jaseci/pull/2012,True,generic_perf,False,True
3250173556,numbagg/test/run_benchmarks.py,Claude Code,https://github.com/numbagg/numbagg/pull/393,True,generic_perf,False,True
3250173556,numbagg/test/test_benchmark.py,Claude Code,https://github.com/numbagg/numbagg/pull/393,True,generic_perf,False,True
3250173556,numbagg/test/test_benchmark.py,Claude Code,https://github.com/numbagg/numbagg/pull/393,True,generic_perf,False,True
3250173556,numbagg/test/test_benchmark.py,Claude Code,https://github.com/numbagg/numbagg/pull/393,True,generic_perf,False,True
3219880512,autogpt_platform/backend/backend/server/routers/file_upload_test.py,Claude Code,https://github.com/Significant-Gravitas/AutoGPT/pull/10340,True,generic_perf,False,True
3219880512,autogpt_platform/backend/backend/server/routers/file_upload_test.py,Claude Code,https://github.com/Significant-Gravitas/AutoGPT/pull/10340,True,generic_perf,False,True
3230351703,src/templates/claude-optimized/.claude/tests/performance/benchmarks.test.js,Claude Code,https://github.com/ruvnet/claude-flow/pull/267,True,generic_perf,False,True
3230351703,tests/hive-mind/performance/benchmark-scenarios.test.js,Claude Code,https://github.com/ruvnet/claude-flow/pull/267,True,generic_perf,False,True
3230351703,tests/optimization/load-testing.test.ts,Claude Code,https://github.com/ruvnet/claude-flow/pull/267,True,generic_perf,False,True
3230351703,tests/performance/benchmark.test.ts,Claude Code,https://github.com/ruvnet/claude-flow/pull/267,True,generic_perf,False,True
3230351703,tests/performance/load-testing.test.ts,Claude Code,https://github.com/ruvnet/claude-flow/pull/267,True,generic_perf,False,True
3230351703,tests/web-ui/performance/LoadTesting.test.js,Claude Code,https://github.com/ruvnet/claude-flow/pull/267,True,generic_perf,False,True
3230351703,.github/workflows/hive-mind-benchmarks.yml,Claude Code,https://github.com/ruvnet/claude-flow/pull/267,True,generic_perf,False,True
3230351703,.github/workflows/hive-mind-benchmarks.yml.disabled,Claude Code,https://github.com/ruvnet/claude-flow/pull/267,True,generic_perf,False,True
3230351703,.github/workflows/hive-mind-benchmarks.yml.disabled.full,Claude Code,https://github.com/ruvnet/claude-flow/pull/267,True,generic_perf,False,True
3230351703,src/coordination/load-balancer.ts,Claude Code,https://github.com/ruvnet/claude-flow/pull/267,True,generic_perf,False,True
3230351703,src/cli/agents/tester.ts,Claude Code,https://github.com/ruvnet/claude-flow/pull/267,False,k6_content_only,True,True
3230351703,src/cli/simple-commands/hive-mind/performance-test.js,Claude Code,https://github.com/ruvnet/claude-flow/pull/267,True,generic_perf,False,True
3226043406,scripts/benchmark-checkNodeVersion.js,Claude Code,https://github.com/promptfoo/promptfoo/pull/4902,True,generic_perf,False,True
3226043406,scripts/benchmark-startup.js,Claude Code,https://github.com/promptfoo/promptfoo/pull/4902,True,generic_perf,False,True
3226043406,scripts/benchmark-checkNodeVersion.js,Claude Code,https://github.com/promptfoo/promptfoo/pull/4902,True,generic_perf,False,True
3226043406,scripts/benchmark-startup.js,Claude Code,https://github.com/promptfoo/promptfoo/pull/4902,True,generic_perf,False,True
3226043406,scripts/benchmark-checkNodeVersion.js,Claude Code,https://github.com/promptfoo/promptfoo/pull/4902,True,generic_perf,False,True
3226043406,scripts/benchmark-startup.js,Claude Code,https://github.com/promptfoo/promptfoo/pull/4902,True,generic_perf,False,True
3226043406,benchmark-results-feat-lazy-load-cli-commands-987353a43.json,Claude Code,https://github.com/promptfoo/promptfoo/pull/4902,True,generic_perf,False,True
3226043406,benchmark-results-main-9a44b0bfe.json,Claude Code,https://github.com/promptfoo/promptfoo/pull/4902,True,generic_perf,False,True
3226043406,scripts/benchmark-commands.js,Claude Code,https://github.com/promptfoo/promptfoo/pull/4902,True,generic_perf,False,True
3226043406,scripts/compare-benchmarks.js,Claude Code,https://github.com/promptfoo/promptfoo/pull/4902,True,generic_perf,False,True
3226043406,benchmark-results-feat-lazy-load-cli-commands-987353a43.json,Claude Code,https://github.com/promptfoo/promptfoo/pull/4902,True,generic_perf,False,True
3226043406,benchmark-results-main-9a44b0bfe.json,Claude Code,https://github.com/promptfoo/promptfoo/pull/4902,True,generic_perf,False,True
3226043406,scripts/benchmark-commands.js,Claude Code,https://github.com/promptfoo/promptfoo/pull/4902,True,generic_perf,False,True
3226043406,scripts/compare-benchmarks.js,Claude Code,https://github.com/promptfoo/promptfoo/pull/4902,True,generic_perf,False,True
3203032594,ruv-swarm/npm/docker/scenarios/high-load-stress.json,Claude Code,https://github.com/ruvnet/ruv-FANN/pull/75,True,generic_perf,False,True
3151798896,zenode/src/tools/grunts-infrastructure/test-runner/performance-benchmark.sh,Claude Code,https://github.com/BeehiveInnovations/zen-mcp-server/pull/65,True,generic_perf,False,True
3250477735,numbagg/test/test_benchmark.py,Claude Code,https://github.com/numbagg/numbagg/pull/397,True,generic_perf,False,True
3154662508,app/models/demo/scenarios/performance_testing.rb,Claude Code,https://github.com/maybe-finance/maybe/pull/2389,True,generic_perf,False,True
3154662508,lib/tasks/benchmarking.rake,Claude Code,https://github.com/maybe-finance/maybe/pull/2389,True,generic_perf,False,True
3138264959,src/evm/prompts/implement-performance-benchmarks.md,Claude Code,https://github.com/evmts/tevm-monorepo/pull/1831,True,generic_perf,False,True
3245454530,src/hooks/usePerformanceMonitor.ts,Claude Code,https://github.com/getAsterisk/claudia/pull/222,False,k6_content_only,True,True
3185859728,.github/workflows/performance-testing.yml,Claude Code,https://github.com/FinAegis/core-banking-prototype-laravel/pull/98,True,generic_perf,False,True
3185859728,database/seeders/LoadTestSeeder.php,Claude Code,https://github.com/FinAegis/core-banking-prototype-laravel/pull/98,True,generic_perf,False,True
3185859728,.github/workflows/performance-testing.yml,Claude Code,https://github.com/FinAegis/core-banking-prototype-laravel/pull/98,True,generic_perf,False,True
3269032263,benches/simd_benchmarks.rs,Claude Code,https://github.com/buger/probe/pull/79,True,generic_perf,False,True
3269032263,benches/simd_benchmarks.rs,Claude Code,https://github.com/buger/probe/pull/79,True,generic_perf,False,True
3138222448,src/evm/prompts/implement-performance-benchmarks.md,Claude Code,https://github.com/evmts/tevm-monorepo/pull/1830,True,generic_perf,False,True
3241545126,numbagg/test/test_benchmark.py,Claude Code,https://github.com/numbagg/numbagg/pull/384,True,generic_perf,False,True
3273752719,src/maestro/agent-reuse/WorkloadMonitor.ts,Claude Code,https://github.com/ruvnet/claude-flow/pull/512,False,k6_content_only,True,True
3193198936,internal/telemetry/benchmark_test.go,Claude Code,https://github.com/tphakala/birdnet-go/pull/841,True,generic_perf,False,True
3193198936,internal/telemetry/optimized_benchmark_test.go,Claude Code,https://github.com/tphakala/birdnet-go/pull/841,True,generic_perf,False,True
3193198936,internal/telemetry/benchmark_test.go,Claude Code,https://github.com/tphakala/birdnet-go/pull/841,True,generic_perf,False,True
3193198936,internal/telemetry/optimized_benchmark_test.go,Claude Code,https://github.com/tphakala/birdnet-go/pull/841,True,generic_perf,False,True
3250080019,microbench/src/main/java/org/apache/pulsar/broker/delayed/bucket/BucketDelayedDeliveryTrackerSimpleBenchmark.java,Claude Code,https://github.com/apache/pulsar/pull/24542,True,generic_perf,False,True
3246684833,numbagg/test/test_benchmark.py,Claude Code,https://github.com/numbagg/numbagg/pull/388,True,generic_perf,False,True
3246684833,numbagg/test/test_benchmark.py,Claude Code,https://github.com/numbagg/numbagg/pull/388,True,generic_perf,False,True
3274362044,spec/onetime/config/after_load_spec.rb,Claude Code,https://github.com/onetimesecret/onetimesecret/pull/1577,True,generic_perf,False,True
3209723205,src/test-utils/performance-test-utils.ts,Claude Code,https://github.com/ruvnet/claude-flow/pull/149,True,generic_perf,False,True
3209723205,src/test-utils/performance-test-utils.ts,Claude Code,https://github.com/ruvnet/claude-flow/pull/149,True,generic_perf,False,True
3209723205,tests/unit/test-cleanup/performance-test-utils.test.ts,Claude Code,https://github.com/ruvnet/claude-flow/pull/149,True,generic_perf,False,True
3209723205,tests/unit/test-cleanup/performance-test-utils.ts,Claude Code,https://github.com/ruvnet/claude-flow/pull/149,True,generic_perf,False,True
3264933329,tests/test_load_collection_unit.py,Claude Code,https://github.com/milvus-io/pymilvus/pull/2911,True,generic_perf,False,True
3220223180,triton_viz/static/load_utils.js,Claude Code,https://github.com/Deep-Learning-Profiling-Tools/triton-viz/pull/86,True,generic_perf,False,True
3220223180,examples/load_store.py,Claude Code,https://github.com/Deep-Learning-Profiling-Tools/triton-viz/pull/86,True,generic_perf,False,True
3220223180,examples/load_store.py,Claude Code,https://github.com/Deep-Learning-Profiling-Tools/triton-viz/pull/86,True,generic_perf,False,True
3220223180,examples/load_store_simple.py,Claude Code,https://github.com/Deep-Learning-Profiling-Tools/triton-viz/pull/86,True,generic_perf,False,True
3220223180,examples/load_store_simple.py,Claude Code,https://github.com/Deep-Learning-Profiling-Tools/triton-viz/pull/86,True,generic_perf,False,True
